run_number,w,t_naturalSubgrade,t_subgradeFill,t_baseAgg,t_baseAC,t_wearingAC,e_naturalSubgrade,density_naturalSubgrade,elasticModulus_naturalSubgrade,poissonsRatio_naturalSubgrade,density_subgradeFill,elasticModulus_subgradeFill,poissonsRatio_subgradeFill,density_baseAgg,elasticModulus_baseAgg,poissonsRatio_baseAgg,density_baseAC,elasticModulus_baseAC,poissonsRatio_baseAC,density_wearingAC,elasticModulus_wearingAC,poissonsRatio_wearingAC,tyrePressure,temperature,saturation,frictionAngle_naturalSubgrade,k_naturalSubgrade,dilationAngle_naturalSubgrade,yieldStress_naturalSubgrade,frictionAngle_subgradeFill,k_subgradeFill,dilationAngle_subgradeFill,yieldStress_subgradeFill,frictionAngle_baseAgg,k_baseAgg,dilationAngle_baseAgg,yieldStress_baseAgg
1,352.635445773572,105.491102700811,20.5660831581497,29.7146489329498,21.4166065772279,27.2789626832687,314.250538837096,1.65893172182185e-09,37.1220742386872,0.462597456576582,1.7656556442661e-09,66.8301240240058,0.415961931504749,2.05712923128325e-09,2629.46312968179,0.191270652841296,8.78727903967755e-10,3302.45878968515,0.35221125175277,2.33681859208825e-09,1448.44353354019,0.253618052523547,109.746342175232,37.3655388658078,0.115791183651475,21.7147780151399,0.993511594627526,7.79214059448734,4.54219557713714,36.1335060612769,0.950934427872262,4.68968371407808,3.97272317335789,39.5955710105094,0.8226029885585,21.144449409571,7.24753891158621
1,352.635445773572,105.491102700811,20.5660831581497,29.7146489329498,21.4166065772279,27.2789626832687,314.250538837096,1.65893172182185e-09,37.1220742386872,0.462597456576582,1.7656556442661e-09,66.8301240240058,0.415961931504749,2.05712923128325e-09,2629.46312968179,0.191270652841296,8.78727903967755e-10,3302.45878968515,0.35221125175277,2.33681859208825e-09,1448.44353354019,0.253618052523547,109.746342175232,37.3655388658078,0.115791183651475,21.7147780151399,0.993511594627526,7.79214059448734,4.54219557713714,36.1335060612769,0.950934427872262,4.68968371407808,3.97272317335789,39.5955710105094,0.8226029885585,21.144449409571,7.24753891158621
2,346.283559906212,111.63591998754,29.8280020409877,20.3444058270486,24.9242962596234,23.9686169186691,367.560307328496,1.79063353445631e-09,35.3596130749436,0.470097035491627,1.64787039659031e-09,61.5407299145731,0.436818111255114,2.5167178585705e-09,2146.63404842388,0.198437766803214,1.15834898486494e-09,2960.27927496406,0.382985560582243,2.02973618494406e-09,1467.16779990889,0.300572446029693,111.840830662054,33.4283718060985,0.371247812938789,28.1973595089006,0.891948083230881,7.7899016659107,2.34178481720282,38.31472965799,0.858303186725671,7.60534230745592,6.95937990120573,36.3894515252176,0.930498408263804,22.7953566577987,4.7576841082002
2,346.283559906212,111.63591998754,29.8280020409877,20.3444058270486,24.9242962596234,23.9686169186691,367.560307328496,1.79063353445631e-09,35.3596130749436,0.470097035491627,1.64787039659031e-09,61.5407299145731,0.436818111255114,2.5167178585705e-09,2146.63404842388,0.198437766803214,1.15834898486494e-09,2960.27927496406,0.382985560582243,2.02973618494406e-09,1467.16779990889,0.300572446029693,111.840830662054,33.4283718060985,0.371247812938789,28.1973595089006,0.891948083230881,7.7899016659107,2.34178481720282,38.31472965799,0.858303186725671,7.60534230745592,6.95937990120573,36.3894515252176,0.930498408263804,22.7953566577987,4.7576841082002
3,310.239771732834,107.242196617125,21.0490288754534,21.6179149070651,28.1095149498903,26.359244346741,369.223849315065,1.76662010757225e-09,39.0139497799278,0.450744935730109,1.85094187085308e-09,66.1468406387874,0.35937921168213,2.10679947128994e-09,2688.08032241556,0.205874457764378,1.14015820485289e-09,2992.83945632136,0.3640422034219,2.14572316860289e-09,1305.84125426218,0.329290302975358,85.4515788966353,38.04101188487,0.121325104974161,25.4445625736357,0.838494657869564,4.8639239976107,3.45766441674285,34.7970643857775,0.789452555426231,7.50140606055639,6.10586559516248,36.6171242181973,0.784045174167434,22.9691346051621,6.28692659446115
3,310.239771732834,107.242196617125,21.0490288754534,21.6179149070651,28.1095149498903,26.359244346741,369.223849315065,1.76662010757225e-09,39.0139497799278,0.450744935730109,1.85094187085308e-09,66.1468406387874,0.35937921168213,2.10679947128994e-09,2688.08032241556,0.205874457764378,1.14015820485289e-09,2992.83945632136,0.3640422034219,2.14572316860289e-09,1305.84125426218,0.329290302975358,85.4515788966353,38.04101188487,0.121325104974161,25.4445625736357,0.838494657869564,4.8639239976107,3.45766441674285,34.7970643857775,0.789452555426231,7.50140606055639,6.10586559516248,36.6171242181973,0.784045174167434,22.9691346051621,6.28692659446115
4,384.606983575755,100.995814009294,20.9606954751136,21.3363680627084,28.2919320344547,24.2585468183874,352.350473758485,1.69520201900119e-09,37.4270235719696,0.412005866451294,1.93594476691414e-09,76.1703340868512,0.421230106912446,2.34588129600504e-09,2103.56041686798,0.195981930804365,1.04437347084658e-09,3378.69447584478,0.31078523709145,2.18256449425901e-09,1456.63417598767,0.344455239184391,114.303758933983,35.947242613733,0.0581662650654798,25.3536952925939,0.970604563619924,5.5078309017115,2.93816286738636,35.2429517207845,0.885880860975934,4.37658906556074,4.02538413674069,42.7480171387448,0.904150957788047,24.9232161214855,7.16093039621579
4,384.606983575755,100.995814009294,20.9606954751136,21.3363680627084,28.2919320344547,24.2585468183874,352.350473758485,1.69520201900119e-09,37.4270235719696,0.412005866451294,1.93594476691414e-09,76.1703340868512,0.421230106912446,2.34588129600504e-09,2103.56041686798,0.195981930804365,1.04437347084658e-09,3378.69447584478,0.31078523709145,2.18256449425901e-09,1456.63417598767,0.344455239184391,114.303758933983,35.947242613733,0.0581662650654798,25.3536952925939,0.970604563619924,5.5078309017115,2.93816286738636,35.2429517207845,0.885880860975934,4.37658906556074,4.02538413674069,42.7480171387448,0.904150957788047,24.9232161214855,7.16093039621579
5,325.883472177292,102.1576624941,26.532995501355,28.6967150143945,22.2238189737246,20.3051788451019,398.36228069882,1.43619551962753e-09,31.5687980454866,0.423710276234341,1.86754824369402e-09,67.261576178284,0.396766280550049,2.00850973652904e-09,2511.90152048551,0.218358832847087,1.12306571792417e-09,2849.50587738482,0.338707300852372,2.38333880557941e-09,1256.44577934335,0.282316977258228,83.4511302414353,25.9352934696094,0.0411697789685518,27.6874656326806,0.826561351118121,3.95257931922554,3.10222643367827,32.669625421562,0.935597476553209,5.72484889425884,3.48942127996848,39.3787106138068,0.949465895349088,25.9706184599588,4.98462296152129
5,325.883472177292,102.1576624941,26.532995501355,28.6967150143945,22.2238189737246,20.3051788451019,398.36228069882,1.43619551962753e-09,31.5687980454866,0.423710276234341,1.86754824369402e-09,67.261576178284,0.396766280550049,2.00850973652904e-09,2511.90152048551,0.218358832847087,1.12306571792417e-09,2849.50587738482,0.338707300852372,2.38333880557941e-09,1256.44577934335,0.282316977258228,83.4511302414353,25.9352934696094,0.0411697789685518,27.6874656326806,0.826561351118121,3.95257931922554,3.10222643367827,32.669625421562,0.935597476553209,5.72484889425884,3.48942127996848,39.3787106138068,0.949465895349088,25.9706184599588,4.98462296152129
6,374.618595994492,101.800971687267,20.0258228918501,28.7337706766276,20.2594917768857,20.858738608924,373.421253779189,1.70359912655272e-09,31.7263748395873,0.404421543522289,1.98462116898534e-09,66.8231807581665,0.371443472068733,2.15022095892724e-09,2156.07074499194,0.197836795559301,1.17656376500752e-09,2728.52546213994,0.36965543980315,2.13101321385236e-09,1566.53757690732,0.328660541002209,80.2212783791576,34.3719121634455,0.855674177028307,27.18817650675,0.82239953845774,7.55451897133208,2.86774889585522,36.0148778286782,0.908950167030212,4.30950130578105,3.21641093541479,37.1624059638832,0.846705553383007,23.4073548748075,4.34642700846123
6,374.618595994492,101.800971687267,20.0258228918501,28.7337706766276,20.2594917768857,20.858738608924,373.421253779189,1.70359912655272e-09,31.7263748395873,0.404421543522289,1.98462116898534e-09,66.8231807581665,0.371443472068733,2.15022095892724e-09,2156.07074499194,0.197836795559301,1.17656376500752e-09,2728.52546213994,0.36965543980315,2.13101321385236e-09,1566.53757690732,0.328660541002209,80.2212783791576,34.3719121634455,0.855674177028307,27.18817650675,0.82239953845774,7.55451897133208,2.86774889585522,36.0148778286782,0.908950167030212,4.30950130578105,3.21641093541479,37.1624059638832,0.846705553383007,23.4073548748075,4.34642700846123
7,335.538940156327,105.064572073587,29.157717091915,28.9811723342903,26.1512360226498,20.8665566802107,301.789110211598,1.54165675719931e-09,32.820324370193,0.447253517753217,1.95903429632818e-09,75.8373268557437,0.428247606261952,2.16912442296404e-09,2585.07807686909,0.210610573399617,9.46128466192663e-10,3246.70523565266,0.320951705662393,2.02901079418558e-09,1477.13860041462,0.250664860990954,94.7754964974547,35.7287573171314,0.680631038746515,24.6584053575775,0.780444592729789,4.77486736272928,3.00870947258971,39.4267438863357,0.798817265941162,7.72995279751142,5.42472694337096,41.2596843362141,0.968632714709394,22.1980193462895,5.6841952816046
7,335.538940156327,105.064572073587,29.157717091915,28.9811723342903,26.1512360226498,20.8665566802107,301.789110211598,1.54165675719931e-09,32.820324370193,0.447253517753217,1.95903429632818e-09,75.8373268557437,0.428247606261952,2.16912442296404e-09,2585.07807686909,0.210610573399617,9.46128466192663e-10,3246.70523565266,0.320951705662393,2.02901079418558e-09,1477.13860041462,0.250664860990954,94.7754964974547,35.7287573171314,0.680631038746515,24.6584053575775,0.780444592729789,4.77486736272928,3.00870947258971,39.4267438863357,0.798817265941162,7.72995279751142,5.42472694337096,41.2596843362141,0.968632714709394,22.1980193462895,5.6841952816046
8,389.057229365357,118.034851095781,23.8809614976892,20.9304102288796,21.1002527103949,23.3143356894695,341.275499961743,1.55813002364745e-09,32.3034119436154,0.413307663677444,1.73351878384088e-09,77.8803681210407,0.377152075910554,2.54401283839118e-09,2196.80452053041,0.190159886166507,8.84995248159358e-10,2652.91804057369,0.366227455147011,2.34844790140677e-09,1504.13055134991,0.293672675763022,86.7384214822108,21.4183939053381,0.0739996405448072,27.7622086107914,0.917963229208603,5.91000908017191,4.12074440938153,38.0129409534626,0.822114269294834,6.55976656180431,5.00814985243333,38.8118491353044,0.950795643075041,29.2090444637174,4.24686057136834
8,389.057229365357,118.034851095781,23.8809614976892,20.9304102288796,21.1002527103949,23.3143356894695,341.275499961743,1.55813002364745e-09,32.3034119436154,0.413307663677444,1.73351878384088e-09,77.8803681210407,0.377152075910554,2.54401283839118e-09,2196.80452053041,0.190159886166507,8.84995248159358e-10,2652.91804057369,0.366227455147011,2.34844790140677e-09,1504.13055134991,0.293672675763022,86.7384214822108,21.4183939053381,0.0739996405448072,27.7622086107914,0.917963229208603,5.91000908017191,4.12074440938153,38.0129409534626,0.822114269294834,6.55976656180431,5.00814985243333,38.8118491353044,0.950795643075041,29.2090444637174,4.24686057136834
9,390.718675231259,114.829461809152,25.2037725661381,22.050117447799,24.6117040281089,21.2480248836635,383.463473307235,1.40758961778627e-09,32.6111095850673,0.442324777913464,1.99346157555668e-09,61.52789461109,0.44483611302347,2.23194250565096e-09,2415.38038877299,0.183115894786265,8.57171497885868e-10,2739.11839752633,0.354848770930164,2.31003674537952e-09,1513.77857593997,0.262263067462672,92.6953067569148,24.7762952447698,0.906024316804145,22.9283387401106,0.993088805712995,4.20090003389771,4.15212398654781,35.3994378679045,0.800141953667086,4.78992408745604,4.96518521526804,44.8248183086401,0.809043404782284,24.8642112276433,7.60224955734674
9,390.718675231259,114.829461809152,25.2037725661381,22.050117447799,24.6117040281089,21.2480248836635,383.463473307235,1.40758961778627e-09,32.6111095850673,0.442324777913464,1.99346157555668e-09,61.52789461109,0.44483611302347,2.23194250565096e-09,2415.38038877299,0.183115894786265,8.57171497885868e-10,2739.11839752633,0.354848770930164,2.31003674537952e-09,1513.77857593997,0.262263067462672,92.6953067569148,24.7762952447698,0.906024316804145,22.9283387401106,0.993088805712995,4.20090003389771,4.15212398654781,35.3994378679045,0.800141953667086,4.78992408745604,4.96518521526804,44.8248183086401,0.809043404782284,24.8642112276433,7.60224955734674
10,393.813128197168,90.0930250305295,29.0465980277108,21.3283426015107,22.0057154118638,21.6786834116917,350.011509589379,1.65138234141028e-09,32.0814990357353,0.45572881954637,1.88593593872507e-09,67.8909980259066,0.371221682498535,2.50246731644297e-09,2714.0517582406,0.190273909666874,1.01570545313146e-09,3478.01684892962,0.393006210904234,2.04684346885168e-09,1244.09574068614,0.263380686214392,86.7224141380364,23.951181134894,0.201970278717471,25.8746536121991,0.996295695591179,7.52644927627789,2.68349828580791,38.4243095001058,0.923334452192738,5.46156196402977,4.45172368450252,44.2820759802038,0.839844361980871,28.5987741607694,6.47949861949357
10,393.813128197168,90.0930250305295,29.0465980277108,21.3283426015107,22.0057154118638,21.6786834116917,350.011509589379,1.65138234141028e-09,32.0814990357353,0.45572881954637,1.88593593872507e-09,67.8909980259066,0.371221682498535,2.50246731644297e-09,2714.0517582406,0.190273909666874,1.01570545313146e-09,3478.01684892962,0.393006210904234,2.04684346885168e-09,1244.09574068614,0.263380686214392,86.7224141380364,23.951181134894,0.201970278717471,25.8746536121991,0.996295695591179,7.52644927627789,2.68349828580791,38.4243095001058,0.923334452192738,5.46156196402977,4.45172368450252,44.2820759802038,0.839844361980871,28.5987741607694,6.47949861949357
11,361.651638266883,97.5705690160484,27.5642609505791,21.024383727363,27.3410854401941,20.6853315706976,335.524144768504,1.59798054047317e-09,30.0325504601736,0.401590628058389,1.72745605771983e-09,79.3265121636284,0.428775228568505,2.01019739519449e-09,2419.6771203904,0.186787746567834,8.96203145169962e-10,2734.99746897,0.325804806756602,2.14763407193711e-09,1487.29493428365,0.342740989171204,97.7107382093722,34.8711645061754,0.286284162951935,29.0738441243614,0.967540381504864,4.37404313163689,4.3460978486305,32.565175680748,0.992456400149266,5.40149688067967,5.23027319616428,43.7936634905337,0.895668423887455,23.0862486996196,5.84664217241334
11,361.651638266883,97.5705690160484,27.5642609505791,21.024383727363,27.3410854401941,20.6853315706976,335.524144768504,1.59798054047317e-09,30.0325504601736,0.401590628058389,1.72745605771983e-09,79.3265121636284,0.428775228568505,2.01019739519449e-09,2419.6771203904,0.186787746567834,8.96203145169962e-10,2734.99746897,0.325804806756602,2.14763407193711e-09,1487.29493428365,0.342740989171204,97.7107382093722,34.8711645061754,0.286284162951935,29.0738441243614,0.967540381504864,4.37404313163689,4.3460978486305,32.565175680748,0.992456400149266,5.40149688067967,5.23027319616428,43.7936634905337,0.895668423887455,23.0862486996196,5.84664217241334
12,380.176343635196,96.5792673931774,21.3683410365948,22.6836139165778,25.3381333231941,26.4378466291973,389.840684816312,1.65682618631708e-09,30.4719756789398,0.441050427269624,1.77019059888744e-09,70.5172600103297,0.385654814884197,2.35613034901135e-09,2135.97365259984,0.216630479753237,1.03505448849031e-09,2742.50276993048,0.35174540200275,2.22863442597801e-09,1282.15639739046,0.271522192575653,101.067838279495,34.4535742405249,0.97982545565232,23.1152689300165,0.941962487510767,5.1497231893357,3.19309083823547,31.1390596251409,0.821755247649411,3.53136190506239,3.69572162280322,43.837712282302,0.845697602976051,20.9682020054885,4.17278088522909
12,380.176343635196,96.5792673931774,21.3683410365948,22.6836139165778,25.3381333231941,26.4378466291973,389.840684816312,1.65682618631708e-09,30.4719756789398,0.441050427269624,1.77019059888744e-09,70.5172600103297,0.385654814884197,2.35613034901135e-09,2135.97365259984,0.216630479753237,1.03505448849031e-09,2742.50276993048,0.35174540200275,2.22863442597801e-09,1282.15639739046,0.271522192575653,101.067838279495,34.4535742405249,0.97982545565232,23.1152689300165,0.941962487510767,5.1497231893357,3.19309083823547,31.1390596251409,0.821755247649411,3.53136190506239,3.69572162280322,43.837712282302,0.845697602976051,20.9682020054885,4.17278088522909
13,373.715330452874,91.1091661808907,20.5028695823801,25.5500912963115,26.1534505578405,22.9184027727788,377.146864416464,1.41643634605292e-09,37.2629902524387,0.461514601345266,1.98595149029655e-09,70.1140384998741,0.381669467964835,2.59024943604373e-09,2468.43507028425,0.185899844893272,1.02546961549162e-09,3214.28913166702,0.307299117480509,2.2133170527541e-09,1535.35943509807,0.261775895287717,116.336151066458,28.8883487019272,0.0254619379712497,24.9412370949763,0.878134748439964,3.29868408682059,3.95000928115503,39.9816374630785,0.789362944050716,3.74862216940361,5.25846235646354,39.084394168748,0.901584584808647,27.0765792517172,7.61862033448604
13,373.715330452874,91.1091661808907,20.5028695823801,25.5500912963115,26.1534505578405,22.9184027727788,377.146864416464,1.41643634605292e-09,37.2629902524387,0.461514601345266,1.98595149029655e-09,70.1140384998741,0.381669467964835,2.59024943604373e-09,2468.43507028425,0.185899844893272,1.02546961549162e-09,3214.28913166702,0.307299117480509,2.2133170527541e-09,1535.35943509807,0.261775895287717,116.336151066458,28.8883487019272,0.0254619379712497,24.9412370949763,0.878134748439964,3.29868408682059,3.95000928115503,39.9816374630785,0.789362944050716,3.74862216940361,5.25846235646354,39.084394168748,0.901584584808647,27.0765792517172,7.61862033448604
14,325.076345218138,90.59161007,23.6912203392896,21.4482290439344,24.3146846163412,25.6955427785055,379.700157774739,1.67274421468974e-09,32.4558806055747,0.479436914813576,1.8204318377756e-09,74.9896638424677,0.40712540574497,2.07782900440099e-09,2012.20146019055,0.214790937810576,1.03838858582055e-09,3474.29649667368,0.315629391451503,2.17763172780696e-09,1536.54586694688,0.339819972145472,114.144635842174,35.9999343680213,0.145007385626643,23.8780233787522,0.876685523366167,7.28790077886392,3.16886842320172,37.2383857915967,0.951904930060808,5.14528135335993,4.7788244955518,44.5862501091345,0.920672282060669,20.7090413034939,4.81843650942113
14,325.076345218138,90.59161007,23.6912203392896,21.4482290439344,24.3146846163412,25.6955427785055,379.700157774739,1.67274421468974e-09,32.4558806055747,0.479436914813576,1.8204318377756e-09,74.9896638424677,0.40712540574497,2.07782900440099e-09,2012.20146019055,0.214790937810576,1.03838858582055e-09,3474.29649667368,0.315629391451503,2.17763172780696e-09,1536.54586694688,0.339819972145472,114.144635842174,35.9999343680213,0.145007385626643,23.8780233787522,0.876685523366167,7.28790077886392,3.16886842320172,37.2383857915967,0.951904930060808,5.14528135335993,4.7788244955518,44.5862501091345,0.920672282060669,20.7090413034939,4.81843650942113
15,393.732078031342,106.811726129861,25.4882980039759,26.5519444274498,23.6499485541653,24.142327205481,318.377825704939,1.7746642312932e-09,37.7222478620681,0.40276087169249,1.66834703334443e-09,60.1071279751489,0.364642491035326,2.38400079647879e-09,2282.89546492935,0.180178691657773,1.00033709745751e-09,2744.94122463696,0.39153184410672,2.30424985729528e-09,1242.90086446145,0.280719174378026,117.893031712418,31.7527843447692,0.396240829592304,20.4444094148716,0.875820072327519,5.26548697437326,2.72109046503254,35.9535447165215,0.831331537791439,3.81437886049542,3.43333240641886,42.9679728542982,0.85647846618479,20.9139875985435,7.84200881696409
15,393.732078031342,106.811726129861,25.4882980039759,26.5519444274498,23.6499485541653,24.142327205481,318.377825704939,1.7746642312932e-09,37.7222478620681,0.40276087169249,1.66834703334443e-09,60.1071279751489,0.364642491035326,2.38400079647879e-09,2282.89546492935,0.180178691657773,1.00033709745751e-09,2744.94122463696,0.39153184410672,2.30424985729528e-09,1242.90086446145,0.280719174378026,117.893031712418,31.7527843447692,0.396240829592304,20.4444094148716,0.875820072327519,5.26548697437326,2.72109046503254,35.9535447165215,0.831331537791439,3.81437886049542,3.43333240641886,42.9679728542982,0.85647846618479,20.9139875985435,7.84200881696409
16,352.803927295366,93.9610135840007,20.2962957687895,23.5965216963825,29.2953009519753,27.6254020669353,385.855947606094,1.6982910852168e-09,36.1627534835337,0.46337126937467,1.66247968199047e-09,73.5976299214987,0.359928064917057,2.30347421616766e-09,2389.75733443461,0.182084865194182,8.26918180634122e-10,3360.07001191225,0.363470190312887,2.16457726833865e-09,1439.87752736442,0.331844954487763,112.528541924906,37.4438612251629,0.897408192697005,22.5302676399989,0.796503557454722,6.61631699374502,2.27652925228405,36.1548457124899,0.891537446961123,3.07309557392523,3.17661564154482,39.5062796588893,0.952643434493556,28.7850203475402,5.76232677402884
16,352.803927295366,93.9610135840007,20.2962957687895,23.5965216963825,29.2953009519753,27.6254020669353,385.855947606094,1.6982910852168e-09,36.1627534835337,0.46337126937467,1.66247968199047e-09,73.5976299214987,0.359928064917057,2.30347421616766e-09,2389.75733443461,0.182084865194182,8.26918180634122e-10,3360.07001191225,0.363470190312887,2.16457726833865e-09,1439.87752736442,0.331844954487763,112.528541924906,37.4438612251629,0.897408192697005,22.5302676399989,0.796503557454722,6.61631699374502,2.27652925228405,36.1548457124899,0.891537446961123,3.07309557392523,3.17661564154482,39.5062796588893,0.952643434493556,28.7850203475402,5.76232677402884
17,311.064182833739,94.8284447083144,20.7600658767449,21.8465679231288,23.9679689969233,25.3899574328448,349.120101396794,1.53601120691378e-09,31.5997275602564,0.404796104019672,1.63548215055325e-09,73.3440669834533,0.425565114943823,2.15451195183223e-09,2131.71638569369,0.201553453584386,1.13863044944082e-09,2621.72915294092,0.337717456590426,2.34776612507726e-09,1216.0615042676,0.320318812059197,87.3642498129625,36.9681879401321,0.636003255541301,27.9533574793029,0.838854401352256,7.99666116051721,2.24500314102502,34.0427189528691,0.850067982090393,7.08247531852931,5.94665654110327,37.9487794259886,0.838294347871036,22.2302656817389,6.51295949839294
17,311.064182833739,94.8284447083144,20.7600658767449,21.8465679231288,23.9679689969233,25.3899574328448,349.120101396794,1.53601120691378e-09,31.5997275602564,0.404796104019672,1.63548215055325e-09,73.3440669834533,0.425565114943823,2.15451195183223e-09,2131.71638569369,0.201553453584386,1.13863044944082e-09,2621.72915294092,0.337717456590426,2.34776612507726e-09,1216.0615042676,0.320318812059197,87.3642498129625,36.9681879401321,0.636003255541301,27.9533574793029,0.838854401352256,7.99666116051721,2.24500314102502,34.0427189528691,0.850067982090393,7.08247531852931,5.94665654110327,37.9487794259886,0.838294347871036,22.2302656817389,6.51295949839294
18,374.515707709333,98.0545735419733,21.0823662947962,21.3218213704412,24.1722392760785,25.3565097696741,328.238472098206,1.7623407592752e-09,30.2669039996447,0.455376035916047,1.7517000712588e-09,72.0741406409863,0.364728191536198,2.03361022973306e-09,2708.12034721507,0.188949769929585,1.05494675537808e-09,3147.26378239941,0.332266747210862,2.25180325329147e-09,1338.38055370195,0.265267600928628,107.200974367919,25.0543410333231,0.210265454144822,29.4511678827711,0.80765295428116,7.49508359338409,2.9777380713271,31.6438514492495,0.970895855658392,7.46466243856409,4.35553221091181,42.4760734659073,0.930840662118022,22.2008741482599,7.2556556442634
18,374.515707709333,98.0545735419733,21.0823662947962,21.3218213704412,24.1722392760785,25.3565097696741,328.238472098206,1.7623407592752e-09,30.2669039996447,0.455376035916047,1.7517000712588e-09,72.0741406409863,0.364728191536198,2.03361022973306e-09,2708.12034721507,0.188949769929585,1.05494675537808e-09,3147.26378239941,0.332266747210862,2.25180325329147e-09,1338.38055370195,0.265267600928628,107.200974367919,25.0543410333231,0.210265454144822,29.4511678827711,0.80765295428116,7.49508359338409,2.9777380713271,31.6438514492495,0.970895855658392,7.46466243856409,4.35553221091181,42.4760734659073,0.930840662118022,22.2008741482599,7.2556556442634
19,337.205873448656,98.0167602542674,29.5421172159566,25.4473200162695,22.6392122898292,24.4302144000058,339.156104877854,1.78618743540072e-09,35.3672213988186,0.411253900635082,1.60169638827466e-09,68.698569714234,0.369672971783121,2.15573736661944e-09,2349.07061733357,0.213427279983165,9.54257224370436e-10,3097.06246781375,0.372160198353142,2.22759339229271e-09,1430.13714832199,0.290828337298547,106.77777518728,38.7512133237231,0.452485789446291,21.9330157556988,0.8209050120706,3.68889099538726,4.27189828544417,34.3163833145845,0.914191413919826,7.86381110788393,5.20666195482797,37.3771784517332,0.953876192732725,21.5073196626112,4.21086047568588
19,337.205873448656,98.0167602542674,29.5421172159566,25.4473200162695,22.6392122898292,24.4302144000058,339.156104877854,1.78618743540072e-09,35.3672213988186,0.411253900635082,1.60169638827466e-09,68.698569714234,0.369672971783121,2.15573736661944e-09,2349.07061733357,0.213427279983165,9.54257224370436e-10,3097.06246781375,0.372160198353142,2.22759339229271e-09,1430.13714832199,0.290828337298547,106.77777518728,38.7512133237231,0.452485789446291,21.9330157556988,0.8209050120706,3.68889099538726,4.27189828544417,34.3163833145845,0.914191413919826,7.86381110788393,5.20666195482797,37.3771784517332,0.953876192732725,21.5073196626112,4.21086047568588
20,397.481538301802,82.838855375419,24.9925431319667,20.0869282203408,25.6129323112507,20.706519972686,348.821152075141,1.67770505543518e-09,38.211263608468,0.413596561085846,1.67493954223517e-09,67.8947497028626,0.444680097039175,2.36005537089441e-09,2538.21038605308,0.183518841252173,1.08277438897601e-09,3101.42183055628,0.381021370059891,2.20743099384071e-09,1325.51737510832,0.349458684241586,85.7632864554703,28.8675642229908,0.134404763541599,20.7067415660279,0.995638769764117,5.12645401108248,3.18190735053331,36.1191864441472,0.903884026853379,7.14621453107148,3.24849290025795,44.534907436438,0.89604468386297,23.1922685774148,7.21891720961441
20,397.481538301802,82.838855375419,24.9925431319667,20.0869282203408,25.6129323112507,20.706519972686,348.821152075141,1.67770505543518e-09,38.211263608468,0.413596561085846,1.67493954223517e-09,67.8947497028626,0.444680097039175,2.36005537089441e-09,2538.21038605308,0.183518841252173,1.08277438897601e-09,3101.42183055628,0.381021370059891,2.20743099384071e-09,1325.51737510832,0.349458684241586,85.7632864554703,28.8675642229908,0.134404763541599,20.7067415660279,0.995638769764117,5.12645401108248,3.18190735053331,36.1191864441472,0.903884026853379,7.14621453107148,3.24849290025795,44.534907436438,0.89604468386297,23.1922685774148,7.21891720961441
21,379.934302216491,118.95070493999,27.6187256575871,21.1183352918686,24.4239111858779,26.4456498584407,315.568907028075,1.63632101320715e-09,31.8870646437345,0.477553488866003,1.7719415955484e-09,71.8909937027062,0.435310743354024,2.41701917958414e-09,2681.76786981171,0.216472843518789,1.157409525906e-09,2612.47605218699,0.394724318108073,2.11525198962841e-09,1538.65196911779,0.313364452559219,109.701721931432,35.3240530441509,0.365525815692408,27.4211894182081,0.990751003575509,4.01185563315424,4.40795273952384,38.385702127724,0.832562149678756,5.27895932168213,5.84893861500353,42.215457758633,0.940488419753207,26.3803641478694,7.58413875483055
21,379.934302216491,118.95070493999,27.6187256575871,21.1183352918686,24.4239111858779,26.4456498584407,315.568907028075,1.63632101320715e-09,31.8870646437345,0.477553488866003,1.7719415955484e-09,71.8909937027062,0.435310743354024,2.41701917958414e-09,2681.76786981171,0.216472843518789,1.157409525906e-09,2612.47605218699,0.394724318108073,2.11525198962841e-09,1538.65196911779,0.313364452559219,109.701721931432,35.3240530441509,0.365525815692408,27.4211894182081,0.990751003575509,4.01185563315424,4.40795273952384,38.385702127724,0.832562149678756,5.27895932168213,5.84893861500353,42.215457758633,0.940488419753207,26.3803641478694,7.58413875483055
22,389.155873279526,111.399966938936,26.5837514904412,29.0448840866561,26.5076777245066,25.3696751544454,386.091452983912,1.43222563241191e-09,35.9740347440858,0.44751613018915,1.87310684935807e-09,67.6350101788543,0.447407169630679,2.19517727377084e-09,2546.44640894288,0.1990058560822,1.09494318056554e-09,3099.67762012156,0.385610499067841,2.25881301249676e-09,1288.29987244719,0.296507083420271,92.7468077333092,36.9060899694475,0.15114632113435,27.2814190968972,0.854342530742986,6.75958255409093,4.68179106203007,38.8215644867715,0.852058354240302,7.06285389635201,3.13928525003751,42.6787436510638,0.992919562139696,27.9139117801325,5.54606383262334
22,389.155873279526,111.399966938936,26.5837514904412,29.0448840866561,26.5076777245066,25.3696751544454,386.091452983912,1.43222563241191e-09,35.9740347440858,0.44751613018915,1.87310684935807e-09,67.6350101788543,0.447407169630679,2.19517727377084e-09,2546.44640894288,0.1990058560822,1.09494318056554e-09,3099.67762012156,0.385610499067841,2.25881301249676e-09,1288.29987244719,0.296507083420271,92.7468077333092,36.9060899694475,0.15114632113435,27.2814190968972,0.854342530742986,6.75958255409093,4.68179106203007,38.8215644867715,0.852058354240302,7.06285389635201,3.13928525003751,42.6787436510638,0.992919562139696,27.9139117801325,5.54606383262334
23,305.254719299605,81.41063492746,23.9174878456429,28.0016081874783,27.3305620305943,23.2287773755421,306.093120171872,1.65018199673193e-09,31.6430919789489,0.429840188931807,1.75839444012283e-09,64.1373329448316,0.373000075480324,2.12631192322143e-09,2700.24360723153,0.208003381855486,1.19179764208764e-09,2636.73852574321,0.301905611214259,2.22931076037011e-09,1430.80086739455,0.295263262013255,106.185480283848,29.8124044037193,0.341830664505945,26.6172595456906,0.82927026807995,6.47439166867493,3.9458367090706,31.4823356064823,0.865775538866882,4.36841407955727,6.53042942750708,36.8558091564104,0.835053077640028,27.6864425275613,5.42736115779651
23,305.254719299605,81.41063492746,23.9174878456429,28.0016081874783,27.3305620305943,23.2287773755421,306.093120171872,1.65018199673193e-09,31.6430919789489,0.429840188931807,1.75839444012283e-09,64.1373329448316,0.373000075480324,2.12631192322143e-09,2700.24360723153,0.208003381855486,1.19179764208764e-09,2636.73852574321,0.301905611214259,2.22931076037011e-09,1430.80086739455,0.295263262013255,106.185480283848,29.8124044037193,0.341830664505945,26.6172595456906,0.82927026807995,6.47439166867493,3.9458367090706,31.4823356064823,0.865775538866882,4.36841407955727,6.53042942750708,36.8558091564104,0.835053077640028,27.6864425275613,5.42736115779651
24,365.434857278154,88.3055849561603,28.4728855998864,25.5955351163022,29.2419587960762,20.6625787528368,394.832588821906,1.70176064840982e-09,33.4903110035104,0.440178048305398,1.77672990983048e-09,76.2499742936404,0.409127946730446,2.1883555253719e-09,2009.9202623177,0.193056755394346,8.38319073879847e-10,2934.20700154921,0.371755909258733,2.09270182190007e-09,1498.10788382133,0.300699018233843,119.261921329357,39.7711050153879,0.451691926862885,24.4271090288779,0.972594971614043,4.11821282962882,3.35040862649088,32.0625861738562,0.885328789794031,4.1161749699626,5.34554609071469,43.7424053154734,0.906452814978472,20.2173491484095,7.61516014250905
24,365.434857278154,88.3055849561603,28.4728855998864,25.5955351163022,29.2419587960762,20.6625787528368,394.832588821906,1.70176064840982e-09,33.4903110035104,0.440178048305398,1.77672990983048e-09,76.2499742936404,0.409127946730446,2.1883555253719e-09,2009.9202623177,0.193056755394346,8.38319073879847e-10,2934.20700154921,0.371755909258733,2.09270182190007e-09,1498.10788382133,0.300699018233843,119.261921329357,39.7711050153879,0.451691926862885,24.4271090288779,0.972594971614043,4.11821282962882,3.35040862649088,32.0625861738562,0.885328789794031,4.1161749699626,5.34554609071469,43.7424053154734,0.906452814978472,20.2173491484095,7.61516014250905
25,349.662563586611,92.1634309804931,28.577786304524,21.583453175529,26.7197140212141,24.1917705612067,399.049763965616,1.5282546954056e-09,36.1728331692081,0.435701563392448,1.71938269909752e-09,68.9291306076711,0.369800825552039,2.11918365820166e-09,2514.25103424829,0.188285312558664,9.58526217043517e-10,2743.67957498482,0.322528079953439,2.10217960236329e-09,1351.89518553251,0.280051067898652,104.337944394361,39.1444734865928,0.297955817370754,29.0869992276742,0.858529295024963,6.70797253332156,4.05320251520657,34.1884792651359,0.924233756714061,7.64683781294949,4.33437161535093,44.6080680388578,0.97984172057877,26.9988573132735,5.45964661505174
25,349.662563586611,92.1634309804931,28.577786304524,21.583453175529,26.7197140212141,24.1917705612067,399.049763965616,1.5282546954056e-09,36.1728331692081,0.435701563392448,1.71938269909752e-09,68.9291306076711,0.369800825552039,2.11918365820166e-09,2514.25103424829,0.188285312558664,9.58526217043517e-10,2743.67957498482,0.322528079953439,2.10217960236329e-09,1351.89518553251,0.280051067898652,104.337944394361,39.1444734865928,0.297955817370754,29.0869992276742,0.858529295024963,6.70797253332156,4.05320251520657,34.1884792651359,0.924233756714061,7.64683781294949,4.33437161535093,44.6080680388578,0.97984172057877,26.9988573132735,5.45964661505174
26,327.996287383767,93.3458611116128,21.2152232857734,28.7870983383199,25.1056198489187,25.9720973700827,341.12450082745,1.44466378237251e-09,36.2593672818664,0.463305598423293,1.98484602654712e-09,69.6238876389012,0.383830969422859,2.03516022940207e-09,2474.53198801629,0.204389654666088,1.0573166031315e-09,2685.74620533283,0.375677099418741,2.28859948546439e-09,1526.75608516116,0.309559736297447,112.271811292894,24.2049046922799,0.982405087322461,26.0109882966139,0.923491706744879,5.80108105676088,3.62517517028986,36.396244386634,0.918274804169568,4.60933723621447,5.15165401695538,44.5477526568888,0.818562339185249,20.7020878386155,5.96374210535506
26,327.996287383767,93.3458611116128,21.2152232857734,28.7870983383199,25.1056198489187,25.9720973700827,341.12450082745,1.44466378237251e-09,36.2593672818664,0.463305598423293,1.98484602654712e-09,69.6238876389012,0.383830969422859,2.03516022940207e-09,2474.53198801629,0.204389654666088,1.0573166031315e-09,2685.74620533283,0.375677099418741,2.28859948546439e-09,1526.75608516116,0.309559736297447,112.271811292894,24.2049046922799,0.982405087322461,26.0109882966139,0.923491706744879,5.80108105676088,3.62517517028986,36.396244386634,0.918274804169568,4.60933723621447,5.15165401695538,44.5477526568888,0.818562339185249,20.7020878386155,5.96374210535506
27,390.63727156423,96.1731706028837,21.8024175992444,26.5798760771331,26.0965871421067,25.5074911137525,331.269488279838,1.69859106914684e-09,32.9975253290781,0.443944832504884,1.82220151624165e-09,79.8117095299733,0.431089283657927,2.4344325358468e-09,2225.41007700666,0.202278138267097,8.85501132619846e-10,3118.90735941084,0.395846269529204,2.34188209378141e-09,1380.54729792552,0.269581338238099,115.275905445862,32.9465316938109,0.344199478454211,29.3977675497064,0.805068613289783,5.94147789791795,3.1884322308623,31.0732867169311,0.85732933482749,3.89858931720683,5.95748992505908,35.6242366873649,0.815843249675907,20.6646199022538,5.05730367433562
27,390.63727156423,96.1731706028837,21.8024175992444,26.5798760771331,26.0965871421067,25.5074911137525,331.269488279838,1.69859106914684e-09,32.9975253290781,0.443944832504884,1.82220151624165e-09,79.8117095299733,0.431089283657927,2.4344325358468e-09,2225.41007700666,0.202278138267097,8.85501132619846e-10,3118.90735941084,0.395846269529204,2.34188209378141e-09,1380.54729792552,0.269581338238099,115.275905445862,32.9465316938109,0.344199478454211,29.3977675497064,0.805068613289783,5.94147789791795,3.1884322308623,31.0732867169311,0.85732933482749,3.89858931720683,5.95748992505908,35.6242366873649,0.815843249675907,20.6646199022538,5.05730367433562
28,355.3405809988,102.768701746274,29.1068363418507,23.9927128291066,27.9483087465509,22.6172290764648,331.233660305993,1.60835087924047e-09,35.3410669142453,0.47039085702989,1.82405255371299e-09,71.891731443727,0.378822788377091,2.01246272375396e-09,2712.52652327025,0.20102262483378,8.6558799135277e-10,2654.27046659932,0.340963956781042,2.0620763452853e-09,1300.34821530529,0.317934596592679,111.272243693517,29.3703710873088,0.876865987114999,28.5531800095622,0.879381505695012,4.98273475584379,2.72143413060709,32.8684247429171,0.87939607108587,3.76686783419025,5.1095446916484,43.9665199570986,0.865482349043412,20.9116250403155,7.32360446937759
28,355.3405809988,102.768701746274,29.1068363418507,23.9927128291066,27.9483087465509,22.6172290764648,331.233660305993,1.60835087924047e-09,35.3410669142453,0.47039085702989,1.82405255371299e-09,71.891731443727,0.378822788377091,2.01246272375396e-09,2712.52652327025,0.20102262483378,8.6558799135277e-10,2654.27046659932,0.340963956781042,2.0620763452853e-09,1300.34821530529,0.317934596592679,111.272243693517,29.3703710873088,0.876865987114999,28.5531800095622,0.879381505695012,4.98273475584379,2.72143413060709,32.8684247429171,0.87939607108587,3.76686783419025,5.1095446916484,43.9665199570986,0.865482349043412,20.9116250403155,7.32360446937759
29,365.859759494414,118.799061655507,28.7398227268884,23.3509545061061,28.695151765193,27.7791445147395,350.722756168877,1.61906213125158e-09,39.3331719982432,0.416955499168727,1.60224059367112e-09,77.5487243384948,0.358669674173427,2.38589813356034e-09,2355.76470985023,0.217471810316218,9.50966057703966e-10,3385.28408480002,0.399083624881738,2.17589621351339e-09,1536.34273112719,0.321056883850216,112.268624812124,33.8505857743913,0.84489725322638,21.5505487811665,0.907755409557531,7.18278773367172,2.6674038376433,30.2658664391416,0.821891225577708,7.71172720715792,4.47070241853662,37.0511856142103,0.970176298668809,20.5299146474906,4.42426116759522
29,365.859759494414,118.799061655507,28.7398227268884,23.3509545061061,28.695151765193,27.7791445147395,350.722756168877,1.61906213125158e-09,39.3331719982432,0.416955499168727,1.60224059367112e-09,77.5487243384948,0.358669674173427,2.38589813356034e-09,2355.76470985023,0.217471810316218,9.50966057703966e-10,3385.28408480002,0.399083624881738,2.17589621351339e-09,1536.34273112719,0.321056883850216,112.268624812124,33.8505857743913,0.84489725322638,21.5505487811665,0.907755409557531,7.18278773367172,2.6674038376433,30.2658664391416,0.821891225577708,7.71172720715792,4.47070241853662,37.0511856142103,0.970176298668809,20.5299146474906,4.42426116759522
30,385.225928962059,90.2078303547519,28.7580581113394,21.5597172480807,21.7845467846638,22.5947087827143,334.741926182232,1.64842403184263e-09,31.7223924501557,0.412938698319496,1.94630039530591e-09,67.9971094439852,0.414811026707335,2.28180145363793e-09,2687.90062499774,0.214755769739663,8.97704281390329e-10,3223.43219992999,0.345164906530366,2.34183583953636e-09,1516.70234230345,0.30397600862728,114.502651493882,26.9206010381523,0.104420419575906,26.8093079346444,0.920236735717567,7.1777567962071,3.87154790159669,35.3764600722252,0.803909036499767,4.96208004552068,6.20559916879517,42.7812769513879,0.811007403878779,29.800403700126,7.8259655889523
30,385.225928962059,90.2078303547519,28.7580581113394,21.5597172480807,21.7845467846638,22.5947087827143,334.741926182232,1.64842403184263e-09,31.7223924501557,0.412938698319496,1.94630039530591e-09,67.9971094439852,0.414811026707335,2.28180145363793e-09,2687.90062499774,0.214755769739663,8.97704281390329e-10,3223.43219992999,0.345164906530366,2.34183583953636e-09,1516.70234230345,0.30397600862728,114.502651493882,26.9206010381523,0.104420419575906,26.8093079346444,0.920236735717567,7.1777567962071,3.87154790159669,35.3764600722252,0.803909036499767,4.96208004552068,6.20559916879517,42.7812769513879,0.811007403878779,29.800403700126,7.8259655889523
31,353.343914798184,95.7702767374339,25.5341874331242,28.1097355499535,20.775454637218,28.8969404313739,385.923482418068,1.5536408321658e-09,39.7320205724975,0.400025516301366,1.81430168361325e-09,64.5036192693833,0.362512361374829,2.37657729002892e-09,2663.62580073358,0.206345391422389,1.014443527905e-09,2997.20411712459,0.333692990232511,2.09168920698846e-09,1443.76674105987,0.309161809399441,106.172586269487,37.9005238400271,0.155447746347832,22.2213317374863,0.809902837849241,7.84243482907368,2.14862477331452,31.7877047979119,0.99524940615702,3.97705257254943,4.53845326875397,37.1197131601806,0.899353426038773,27.1421039578706,4.05761665059614
31,353.343914798184,95.7702767374339,25.5341874331242,28.1097355499535,20.775454637218,28.8969404313739,385.923482418068,1.5536408321658e-09,39.7320205724975,0.400025516301366,1.81430168361325e-09,64.5036192693833,0.362512361374829,2.37657729002892e-09,2663.62580073358,0.206345391422389,1.014443527905e-09,2997.20411712459,0.333692990232511,2.09168920698846e-09,1443.76674105987,0.309161809399441,106.172586269487,37.9005238400271,0.155447746347832,22.2213317374863,0.809902837849241,7.84243482907368,2.14862477331452,31.7877047979119,0.99524940615702,3.97705257254943,4.53845326875397,37.1197131601806,0.899353426038773,27.1421039578706,4.05761665059614
32,350.420979101714,88.6535168528442,23.0812213637766,22.9862511912532,21.4037599352834,27.6043038719748,390.072171499432,1.46331090232686e-09,32.4091290280301,0.440615039578325,1.77176686978057e-09,74.0826940231983,0.395800708425378,2.05175734013197e-09,2556.40056890442,0.181479664355001,9.01236864765327e-10,2589.71529739284,0.353952589588513,2.04243317096617e-09,1444.0230409847,0.335069677282051,110.117315189757,25.6022716690514,0.874248251221436,29.0669906386605,0.818656888793936,7.46026415213201,3.27214798055762,31.7410501386644,0.781528789821588,5.63644984770889,3.00764709387903,42.1382267571645,0.911600636034962,23.3044131849638,6.99906631396403
32,350.420979101714,88.6535168528442,23.0812213637766,22.9862511912532,21.4037599352834,27.6043038719748,390.072171499432,1.46331090232686e-09,32.4091290280301,0.440615039578325,1.77176686978057e-09,74.0826940231983,0.395800708425378,2.05175734013197e-09,2556.40056890442,0.181479664355001,9.01236864765327e-10,2589.71529739284,0.353952589588513,2.04243317096617e-09,1444.0230409847,0.335069677282051,110.117315189757,25.6022716690514,0.874248251221436,29.0669906386605,0.818656888793936,7.46026415213201,3.27214798055762,31.7410501386644,0.781528789821588,5.63644984770889,3.00764709387903,42.1382267571645,0.911600636034962,23.3044131849638,6.99906631396403
33,338.289242546808,112.17405236606,25.6179725293716,28.8713011267343,28.6952890167719,23.4604728478903,325.060373196336,1.74848133229871e-09,31.1336043253764,0.432960966147343,1.73203925733658e-09,72.7256167199157,0.384205437147356,2.05061072369437e-09,2080.02337929617,0.217005987360406,9.1537197847928e-10,2635.77731263909,0.397081651126518,2.28043035636328e-09,1506.8579331346,0.308958613840233,109.607126259265,25.7546080110125,0.0605611546681719,22.8691990418208,0.970412316002482,6.94090826637774,2.91265217959727,30.3148355373686,0.784767478625107,6.27145337905016,6.24680897355569,43.1745156002038,0.856610676233625,20.8729927418432,7.06170570198463
33,338.289242546808,112.17405236606,25.6179725293716,28.8713011267343,28.6952890167719,23.4604728478903,325.060373196336,1.74848133229871e-09,31.1336043253764,0.432960966147343,1.73203925733658e-09,72.7256167199157,0.384205437147356,2.05061072369437e-09,2080.02337929617,0.217005987360406,9.1537197847928e-10,2635.77731263909,0.397081651126518,2.28043035636328e-09,1506.8579331346,0.308958613840233,109.607126259265,25.7546080110125,0.0605611546681719,22.8691990418208,0.970412316002482,6.94090826637774,2.91265217959727,30.3148355373686,0.784767478625107,6.27145337905016,6.24680897355569,43.1745156002038,0.856610676233625,20.8729927418432,7.06170570198463
34,361.062777687233,81.4376287496652,28.6645324404558,24.2808956819427,27.5853641201252,27.1062305968922,361.300577220881,1.49239349904629e-09,30.7377066414442,0.463190083841252,1.64019546426474e-09,64.6275819809838,0.442425220240462,2.0410913013302e-09,2071.23065931794,0.195664311281364,1.15835056056635e-09,2750.32183480583,0.348951515179736,2.02316628474315e-09,1206.72469116091,0.326066975524881,105.990732192035,28.8372720225301,0.0242080484197171,21.0411730433956,0.872809703250152,5.15927579934957,2.32406550251444,32.2944613503206,0.823776805138646,6.27294058760359,5.50339202836639,40.4103872318768,0.953862500572024,24.9859126743919,5.99947844957194
34,361.062777687233,81.4376287496652,28.6645324404558,24.2808956819427,27.5853641201252,27.1062305968922,361.300577220881,1.49239349904629e-09,30.7377066414442,0.463190083841252,1.64019546426474e-09,64.6275819809838,0.442425220240462,2.0410913013302e-09,2071.23065931794,0.195664311281364,1.15835056056635e-09,2750.32183480583,0.348951515179736,2.02316628474315e-09,1206.72469116091,0.326066975524881,105.990732192035,28.8372720225301,0.0242080484197171,21.0411730433956,0.872809703250152,5.15927579934957,2.32406550251444,32.2944613503206,0.823776805138646,6.27294058760359,5.50339202836639,40.4103872318768,0.953862500572024,24.9859126743919,5.99947844957194
35,330.053934480667,95.1925168530064,27.1368557521688,25.2589129887541,27.2792866369714,21.7333627334815,351.80012570218,1.57257483766949e-09,38.2310747043585,0.411549970022418,1.89712348033866e-09,70.8872191132865,0.350213415936395,2.29061646985527e-09,2291.66763667644,0.190386341679526,1.1809507203863e-09,3473.17325600079,0.36440080380134,2.05749649043714e-09,1269.54214708135,0.26600325922479,98.185001207816,38.248948940203,0.510619562182997,23.6240048914681,0.784872273308682,6.31485434487132,3.24982761372792,39.2411138498015,0.975389245155129,3.71083591913763,4.70936348669575,40.3116334730552,0.92542812614615,22.0799666953845,6.77036588400221
35,330.053934480667,95.1925168530064,27.1368557521688,25.2589129887541,27.2792866369714,21.7333627334815,351.80012570218,1.57257483766949e-09,38.2310747043585,0.411549970022418,1.89712348033866e-09,70.8872191132865,0.350213415936395,2.29061646985527e-09,2291.66763667644,0.190386341679526,1.1809507203863e-09,3473.17325600079,0.36440080380134,2.05749649043714e-09,1269.54214708135,0.26600325922479,98.185001207816,38.248948940203,0.510619562182997,23.6240048914681,0.784872273308682,6.31485434487132,3.24982761372792,39.2411138498015,0.975389245155129,3.71083591913763,4.70936348669575,40.3116334730552,0.92542812614615,22.0799666953845,6.77036588400221
36,304.545907253207,108.214242092886,29.069441615778,28.2902485152137,24.2983159003419,29.7359793389548,328.703640813,1.68837423237185e-09,36.7204461570549,0.470155162484371,1.65584580616728e-09,75.5484911708454,0.446426203879602,2.30450925808262e-09,2483.59532727771,0.191557455407939,1.0175064073962e-09,2568.35273559965,0.383329200618022,2.2028138840696e-09,1431.31128448381,0.289757343396554,88.6988569293843,36.0498197715785,0.272846942991955,27.3642619981092,0.7802994924802,3.62275849050345,4.92461098206923,34.5779835130942,0.957623119049929,5.02102342929102,4.39954209448964,41.8841660577888,0.996909265328737,28.819014126645,7.85071242605172
36,304.545907253207,108.214242092886,29.069441615778,28.2902485152137,24.2983159003419,29.7359793389548,328.703640813,1.68837423237185e-09,36.7204461570549,0.470155162484371,1.65584580616728e-09,75.5484911708454,0.446426203879602,2.30450925808262e-09,2483.59532727771,0.191557455407939,1.0175064073962e-09,2568.35273559965,0.383329200618022,2.2028138840696e-09,1431.31128448381,0.289757343396554,88.6988569293843,36.0498197715785,0.272846942991955,27.3642619981092,0.7802994924802,3.62275849050345,4.92461098206923,34.5779835130942,0.957623119049929,5.02102342929102,4.39954209448964,41.8841660577888,0.996909265328737,28.819014126645,7.85071242605172
37,339.859649603742,110.963253410577,21.4138978979165,22.0333237990423,21.495929226622,25.6556825313449,321.131001103893,1.43137427356415e-09,31.8074091319418,0.452671160213952,1.7794034525181e-09,68.7912142649413,0.373197596326391,2.19886371783484e-09,2032.55960057859,0.189544292128361,1.12301416272046e-09,3090.73183863792,0.369362420215339,2.32012862438481e-09,1565.48594257715,0.257992136780737,104.742730612032,33.8798765029632,0.155062833685061,22.2812821361413,0.888217397923048,6.07234485405014,4.72734871501136,38.2736911373944,0.851043150043839,3.26827817938879,6.64649360442974,44.6936737673701,0.921463160016214,29.4531243144965,4.13738696771573
37,339.859649603742,110.963253410577,21.4138978979165,22.0333237990423,21.495929226622,25.6556825313449,321.131001103893,1.43137427356415e-09,31.8074091319418,0.452671160213952,1.7794034525181e-09,68.7912142649413,0.373197596326391,2.19886371783484e-09,2032.55960057859,0.189544292128361,1.12301416272046e-09,3090.73183863792,0.369362420215339,2.32012862438481e-09,1565.48594257715,0.257992136780737,104.742730612032,33.8798765029632,0.155062833685061,22.2812821361413,0.888217397923048,6.07234485405014,4.72734871501136,38.2736911373944,0.851043150043839,3.26827817938879,6.64649360442974,44.6936737673701,0.921463160016214,29.4531243144965,4.13738696771573
38,353.040298810623,100.140406902229,26.2550856541885,20.7486546696402,22.277757415685,21.2869296002671,340.590561288096,1.59132037560003e-09,31.3146458302643,0.429664226205303,1.98566120552673e-09,64.387761002609,0.367371940801931,2.56079019068093e-09,2503.39532706161,0.217567624368477,9.16251270694773e-10,3310.14492747123,0.399574919260076,2.04278139427788e-09,1442.98141877239,0.253133458473527,88.740962888847,24.577034278634,0.129530244939845,29.0092868623206,0.985043241421524,3.99363367937992,2.99025887122795,30.2415650748219,0.857785113335335,7.20306599620962,4.81766287539997,35.9230238508153,0.979229683314367,28.8359014798023,6.55266372233837
38,353.040298810623,100.140406902229,26.2550856541885,20.7486546696402,22.277757415685,21.2869296002671,340.590561288096,1.59132037560003e-09,31.3146458302643,0.429664226205303,1.98566120552673e-09,64.387761002609,0.367371940801931,2.56079019068093e-09,2503.39532706161,0.217567624368477,9.16251270694773e-10,3310.14492747123,0.399574919260076,2.04278139427788e-09,1442.98141877239,0.253133458473527,88.740962888847,24.577034278634,0.129530244939845,29.0092868623206,0.985043241421524,3.99363367937992,2.99025887122795,30.2415650748219,0.857785113335335,7.20306599620962,4.81766287539997,35.9230238508153,0.979229683314367,28.8359014798023,6.55266372233837
39,319.029461732586,112.940170885881,25.8683635684317,22.3392204531757,20.1505161955588,27.5222129420789,321.949287392991,1.71771397199416e-09,30.1332453268744,0.477028687803904,1.91202785153766e-09,77.1576340680558,0.406028069105233,2.20397363173729e-09,2121.00021645673,0.180384318508547,1.12972918804972e-09,2761.99889924967,0.363787269473012,2.10619200455865e-09,1271.4192751382,0.32302326464841,93.7075529518289,36.3397946860482,0.930764278027806,24.4294034112469,0.917652885497439,7.03751434116375,2.174272719036,36.2928975016625,0.93251584171861,6.94252116812262,5.99809527160397,42.2701211933834,0.855746703562881,26.3763326881653,5.28254368636492
39,319.029461732586,112.940170885881,25.8683635684317,22.3392204531757,20.1505161955588,27.5222129420789,321.949287392991,1.71771397199416e-09,30.1332453268744,0.477028687803904,1.91202785153766e-09,77.1576340680558,0.406028069105233,2.20397363173729e-09,2121.00021645673,0.180384318508547,1.12972918804972e-09,2761.99889924967,0.363787269473012,2.10619200455865e-09,1271.4192751382,0.32302326464841,93.7075529518289,36.3397946860482,0.930764278027806,24.4294034112469,0.917652885497439,7.03751434116375,2.174272719036,36.2928975016625,0.93251584171861,6.94252116812262,5.99809527160397,42.2701211933834,0.855746703562881,26.3763326881653,5.28254368636492
40,301.805278103492,95.2646630383568,20.7959413002558,23.6533552584956,29.9781730614542,26.2028972700964,382.457077251558,1.44001238125426e-09,35.6673858479181,0.413099614940881,1.64127395511878e-09,65.0490819775555,0.441916422019059,2.39266355042784e-09,2552.43359037246,0.218065828202863,1.18793854234513e-09,2523.31142350089,0.399406401491325,2.02607602533949e-09,1392.59894316689,0.327363260156077,107.124107969239,25.903006905875,0.857644094285554,22.140128501775,0.960071526560577,7.76655646940148,2.47229099995593,35.3069525967423,0.934648516830578,4.86300015374586,5.76055994296692,44.3068408809101,0.82655084618615,24.6738375770081,5.27921361547151
40,301.805278103492,95.2646630383568,20.7959413002558,23.6533552584956,29.9781730614542,26.2028972700964,382.457077251558,1.44001238125426e-09,35.6673858479181,0.413099614940881,1.64127395511878e-09,65.0490819775555,0.441916422019059,2.39266355042784e-09,2552.43359037246,0.218065828202863,1.18793854234513e-09,2523.31142350089,0.399406401491325,2.02607602533949e-09,1392.59894316689,0.327363260156077,107.124107969239,25.903006905875,0.857644094285554,22.140128501775,0.960071526560577,7.76655646940148,2.47229099995593,35.3069525967423,0.934648516830578,4.86300015374586,5.76055994296692,44.3068408809101,0.82655084618615,24.6738375770081,5.27921361547151
41,334.145984769322,118.488035670131,22.8446150050285,22.851809960046,28.4692157725449,26.9796197487161,301.453765616614,1.51336210277423e-09,37.023307563067,0.444953324959735,1.65667740365338e-09,66.1318214447323,0.414145943191773,2.23655858836827e-09,2468.93494498013,0.194748231950542,8.32202912578041e-10,3208.94777917081,0.341717229023281,2.24278562518709e-09,1373.35494807425,0.272621432618947,87.5212379480811,24.1520279155871,0.945176055075267,21.8357328253425,0.896343834612384,7.87785165830603,3.76524819869791,30.8333640760547,0.798607433547951,3.9286900248907,5.19866105064562,41.7251297488499,0.904663390929287,27.1685331223403,5.49299809379543
41,334.145984769322,118.488035670131,22.8446150050285,22.851809960046,28.4692157725449,26.9796197487161,301.453765616614,1.51336210277423e-09,37.023307563067,0.444953324959735,1.65667740365338e-09,66.1318214447323,0.414145943191773,2.23655858836827e-09,2468.93494498013,0.194748231950542,8.32202912578041e-10,3208.94777917081,0.341717229023281,2.24278562518709e-09,1373.35494807425,0.272621432618947,87.5212379480811,24.1520279155871,0.945176055075267,21.8357328253425,0.896343834612384,7.87785165830603,3.76524819869791,30.8333640760547,0.798607433547951,3.9286900248907,5.19866105064562,41.7251297488499,0.904663390929287,27.1685331223403,5.49299809379543
42,373.613765645057,114.341896297028,29.2136216800493,22.444222714792,24.9302971191073,26.205546624233,361.162568838638,1.44841068493048e-09,33.8037123777746,0.468505779959474,1.85818353014452e-09,68.3730478815775,0.404195718606182,2.14746138806501e-09,2340.45496600586,0.202589507356969,9.87383463025858e-10,3191.60972421943,0.394344936881109,2.27978079102112e-09,1303.3734083525,0.28735434295852,110.439309482342,38.7256289193962,0.924464802158298,20.2587848662103,0.823297894606218,4.02978747861256,4.92284847513403,30.7834465012727,0.999363218760052,4.59386102395448,4.58748768289852,38.5387385111573,0.917049243847618,27.4020080735348,4.00307126874616
42,373.613765645057,114.341896297028,29.2136216800493,22.444222714792,24.9302971191073,26.205546624233,361.162568838638,1.44841068493048e-09,33.8037123777746,0.468505779959474,1.85818353014452e-09,68.3730478815775,0.404195718606182,2.14746138806501e-09,2340.45496600586,0.202589507356969,9.87383463025858e-10,3191.60972421943,0.394344936881109,2.27978079102112e-09,1303.3734083525,0.28735434295852,110.439309482342,38.7256289193962,0.924464802158298,20.2587848662103,0.823297894606218,4.02978747861256,4.92284847513403,30.7834465012727,0.999363218760052,4.59386102395448,4.58748768289852,38.5387385111573,0.917049243847618,27.4020080735348,4.00307126874616
43,394.528147238334,82.9228792649819,26.9498601818635,29.7388436041138,21.4170723935408,23.5715625395615,342.133081926967,1.42732458454267e-09,33.021735757466,0.45968576788819,1.64082038128393e-09,61.3771518708463,0.409837836279743,2.48477355514534e-09,2357.69311288046,0.205329930547485,8.96416248404481e-10,2815.52828809448,0.311169991399056,2.21409983143145e-09,1452.45083139358,0.272535866621717,106.548430830452,20.7381176158649,0.227380228754722,20.3973614161179,0.784833157449534,4.51897542384295,3.15817100645865,32.6795801551142,0.944018213290274,3.2264746849929,3.38802709627318,39.6872699647956,0.801085654161868,28.356515385819,7.37648907972121
43,394.528147238334,82.9228792649819,26.9498601818635,29.7388436041138,21.4170723935408,23.5715625395615,342.133081926967,1.42732458454267e-09,33.021735757466,0.45968576788819,1.64082038128393e-09,61.3771518708463,0.409837836279743,2.48477355514534e-09,2357.69311288046,0.205329930547485,8.96416248404481e-10,2815.52828809448,0.311169991399056,2.21409983143145e-09,1452.45083139358,0.272535866621717,106.548430830452,20.7381176158649,0.227380228754722,20.3973614161179,0.784833157449534,4.51897542384295,3.15817100645865,32.6795801551142,0.944018213290274,3.2264746849929,3.38802709627318,39.6872699647956,0.801085654161868,28.356515385819,7.37648907972121
44,344.228632637009,114.452609072773,22.1717879564701,25.4461819441329,29.9765468391705,27.1381367804363,303.740451081815,1.43144277078184e-09,39.503549804431,0.428914670584193,1.99042219238169e-09,75.2549379300347,0.417978202109763,2.35156878402929e-09,2775.62540047936,0.2130333133446,1.08557861912066e-09,2756.18659349583,0.305148375466987,2.08111274161569e-09,1228.73605486006,0.344469877764323,116.36191846378,23.3731810300415,0.692228064701665,27.0226158538043,0.961879815685497,7.74363291445121,2.24402305873085,32.3365820145141,0.953764893154151,5.38954488306211,4.60892478603868,38.5857603558269,0.96713402685881,22.3144859467705,5.85658695263355
44,344.228632637009,114.452609072773,22.1717879564701,25.4461819441329,29.9765468391705,27.1381367804363,303.740451081815,1.43144277078184e-09,39.503549804431,0.428914670584193,1.99042219238169e-09,75.2549379300347,0.417978202109763,2.35156878402929e-09,2775.62540047936,0.2130333133446,1.08557861912066e-09,2756.18659349583,0.305148375466987,2.08111274161569e-09,1228.73605486006,0.344469877764323,116.36191846378,23.3731810300415,0.692228064701665,27.0226158538043,0.961879815685497,7.74363291445121,2.24402305873085,32.3365820145141,0.953764893154151,5.38954488306211,4.60892478603868,38.5857603558269,0.96713402685881,22.3144859467705,5.85658695263355
45,392.402249933908,95.5279120486642,20.1148272828964,26.2098568375448,26.8039141874427,20.6924505496939,340.62698261899,1.65584547627265e-09,36.7807234403298,0.404232392485424,1.74666497229443e-09,70.8928013268267,0.369865720719984,2.21810916180047e-09,2548.63248890152,0.19222390924692,1.02298396670821e-09,2662.86610087338,0.399963606603931,2.22647393742362e-09,1252.7985917215,0.253536495910865,116.096971911801,25.6893946263771,0.892274250929411,27.6698987232188,0.93558780327446,6.85543550908285,2.19905989747366,37.9883968763842,0.875802622063184,4.6059207461427,4.54852239707337,36.4032784292159,0.968038121156525,23.5791487423629,6.86950231549412
45,392.402249933908,95.5279120486642,20.1148272828964,26.2098568375448,26.8039141874427,20.6924505496939,340.62698261899,1.65584547627265e-09,36.7807234403298,0.404232392485424,1.74666497229443e-09,70.8928013268267,0.369865720719984,2.21810916180047e-09,2548.63248890152,0.19222390924692,1.02298396670821e-09,2662.86610087338,0.399963606603931,2.22647393742362e-09,1252.7985917215,0.253536495910865,116.096971911801,25.6893946263771,0.892274250929411,27.6698987232188,0.93558780327446,6.85543550908285,2.19905989747366,37.9883968763842,0.875802622063184,4.6059207461427,4.54852239707337,36.4032784292159,0.968038121156525,23.5791487423629,6.86950231549412
46,320.728409538892,82.890643204558,22.1144429581005,26.7324105280915,21.7008836187104,22.8212933982195,353.781665605405,1.64261430467453e-09,39.5136046154489,0.433989248784469,1.79217486071616e-09,72.2847728543436,0.386768308094043,2.35162394378344e-09,2794.54658342902,0.205471200307675,9.7604508088712e-10,3191.0008014172,0.373129041901384,2.33572348376395e-09,1308.95205016444,0.269671631561735,102.186259026797,24.3917435596118,0.966033148427948,27.4308369699486,0.959111306149247,5.16579103084367,3.74571185231429,33.6919200465105,0.969703569254926,4.77432671484779,3.57251963087848,37.8303403660698,0.981308031916426,20.6356460779634,5.65273108336003
46,320.728409538892,82.890643204558,22.1144429581005,26.7324105280915,21.7008836187104,22.8212933982195,353.781665605405,1.64261430467453e-09,39.5136046154489,0.433989248784469,1.79217486071616e-09,72.2847728543436,0.386768308094043,2.35162394378344e-09,2794.54658342902,0.205471200307675,9.7604508088712e-10,3191.0008014172,0.373129041901384,2.33572348376395e-09,1308.95205016444,0.269671631561735,102.186259026797,24.3917435596118,0.966033148427948,27.4308369699486,0.959111306149247,5.16579103084367,3.74571185231429,33.6919200465105,0.969703569254926,4.77432671484779,3.57251963087848,37.8303403660698,0.981308031916426,20.6356460779634,5.65273108336003
47,364.376111245897,107.633030494328,24.3328350904436,24.5249367022227,22.402508692295,28.0683513494485,337.696922995242,1.63647938341284e-09,37.7670313892907,0.416506410268907,1.72173579956496e-09,69.9498075662687,0.428602787387217,2.036184950581e-09,2390.48297637181,0.204003512636007,1.19352970512951e-09,2799.82109214292,0.386798010843368,2.00657046772282e-09,1589.63399749215,0.300513056131849,93.0776062934059,31.8028235974875,0.0111089240376815,24.2390039656506,0.977211041312781,6.86294823768635,4.3572817462921,35.1077630901716,0.922222832258544,3.79293995152154,6.38322196515001,43.8338103771112,0.798217170118579,28.0656154062954,6.9001329043676
47,364.376111245897,107.633030494328,24.3328350904436,24.5249367022227,22.402508692295,28.0683513494485,337.696922995242,1.63647938341284e-09,37.7670313892907,0.416506410268907,1.72173579956496e-09,69.9498075662687,0.428602787387217,2.036184950581e-09,2390.48297637181,0.204003512636007,1.19352970512951e-09,2799.82109214292,0.386798010843368,2.00657046772282e-09,1589.63399749215,0.300513056131849,93.0776062934059,31.8028235974875,0.0111089240376815,24.2390039656506,0.977211041312781,6.86294823768635,4.3572817462921,35.1077630901716,0.922222832258544,3.79293995152154,6.38322196515001,43.8338103771112,0.798217170118579,28.0656154062954,6.9001329043676
48,361.271479147777,90.0050542394376,28.1258294832312,25.6449276217758,28.8316932485919,23.8123289702125,354.391587897528,1.53642606718547e-09,38.384516072618,0.401193797907705,1.88153933389454e-09,74.1075731439465,0.384655018732427,2.12175925616647e-09,2219.23999768827,0.189907029144064,8.82471056653439e-10,2854.05107300614,0.33398544983088,2.26529133513212e-09,1533.06189807003,0.307954377816264,115.299926611526,28.6525352135283,0.296456131537974,25.2765658823811,0.982902232058904,6.20006663728826,3.67851249701611,37.7499997190997,0.850959836008769,5.94718509560614,4.96386964590504,41.7729342206952,0.823105789731122,29.2374306414952,4.90867312995376
48,361.271479147777,90.0050542394376,28.1258294832312,25.6449276217758,28.8316932485919,23.8123289702125,354.391587897528,1.53642606718547e-09,38.384516072618,0.401193797907705,1.88153933389454e-09,74.1075731439465,0.384655018732427,2.12175925616647e-09,2219.23999768827,0.189907029144064,8.82471056653439e-10,2854.05107300614,0.33398544983088,2.26529133513212e-09,1533.06189807003,0.307954377816264,115.299926611526,28.6525352135283,0.296456131537974,25.2765658823811,0.982902232058904,6.20006663728826,3.67851249701611,37.7499997190997,0.850959836008769,5.94718509560614,4.96386964590504,41.7729342206952,0.823105789731122,29.2374306414952,4.90867312995376
49,383.257659558041,107.057593996206,24.6624059755698,26.5396395078496,23.7236089924997,27.263473786533,380.856485986447,1.62662692669898e-09,33.5659445504744,0.436955254853049,1.90192127581005e-09,73.3171349575658,0.372519357097803,2.16620454654684e-09,2709.56957046554,0.212099269844768,1.05769216042137e-09,3322.55006991888,0.345432885737937,2.08422208376217e-09,1511.00442433521,0.276594872455009,95.1675029258079,20.0190186752454,0.0893201197164027,26.2217766823501,0.818216203327486,3.0881847963746,2.81173344639637,39.0670480196903,0.963635920140124,3.06152035650759,4.08932481888938,39.1613125834111,0.858686679459005,22.2635156499179,6.93460871884027
49,383.257659558041,107.057593996206,24.6624059755698,26.5396395078496,23.7236089924997,27.263473786533,380.856485986447,1.62662692669898e-09,33.5659445504744,0.436955254853049,1.90192127581005e-09,73.3171349575658,0.372519357097803,2.16620454654684e-09,2709.56957046554,0.212099269844768,1.05769216042137e-09,3322.55006991888,0.345432885737937,2.08422208376217e-09,1511.00442433521,0.276594872455009,95.1675029258079,20.0190186752454,0.0893201197164027,26.2217766823501,0.818216203327486,3.0881847963746,2.81173344639637,39.0670480196903,0.963635920140124,3.06152035650759,4.08932481888938,39.1613125834111,0.858686679459005,22.2635156499179,6.93460871884027
50,379.381443294709,80.5189010067586,24.3652591802786,25.358613198358,22.909712861322,22.2306295367127,321.450629248989,1.43216888268815e-09,33.01759573666,0.441802930576724,1.87093376326087e-09,77.5268536853971,0.41255513380424,2.17524254281169e-09,2029.41906778436,0.184994804072686,8.9343629679779e-10,2588.33521568925,0.368194325213664,2.39936573568583e-09,1265.57455660325,0.272892533564494,82.8835600677154,31.5694919047613,0.674629040955524,20.2001131921039,0.825732672111545,4.5773288684036,2.91456781085153,39.338317140051,0.864056635306999,7.07574354506481,6.89658554210571,39.3621739030996,0.952658429492443,22.8083862920769,6.19415466112721
50,379.381443294709,80.5189010067586,24.3652591802786,25.358613198358,22.909712861322,22.2306295367127,321.450629248989,1.43216888268815e-09,33.01759573666,0.441802930576724,1.87093376326087e-09,77.5268536853971,0.41255513380424,2.17524254281169e-09,2029.41906778436,0.184994804072686,8.9343629679779e-10,2588.33521568925,0.368194325213664,2.39936573568583e-09,1265.57455660325,0.272892533564494,82.8835600677154,31.5694919047613,0.674629040955524,20.2001131921039,0.825732672111545,4.5773288684036,2.91456781085153,39.338317140051,0.864056635306999,7.07574354506481,6.89658554210571,39.3621739030996,0.952658429492443,22.8083862920769,6.19415466112721
51,340.466301292993,102.970084161778,21.3359876925937,27.9884364669525,27.8976596985552,24.6652970985218,386.638134623634,1.58567059543018e-09,35.6854111596363,0.426461856541102,1.97416038709104e-09,63.3889084854733,0.436559448762553,2.06931643563996e-09,2576.21690610748,0.204742260521399,9.99172878995823e-10,2717.96207030377,0.301595369123004,2.34418482563665e-09,1272.55673484212,0.296232391136704,112.440935647093,38.7619194498728,0.87890778839911,24.0428312000942,0.802298586854052,4.59477313057589,2.12234020368647,35.7663330347295,0.781828883987057,4.66123370490733,4.76690926268448,42.7659202658158,0.790431781379058,29.6624304843288,5.35746340523299
51,340.466301292993,102.970084161778,21.3359876925937,27.9884364669525,27.8976596985552,24.6652970985218,386.638134623634,1.58567059543018e-09,35.6854111596363,0.426461856541102,1.97416038709104e-09,63.3889084854733,0.436559448762553,2.06931643563996e-09,2576.21690610748,0.204742260521399,9.99172878995823e-10,2717.96207030377,0.301595369123004,2.34418482563665e-09,1272.55673484212,0.296232391136704,112.440935647093,38.7619194498728,0.87890778839911,24.0428312000942,0.802298586854052,4.59477313057589,2.12234020368647,35.7663330347295,0.781828883987057,4.66123370490733,4.76690926268448,42.7659202658158,0.790431781379058,29.6624304843288,5.35746340523299
52,347.141437167329,91.6106641814593,28.2653545611241,29.0796794970769,20.6294074979995,20.2327729592353,326.319740584804,1.41861042773733e-09,37.3916037486692,0.460842890329318,1.64863625787656e-09,64.5400570716357,0.418849949391776,2.47434017760766e-09,2788.62600001942,0.182287032277794,8.9677182374932e-10,2935.36682688749,0.383119316017687,2.11688056261406e-09,1490.73859299458,0.313325631707574,86.5636924734874,26.8716568144029,0.90484672386162,21.959135127053,0.930047837465982,5.15315446200341,2.18205145848716,38.6252515246338,0.782986609995928,6.79731451046404,4.62995370894691,43.1607662266949,0.947764524061358,26.9507947910781,5.01296179878663
52,347.141437167329,91.6106641814593,28.2653545611241,29.0796794970769,20.6294074979995,20.2327729592353,326.319740584804,1.41861042773733e-09,37.3916037486692,0.460842890329318,1.64863625787656e-09,64.5400570716357,0.418849949391776,2.47434017760766e-09,2788.62600001942,0.182287032277794,8.9677182374932e-10,2935.36682688749,0.383119316017687,2.11688056261406e-09,1490.73859299458,0.313325631707574,86.5636924734874,26.8716568144029,0.90484672386162,21.959135127053,0.930047837465982,5.15315446200341,2.18205145848716,38.6252515246338,0.782986609995928,6.79731451046404,4.62995370894691,43.1607662266949,0.947764524061358,26.9507947910781,5.01296179878663
53,385.424875027814,96.8030679771877,23.3814053433832,21.4827050037496,28.888745753,20.62418342996,341.402252657615,1.44337321269364e-09,35.6436936947206,0.450306414289048,1.7568000565024e-09,73.5705733505064,0.443075422297157,2.18258707434357e-09,2216.29465333494,0.183575674743814,1.07611956859289e-09,2571.88295677801,0.381198386769545,2.38954298954182e-09,1555.48881534309,0.337200980493546,89.898876022375,33.1280919503581,0.479608041661334,29.2395506317933,0.990402121323705,5.63053567337574,4.87007001489966,38.6508874746815,0.927026550057066,3.48094583461613,4.6830621810246,44.7340803209148,0.999592504077543,21.3252143590636,7.61186450629284
53,385.424875027814,96.8030679771877,23.3814053433832,21.4827050037496,28.888745753,20.62418342996,341.402252657615,1.44337321269364e-09,35.6436936947206,0.450306414289048,1.7568000565024e-09,73.5705733505064,0.443075422297157,2.18258707434357e-09,2216.29465333494,0.183575674743814,1.07611956859289e-09,2571.88295677801,0.381198386769545,2.38954298954182e-09,1555.48881534309,0.337200980493546,89.898876022375,33.1280919503581,0.479608041661334,29.2395506317933,0.990402121323705,5.63053567337574,4.87007001489966,38.6508874746815,0.927026550057066,3.48094583461613,4.6830621810246,44.7340803209148,0.999592504077543,21.3252143590636,7.61186450629284
54,307.129459643446,107.401931583434,24.9547392077524,28.4630271443291,20.3718786650819,27.7076199947593,307.805602919782,1.6388273323682e-09,39.673281467566,0.430359323447578,1.91569046504101e-09,76.848171779677,0.384906843284772,2.0655483114545e-09,2277.71281278326,0.20977909142808,1.0674449677484e-09,3320.2942138403,0.313781921736757,2.06046016582257e-09,1566.00621506525,0.304967994577111,91.887199486745,38.2810580788697,0.486875575649116,29.5910780066203,0.844106660198481,7.41892105740888,3.04698627099228,34.4293519936302,0.976987855090687,6.8750029130712,5.62762235573206,43.5125233148,0.930712849855163,20.0461576685363,7.89485795582067
54,307.129459643446,107.401931583434,24.9547392077524,28.4630271443291,20.3718786650819,27.7076199947593,307.805602919782,1.6388273323682e-09,39.673281467566,0.430359323447578,1.91569046504101e-09,76.848171779677,0.384906843284772,2.0655483114545e-09,2277.71281278326,0.20977909142808,1.0674449677484e-09,3320.2942138403,0.313781921736757,2.06046016582257e-09,1566.00621506525,0.304967994577111,91.887199486745,38.2810580788697,0.486875575649116,29.5910780066203,0.844106660198481,7.41892105740888,3.04698627099228,34.4293519936302,0.976987855090687,6.8750029130712,5.62762235573206,43.5125233148,0.930712849855163,20.0461576685363,7.89485795582067
55,364.627804576736,104.331755910751,27.3607378745353,21.2996989236824,27.6712368085627,22.3892577376962,383.652883296732,1.40417696769725e-09,39.0414718266853,0.457790338896011,1.9876190836502e-09,64.5017535155002,0.35165321062518,2.31128047777797e-09,2180.46549948644,0.2112226561374,1.08914502792807e-09,2756.02841417277,0.383784735183197,2.24006500184532e-09,1443.09244775589,0.286822923838235,95.0713382584556,30.1491620566266,0.227495726938518,23.6229122089553,0.830544727875105,4.20652793064622,2.87565065238415,30.1172724179698,0.804379899800185,4.55546491000426,6.36803898078879,38.1545149567718,0.968234383371612,27.58913293646,6.93683395385747
55,364.627804576736,104.331755910751,27.3607378745353,21.2996989236824,27.6712368085627,22.3892577376962,383.652883296732,1.40417696769725e-09,39.0414718266853,0.457790338896011,1.9876190836502e-09,64.5017535155002,0.35165321062518,2.31128047777797e-09,2180.46549948644,0.2112226561374,1.08914502792807e-09,2756.02841417277,0.383784735183197,2.24006500184532e-09,1443.09244775589,0.286822923838235,95.0713382584556,30.1491620566266,0.227495726938518,23.6229122089553,0.830544727875105,4.20652793064622,2.87565065238415,30.1172724179698,0.804379899800185,4.55546491000426,6.36803898078879,38.1545149567718,0.968234383371612,27.58913293646,6.93683395385747
56,365.650077649922,118.849928721282,27.8750878394465,26.9184055814672,25.9809582880536,29.54283813074,327.290034220345,1.53991625689071e-09,34.5910372502342,0.463309359492678,1.74603649501366e-09,73.1900191937377,0.444149936281108,2.22325834370598e-09,2263.98081645343,0.216302456805323,1.00127965566704e-09,2624.32260344334,0.387491869234526,2.13188275089353e-09,1321.76868175888,0.267304084587346,97.7495871020091,34.6110873543498,0.949528529376162,27.253508192069,0.979388717490047,4.31707606166862,2.59438687700191,36.8672698454441,0.949155888556236,6.1835158693361,3.63697413292591,44.3278041253792,0.922726457299886,26.002804528509,7.42349561139414
56,365.650077649922,118.849928721282,27.8750878394465,26.9184055814672,25.9809582880536,29.54283813074,327.290034220345,1.53991625689071e-09,34.5910372502342,0.463309359492678,1.74603649501366e-09,73.1900191937377,0.444149936281108,2.22325834370598e-09,2263.98081645343,0.216302456805323,1.00127965566704e-09,2624.32260344334,0.387491869234526,2.13188275089353e-09,1321.76868175888,0.267304084587346,97.7495871020091,34.6110873543498,0.949528529376162,27.253508192069,0.979388717490047,4.31707606166862,2.59438687700191,36.8672698454441,0.949155888556236,6.1835158693361,3.63697413292591,44.3278041253792,0.922726457299886,26.002804528509,7.42349561139414
57,377.277968201198,94.4361955159006,25.9723430747815,23.1737145742167,27.3145079767294,26.2271409993774,349.431002725821,1.71714310446284e-09,38.4954118587787,0.426570981935058,1.87058074122439e-09,79.1263609420538,0.376527739115341,2.07679904424667e-09,2182.05042363515,0.194562659172336,8.62677403653632e-10,3338.56555029024,0.35959693351014,2.287671164993e-09,1230.73577083615,0.302668908796239,93.8898116545707,35.3007821698659,0.0536473862319163,29.0647420025243,0.823665707233558,5.55740216690215,2.46907722229976,39.3425453593791,0.96368218754439,3.32310232978173,6.31746194179251,40.2446994562217,0.943415893970052,22.5947484527466,5.44419204407067
57,377.277968201198,94.4361955159006,25.9723430747815,23.1737145742167,27.3145079767294,26.2271409993774,349.431002725821,1.71714310446284e-09,38.4954118587787,0.426570981935058,1.87058074122439e-09,79.1263609420538,0.376527739115341,2.07679904424667e-09,2182.05042363515,0.194562659172336,8.62677403653632e-10,3338.56555029024,0.35959693351014,2.287671164993e-09,1230.73577083615,0.302668908796239,93.8898116545707,35.3007821698659,0.0536473862319163,29.0647420025243,0.823665707233558,5.55740216690215,2.46907722229976,39.3425453593791,0.96368218754439,3.32310232978173,6.31746194179251,40.2446994562217,0.943415893970052,22.5947484527466,5.44419204407067
58,319.523193202202,91.7877279729118,23.0267218790507,28.9597890782086,24.2004983122886,29.9767328267281,304.58767986629,1.48384614402417e-09,31.5056864118718,0.474774750150051,1.64004269132735e-09,67.3667914597655,0.383902860089563,2.51227793132178e-09,2622.36628207806,0.215294127708086,1.00741617335404e-09,3138.10145402149,0.385770219434457,2.23063418228527e-09,1501.69249432829,0.299445628903806,93.5955355025421,29.2876472274915,0.25476492151467,26.3070493945533,0.943400279185554,6.32747540645682,2.31809298466387,38.5498383664674,0.88011966898312,6.53012119964889,3.70486398674137,38.4955119959116,0.928026324673282,27.7250691213836,5.76655284402054
58,319.523193202202,91.7877279729118,23.0267218790507,28.9597890782086,24.2004983122886,29.9767328267281,304.58767986629,1.48384614402417e-09,31.5056864118718,0.474774750150051,1.64004269132735e-09,67.3667914597655,0.383902860089563,2.51227793132178e-09,2622.36628207806,0.215294127708086,1.00741617335404e-09,3138.10145402149,0.385770219434457,2.23063418228527e-09,1501.69249432829,0.299445628903806,93.5955355025421,29.2876472274915,0.25476492151467,26.3070493945533,0.943400279185554,6.32747540645682,2.31809298466387,38.5498383664674,0.88011966898312,6.53012119964889,3.70486398674137,38.4955119959116,0.928026324673282,27.7250691213836,5.76655284402054
59,321.956769226074,111.732811295734,28.2590892114596,25.3277972493374,28.0896558020924,21.2073919408178,356.067228644795,1.76191997224234e-09,30.8317724448311,0.429555401209668,1.89536877453825e-09,60.6036196937337,0.361751423744263,2.2855840113422e-09,2723.78453743409,0.201190797115266,1.10650146691681e-09,2627.14068024258,0.398081918258201,2.3366782094118e-09,1569.98025214136,0.285296090612698,104.830126136888,23.6406098471433,0.22057496530349,23.7295034676956,0.969601577472441,6.30529324658504,2.41845046172268,37.0282011456574,0.842641123978752,7.62589987071385,5.6439557241955,36.3557764838705,0.819152763035203,26.4003366167138,6.88595754466623
59,321.956769226074,111.732811295734,28.2590892114596,25.3277972493374,28.0896558020924,21.2073919408178,356.067228644795,1.76191997224234e-09,30.8317724448311,0.429555401209668,1.89536877453825e-09,60.6036196937337,0.361751423744263,2.2855840113422e-09,2723.78453743409,0.201190797115266,1.10650146691681e-09,2627.14068024258,0.398081918258201,2.3366782094118e-09,1569.98025214136,0.285296090612698,104.830126136888,23.6406098471433,0.22057496530349,23.7295034676956,0.969601577472441,6.30529324658504,2.41845046172268,37.0282011456574,0.842641123978752,7.62589987071385,5.6439557241955,36.3557764838705,0.819152763035203,26.4003366167138,6.88595754466623
60,374.180414665783,103.961122873475,24.7381928415378,23.0569961589649,29.9352267055993,21.1891122264351,325.834622996296,1.70688991957988e-09,37.6381482458097,0.475947818225644,1.68204125166084e-09,72.860825049659,0.439277137092863,2.57774155186461e-09,2482.5938345539,0.191234047401072,1.14649129794678e-09,3098.08060481761,0.301889708793995,2.27297703154839e-09,1302.81540116526,0.28628915642116,97.1796255349336,22.2247840192764,0.202337659151701,21.0677087943389,0.870445583464173,5.75677469670808,3.20295303021723,31.177622915606,0.837265011903287,3.21819835478677,6.68814073283352,38.6345049067287,0.801698954398426,22.0771040233556,4.00949442533033
60,374.180414665783,103.961122873475,24.7381928415378,23.0569961589649,29.9352267055993,21.1891122264351,325.834622996296,1.70688991957988e-09,37.6381482458097,0.475947818225644,1.68204125166084e-09,72.860825049659,0.439277137092863,2.57774155186461e-09,2482.5938345539,0.191234047401072,1.14649129794678e-09,3098.08060481761,0.301889708793995,2.27297703154839e-09,1302.81540116526,0.28628915642116,97.1796255349336,22.2247840192764,0.202337659151701,21.0677087943389,0.870445583464173,5.75677469670808,3.20295303021723,31.177622915606,0.837265011903287,3.21819835478677,6.68814073283352,38.6345049067287,0.801698954398426,22.0771040233556,4.00949442533033
61,338.124196685875,117.516839750019,26.2264220109935,26.0643377749671,21.6542471125573,23.7931871126865,318.480313205293,1.4205191383769e-09,30.0035858028557,0.462391195129505,1.89842563836948e-09,70.9759043170855,0.354440021178261,2.58376398444415e-09,2639.50633420244,0.185271523797796,8.6699244629646e-10,2906.69494126522,0.388924210086018,2.39926508585121e-09,1519.57851350588,0.281457578541997,100.33452105077,33.3977409526278,0.873730689937799,21.3560825094793,0.906575215232578,6.33789092262308,3.56215996893536,39.9579775723461,0.978488353207675,4.87066252651367,5.72439501783838,36.6191484152927,0.809164961056751,21.729939589758,6.13563395020852
61,338.124196685875,117.516839750019,26.2264220109935,26.0643377749671,21.6542471125573,23.7931871126865,318.480313205293,1.4205191383769e-09,30.0035858028557,0.462391195129505,1.89842563836948e-09,70.9759043170855,0.354440021178261,2.58376398444415e-09,2639.50633420244,0.185271523797796,8.6699244629646e-10,2906.69494126522,0.388924210086018,2.39926508585121e-09,1519.57851350588,0.281457578541997,100.33452105077,33.3977409526278,0.873730689937799,21.3560825094793,0.906575215232578,6.33789092262308,3.56215996893536,39.9579775723461,0.978488353207675,4.87066252651367,5.72439501783838,36.6191484152927,0.809164961056751,21.729939589758,6.13563395020852
62,324.766216922488,104.025548646389,25.5263654852674,29.3244804857249,24.9343147441624,24.926743875295,305.755294199878,1.76827201774557e-09,35.5366911598872,0.446453707343936,1.74506218692856e-09,60.9141294424774,0.427494199935644,2.07281898545435e-09,2581.27100749371,0.182874996061344,8.03658784574185e-10,3240.6776089465,0.323822574240217,2.11935764180562e-09,1402.53252249922,0.304150511755415,97.1587545613237,20.0027866540969,0.480531547052133,22.9639570881223,0.870080826416705,3.96934287455089,3.8050596379663,32.8771854839494,0.785429068420583,3.50420793296783,3.60410841521109,39.1585246338744,0.864365065886916,27.0275494655693,6.26077824707525
62,324.766216922488,104.025548646389,25.5263654852674,29.3244804857249,24.9343147441624,24.926743875295,305.755294199878,1.76827201774557e-09,35.5366911598872,0.446453707343936,1.74506218692856e-09,60.9141294424774,0.427494199935644,2.07281898545435e-09,2581.27100749371,0.182874996061344,8.03658784574185e-10,3240.6776089465,0.323822574240217,2.11935764180562e-09,1402.53252249922,0.304150511755415,97.1587545613237,20.0027866540969,0.480531547052133,22.9639570881223,0.870080826416705,3.96934287455089,3.8050596379663,32.8771854839494,0.785429068420583,3.50420793296783,3.60410841521109,39.1585246338744,0.864365065886916,27.0275494655693,6.26077824707525
63,349.731434787331,108.63043146562,25.2318124227094,27.3368890145279,23.6887097127837,20.1835188457271,394.55671744871,1.57731398502258e-09,32.6043723861438,0.469060179481126,1.88190147609108e-09,78.5908423371884,0.418941586288589,2.20800425750151e-09,2159.88892574978,0.208841236005789,8.4576292623612e-10,2845.73532757772,0.331878176127453,2.19484656373492e-09,1441.34194975488,0.312120425846974,82.9580082195457,29.5085300625106,0.999885530783189,28.7387924286736,0.781086779629009,4.78042454768187,3.33792127229166,37.6961990204905,0.965917476192526,5.75154757045826,4.26264273883773,44.6256474385454,0.930566832983474,28.4180477551067,4.22365016722601
63,349.731434787331,108.63043146562,25.2318124227094,27.3368890145279,23.6887097127837,20.1835188457271,394.55671744871,1.57731398502258e-09,32.6043723861438,0.469060179481126,1.88190147609108e-09,78.5908423371884,0.418941586288589,2.20800425750151e-09,2159.88892574978,0.208841236005789,8.4576292623612e-10,2845.73532757772,0.331878176127453,2.19484656373492e-09,1441.34194975488,0.312120425846974,82.9580082195457,29.5085300625106,0.999885530783189,28.7387924286736,0.781086779629009,4.78042454768187,3.33792127229166,37.6961990204905,0.965917476192526,5.75154757045826,4.26264273883773,44.6256474385454,0.930566832983474,28.4180477551067,4.22365016722601
64,372.650240629108,90.9022425860347,22.969084290103,25.8294854893274,27.2764674552968,28.0642581760901,395.904417284662,1.63164854484846e-09,34.6105804064797,0.412545337239811,1.85609833573147e-09,65.0338831356025,0.429482051794071,2.04926937175619e-09,2754.79228585634,0.219810784185587,9.30652018433612e-10,3038.45525658892,0.389232853532817,2.35096450048551e-09,1409.70403269255,0.292789823526949,87.3487873890235,28.764006217351,0.824343641366179,25.6053345515912,0.84134061634309,5.36339251961512,3.04816435063247,39.9866528819021,0.860438492729691,3.49887706529348,5.96258452241693,38.271158479279,0.872297113852249,26.9419941398093,4.79541825028041
64,372.650240629108,90.9022425860347,22.969084290103,25.8294854893274,27.2764674552968,28.0642581760901,395.904417284662,1.63164854484846e-09,34.6105804064797,0.412545337239811,1.85609833573147e-09,65.0338831356025,0.429482051794071,2.04926937175619e-09,2754.79228585634,0.219810784185587,9.30652018433612e-10,3038.45525658892,0.389232853532817,2.35096450048551e-09,1409.70403269255,0.292789823526949,87.3487873890235,28.764006217351,0.824343641366179,25.6053345515912,0.84134061634309,5.36339251961512,3.04816435063247,39.9866528819021,0.860438492729691,3.49887706529348,5.96258452241693,38.271158479279,0.872297113852249,26.9419941398093,4.79541825028041
65,387.232733191831,90.3715126311268,27.2407600393781,23.744316337516,24.3235323994012,23.8525228529865,333.203928931063,1.78232887989048e-09,39.0454640721264,0.435234189180554,1.96357824011129e-09,63.7658949874509,0.449980946582365,2.42997676443761e-09,2476.13895882912,0.219027275323735,9.60981168318191e-10,3135.63011616899,0.372011541278581,2.35795819255981e-09,1363.63256575497,0.304888947693717,97.0276666721329,27.3043124658931,0.363860517232178,23.2067394023972,0.814328523605624,6.37871053532463,2.60597160537571,31.9332645396384,0.974295568504917,3.46938121433372,3.95332727432171,37.8700377631415,0.824976833758712,21.1241016927168,6.98647693081983
65,387.232733191831,90.3715126311268,27.2407600393781,23.744316337516,24.3235323994012,23.8525228529865,333.203928931063,1.78232887989048e-09,39.0454640721264,0.435234189180554,1.96357824011129e-09,63.7658949874509,0.449980946582365,2.42997676443761e-09,2476.13895882912,0.219027275323735,9.60981168318191e-10,3135.63011616899,0.372011541278581,2.35795819255981e-09,1363.63256575497,0.304888947693717,97.0276666721329,27.3043124658931,0.363860517232178,23.2067394023972,0.814328523605624,6.37871053532463,2.60597160537571,31.9332645396384,0.974295568504917,3.46938121433372,3.95332727432171,37.8700377631415,0.824976833758712,21.1241016927168,6.98647693081983
66,328.597609970252,108.534319406156,26.8029536317055,29.49367536822,29.7780901673447,22.2836501061518,392.550119567233,1.40872108663454e-09,39.552729952116,0.436028738565228,1.98740740500149e-09,62.6669431154391,0.422966331298646,2.12115882729377e-09,2000.01735279156,0.195354703410067,1.04566261852656e-09,3277.38507515371,0.383812552521445,2.24571297235402e-09,1585.89313489952,0.327920322299973,115.243631453752,30.9850195978204,0.447878906969334,20.4781114321169,0.809059286063686,4.35739474273651,4.51420192542103,36.5885586380797,0.947242454514167,7.60876952045168,5.55961611742128,42.5522695463248,0.933924055556083,27.8791947078992,4.54588388166996
66,328.597609970252,108.534319406156,26.8029536317055,29.49367536822,29.7780901673447,22.2836501061518,392.550119567233,1.40872108663454e-09,39.552729952116,0.436028738565228,1.98740740500149e-09,62.6669431154391,0.422966331298646,2.12115882729377e-09,2000.01735279156,0.195354703410067,1.04566261852656e-09,3277.38507515371,0.383812552521445,2.24571297235402e-09,1585.89313489952,0.327920322299973,115.243631453752,30.9850195978204,0.447878906969334,20.4781114321169,0.809059286063686,4.35739474273651,4.51420192542103,36.5885586380797,0.947242454514167,7.60876952045168,5.55961611742128,42.5522695463248,0.933924055556083,27.8791947078992,4.54588388166996
67,383.449237051293,119.657159851269,24.4396431540324,22.0627916581084,21.0246965412664,25.6543068584678,300.299367974314,1.6727003061506e-09,34.8576523529988,0.472396448690584,1.81770783867678e-09,66.8119078976441,0.35933029845482,2.52224016676594e-09,2280.87480209174,0.209615149469531,8.40173311436426e-10,3488.66673524666,0.377328501306342,2.20830442310795e-09,1514.74698728403,0.342596673507508,104.875074887549,36.3848800273362,0.144155306833577,28.7359646860282,0.983607556336156,5.19637437340765,3.93548783779825,39.1812285684392,0.783962785565364,5.64092938333604,3.53039784602935,35.106238350504,0.818046231687756,22.6107882922443,4.17506099129959
67,383.449237051293,119.657159851269,24.4396431540324,22.0627916581084,21.0246965412664,25.6543068584678,300.299367974314,1.6727003061506e-09,34.8576523529988,0.472396448690584,1.81770783867678e-09,66.8119078976441,0.35933029845482,2.52224016676594e-09,2280.87480209174,0.209615149469531,8.40173311436426e-10,3488.66673524666,0.377328501306342,2.20830442310795e-09,1514.74698728403,0.342596673507508,104.875074887549,36.3848800273362,0.144155306833577,28.7359646860282,0.983607556336156,5.19637437340765,3.93548783779825,39.1812285684392,0.783962785565364,5.64092938333604,3.53039784602935,35.106238350504,0.818046231687756,22.6107882922443,4.17506099129959
68,309.422385438402,115.605103760611,26.9249226211748,27.040643047293,22.6875453065169,29.7944816992081,375.765341720875,1.51420844538547e-09,30.2626384814703,0.438384564494781,1.93645484431109e-09,68.8331748655018,0.385583780453755,2.14001583653503e-09,2286.90670870373,0.195537420670979,9.97626819328696e-10,2663.70205495963,0.337277020331392,2.39839171907047e-09,1310.62340990078,0.295437960423979,82.0648894179232,29.3478525659306,0.0111143466118135,25.6725227347911,0.924319887291824,6.38258266387042,3.95472701662662,32.3376426917748,0.852395363612367,3.10873496809313,5.81308532304854,37.3635724861505,0.869654747040515,22.5953103533899,5.60192285587424
68,309.422385438402,115.605103760611,26.9249226211748,27.040643047293,22.6875453065169,29.7944816992081,375.765341720875,1.51420844538547e-09,30.2626384814703,0.438384564494781,1.93645484431109e-09,68.8331748655018,0.385583780453755,2.14001583653503e-09,2286.90670870373,0.195537420670979,9.97626819328696e-10,2663.70205495963,0.337277020331392,2.39839171907047e-09,1310.62340990078,0.295437960423979,82.0648894179232,29.3478525659306,0.0111143466118135,25.6725227347911,0.924319887291824,6.38258266387042,3.95472701662662,32.3376426917748,0.852395363612367,3.10873496809313,5.81308532304854,37.3635724861505,0.869654747040515,22.5953103533899,5.60192285587424
69,364.704358432728,99.8575317228835,27.5532949285871,25.7819222186924,24.529353945738,29.5089587348088,392.068849503114,1.72498201465915e-09,39.0461138512325,0.411037129001423,1.69056059613172e-09,68.6229308857743,0.427585549958696,2.48332167559897e-09,2460.87572230189,0.188703633345465,8.50966723528062e-10,2731.57043949708,0.350138838031419,2.10364848900463e-09,1440.88648949626,0.290499442489302,84.26585155514,37.1988879736937,0.127072897673702,21.0300160975965,0.996404446073574,6.19446726999228,4.63285215257104,38.1479000560754,0.878742977136617,4.56190298069073,4.06887299963076,43.9364559204791,0.89211108421856,27.0495602700727,5.05218568044666
69,364.704358432728,99.8575317228835,27.5532949285871,25.7819222186924,24.529353945738,29.5089587348088,392.068849503114,1.72498201465915e-09,39.0461138512325,0.411037129001423,1.69056059613172e-09,68.6229308857743,0.427585549958696,2.48332167559897e-09,2460.87572230189,0.188703633345465,8.50966723528062e-10,2731.57043949708,0.350138838031419,2.10364848900463e-09,1440.88648949626,0.290499442489302,84.26585155514,37.1988879736937,0.127072897673702,21.0300160975965,0.996404446073574,6.19446726999228,4.63285215257104,38.1479000560754,0.878742977136617,4.56190298069073,4.06887299963076,43.9364559204791,0.89211108421856,27.0495602700727,5.05218568044666
70,324.916707810214,114.329950501799,21.524197808696,22.600615385044,20.119685185497,20.6127913949661,303.625169229345,1.69903146992628e-09,31.1874471755976,0.402777959178181,1.92574909031961e-09,69.823288811054,0.407326293449427,2.07667609678955e-09,2744.46118867248,0.19559362971981,8.42245744309107e-10,2514.0303421547,0.357305185700385,2.31956362554574e-09,1564.06129902814,0.285351808670409,90.2295752950007,37.4464975547951,0.228420283287194,24.8491223741115,0.874067795139005,6.82928228989482,4.03797221584456,38.8162324336936,0.943177921690322,4.04279044588822,5.25636673775096,35.8723299087974,0.980167317078563,27.5948440596963,4.2631397629099
70,324.916707810214,114.329950501799,21.524197808696,22.600615385044,20.119685185497,20.6127913949661,303.625169229345,1.69903146992628e-09,31.1874471755976,0.402777959178181,1.92574909031961e-09,69.823288811054,0.407326293449427,2.07667609678955e-09,2744.46118867248,0.19559362971981,8.42245744309107e-10,2514.0303421547,0.357305185700385,2.31956362554574e-09,1564.06129902814,0.285351808670409,90.2295752950007,37.4464975547951,0.228420283287194,24.8491223741115,0.874067795139005,6.82928228989482,4.03797221584456,38.8162324336936,0.943177921690322,4.04279044588822,5.25636673775096,35.8723299087974,0.980167317078563,27.5948440596963,4.2631397629099
71,323.973607667025,106.643484071906,20.0303727909653,24.4407203861399,23.7055667143398,29.5711213474942,358.569214123902,1.7526076288027e-09,36.8255881721324,0.44500982482703,1.77859777618949e-09,79.6241127259527,0.416537642818947,2.37622201919624e-09,2063.05590109378,0.202108337445084,9.35719142548419e-10,2832.01595555711,0.306836655737241,2.27093858136061e-09,1219.20836566984,0.292201388073627,118.534618513966,23.2946024133859,0.621496971930102,23.4280047953667,0.858690794987008,6.5037766321861,4.67176224885933,39.9818160449301,0.894540578126492,4.5616151282339,5.22384128602234,38.0152730188773,0.965114073617456,21.5920677043621,5.21825108259632
71,323.973607667025,106.643484071906,20.0303727909653,24.4407203861399,23.7055667143398,29.5711213474942,358.569214123902,1.7526076288027e-09,36.8255881721324,0.44500982482703,1.77859777618949e-09,79.6241127259527,0.416537642818947,2.37622201919624e-09,2063.05590109378,0.202108337445084,9.35719142548419e-10,2832.01595555711,0.306836655737241,2.27093858136061e-09,1219.20836566984,0.292201388073627,118.534618513966,23.2946024133859,0.621496971930102,23.4280047953667,0.858690794987008,6.5037766321861,4.67176224885933,39.9818160449301,0.894540578126492,4.5616151282339,5.22384128602234,38.0152730188773,0.965114073617456,21.5920677043621,5.21825108259632
72,384.165959979888,86.1368088240828,28.3754785680713,24.9646090913863,26.179359317962,29.7526564881765,355.045179233454,1.57749558920915e-09,38.5990816247858,0.417757583100923,1.6843615301523e-09,73.9634415251325,0.385902878129101,2.13847536752967e-09,2268.11078450775,0.19071789965557,1.16747764431589e-09,2717.64277780497,0.374787075617398,2.08286888680293e-09,1256.04308450941,0.284493965366391,91.7357911933086,28.6993923033247,0.236451117543995,21.1630955471242,0.780402122227341,6.51832459251365,2.63149802887829,32.5842619813483,0.990602938431586,6.19180367534497,6.23025441659573,37.5408891472086,0.85924956999992,21.0364994541257,5.44945401102917
72,384.165959979888,86.1368088240828,28.3754785680713,24.9646090913863,26.179359317962,29.7526564881765,355.045179233454,1.57749558920915e-09,38.5990816247858,0.417757583100923,1.6843615301523e-09,73.9634415251325,0.385902878129101,2.13847536752967e-09,2268.11078450775,0.19071789965557,1.16747764431589e-09,2717.64277780497,0.374787075617398,2.08286888680293e-09,1256.04308450941,0.284493965366391,91.7357911933086,28.6993923033247,0.236451117543995,21.1630955471242,0.780402122227341,6.51832459251365,2.63149802887829,32.5842619813483,0.990602938431586,6.19180367534497,6.23025441659573,37.5408891472086,0.85924956999992,21.0364994541257,5.44945401102917
73,393.554938449786,119.573180616311,20.0412770286484,20.7287571847078,27.1537572162226,28.7402802519734,326.584521359695,1.75234917057293e-09,37.1551661953547,0.409156566063634,1.71440454190698e-09,72.4685335483738,0.378177637873232,2.47477477487797e-09,2597.18413206774,0.219123407074136,8.34457220284399e-10,3005.30227539542,0.376548010874484,2.24291553565063e-09,1588.18438365836,0.266885241615223,109.260206709362,32.1925696761021,0.354072306650181,25.8347818446091,0.877228598729667,4.56443472829448,3.34242067984274,36.8735571437219,0.993142492133406,5.58720130018423,6.76740492068385,38.0026353757159,0.787567260131422,25.565546468319,7.44953239187124
73,393.554938449786,119.573180616311,20.0412770286484,20.7287571847078,27.1537572162226,28.7402802519734,326.584521359695,1.75234917057293e-09,37.1551661953547,0.409156566063634,1.71440454190698e-09,72.4685335483738,0.378177637873232,2.47477477487797e-09,2597.18413206774,0.219123407074136,8.34457220284399e-10,3005.30227539542,0.376548010874484,2.24291553565063e-09,1588.18438365836,0.266885241615223,109.260206709362,32.1925696761021,0.354072306650181,25.8347818446091,0.877228598729667,4.56443472829448,3.34242067984274,36.8735571437219,0.993142492133406,5.58720130018423,6.76740492068385,38.0026353757159,0.787567260131422,25.565546468319,7.44953239187124
74,366.043453796996,92.4464724972625,25.0967276415645,23.579588204725,22.8776304987517,24.5799047555508,376.365262500453,1.40968756255033e-09,30.4529977332034,0.428119540805302,1.79303725949126e-09,78.5387724791655,0.4225074848183,2.58995063930708e-09,2751.9803844843,0.183772884427809,1.02749160346825e-09,3161.87104567903,0.394541416806393,2.25745323140957e-09,1481.31478983687,0.305905623340329,115.068241302223,35.1685159639866,0.270085613741877,22.4702754376788,0.856076126661244,6.54492764615041,3.96657501334446,39.9854516920557,0.959471765797653,6.64018971563877,6.35157653838135,44.1394855748243,0.79863958714999,28.675092472791,4.97420268216756
74,366.043453796996,92.4464724972625,25.0967276415645,23.579588204725,22.8776304987517,24.5799047555508,376.365262500453,1.40968756255033e-09,30.4529977332034,0.428119540805302,1.79303725949126e-09,78.5387724791655,0.4225074848183,2.58995063930708e-09,2751.9803844843,0.183772884427809,1.02749160346825e-09,3161.87104567903,0.394541416806393,2.25745323140957e-09,1481.31478983687,0.305905623340329,115.068241302223,35.1685159639866,0.270085613741877,22.4702754376788,0.856076126661244,6.54492764615041,3.96657501334446,39.9854516920557,0.959471765797653,6.64018971563877,6.35157653838135,44.1394855748243,0.79863958714999,28.675092472791,4.97420268216756
75,357.961628491585,117.742518823754,28.1484274240409,29.3346525052594,24.925810327194,27.5753488358016,362.860956593778,1.54497348271375e-09,38.1399859483325,0.402032337015955,1.83906038065459e-09,73.9702056001847,0.431753948111307,2.41334016713973e-09,2250.36037103039,0.190090031480819,9.98827495459676e-10,3145.07804158172,0.31117918773361,2.28424860309994e-09,1376.42116171106,0.306003506402527,103.533157848336,26.3919130168322,0.8907095581606,27.4593896558346,0.865920405837947,7.46430831324307,4.41633493087486,35.3413605950317,0.999249635745398,3.91912300274886,6.54332562778797,36.0593445025397,0.95299740193303,21.2233558423537,5.02974052029113
75,357.961628491585,117.742518823754,28.1484274240409,29.3346525052594,24.925810327194,27.5753488358016,362.860956593778,1.54497348271375e-09,38.1399859483325,0.402032337015955,1.83906038065459e-09,73.9702056001847,0.431753948111307,2.41334016713973e-09,2250.36037103039,0.190090031480819,9.98827495459676e-10,3145.07804158172,0.31117918773361,2.28424860309994e-09,1376.42116171106,0.306003506402527,103.533157848336,26.3919130168322,0.8907095581606,27.4593896558346,0.865920405837947,7.46430831324307,4.41633493087486,35.3413605950317,0.999249635745398,3.91912300274886,6.54332562778797,36.0593445025397,0.95299740193303,21.2233558423537,5.02974052029113
76,366.431128514571,100.350516988098,22.1560227642715,25.6107777699331,22.4195112274205,26.6075432867407,352.19985528629,1.50662637399996e-09,39.2864390061801,0.438678930364711,1.95682874700493e-09,75.5289167491125,0.368691674858501,2.30341181680556e-09,2310.29689295357,0.200270999969076,1.18580443246624e-09,2808.29297708504,0.378151059172853,2.31435816225238e-09,1451.57016841296,0.319499484857009,119.410143005513,39.4990554628703,0.0605991175558923,25.3272619560023,0.868335299753214,4.12952448984425,4.16846054375879,30.7304547289737,0.94367865628205,3.51613774374239,4.14620830776722,37.6857106997697,0.951440436073559,26.0234512919088,7.56344621885655
76,366.431128514571,100.350516988098,22.1560227642715,25.6107777699331,22.4195112274205,26.6075432867407,352.19985528629,1.50662637399996e-09,39.2864390061801,0.438678930364711,1.95682874700493e-09,75.5289167491125,0.368691674858501,2.30341181680556e-09,2310.29689295357,0.200270999969076,1.18580443246624e-09,2808.29297708504,0.378151059172853,2.31435816225238e-09,1451.57016841296,0.319499484857009,119.410143005513,39.4990554628703,0.0605991175558923,25.3272619560023,0.868335299753214,4.12952448984425,4.16846054375879,30.7304547289737,0.94367865628205,3.51613774374239,4.14620830776722,37.6857106997697,0.951440436073559,26.0234512919088,7.56344621885655
77,343.866029165577,82.8039748980942,22.7237259440101,26.6657268913042,21.8582869073087,25.8095102121624,361.312162333992,1.66388093395205e-09,39.1054266772433,0.417270802039892,1.67506992032205e-09,66.1980197832759,0.402708043325001,2.4816458339622e-09,2388.49042780508,0.206362003458462,1.09148871680049e-09,2839.44958255732,0.328929659959786,2.21634190528336e-09,1430.84035298652,0.261591127527557,105.49540170348,36.099392830646,0.324471155645633,28.3825736707885,0.818631876614224,6.85183917941098,3.45620984306697,37.999205242158,0.938432565835686,4.95027270720048,4.80065865391158,42.7827461172868,0.842664414509004,22.8475920220291,6.80772648883477
77,343.866029165577,82.8039748980942,22.7237259440101,26.6657268913042,21.8582869073087,25.8095102121624,361.312162333992,1.66388093395205e-09,39.1054266772433,0.417270802039892,1.67506992032205e-09,66.1980197832759,0.402708043325001,2.4816458339622e-09,2388.49042780508,0.206362003458462,1.09148871680049e-09,2839.44958255732,0.328929659959786,2.21634190528336e-09,1430.84035298652,0.261591127527557,105.49540170348,36.099392830646,0.324471155645633,28.3825736707885,0.818631876614224,6.85183917941098,3.45620984306697,37.999205242158,0.938432565835686,4.95027270720048,4.80065865391158,42.7827461172868,0.842664414509004,22.8475920220291,6.80772648883477
78,333.184559948778,119.840637982113,29.488876758436,29.7123016895095,28.7213422294982,23.9918186493484,367.178759022194,1.64911767365162e-09,39.4341162782779,0.408336247090402,1.62702131596186e-09,62.9719113989785,0.365249591439609,2.32778249763671e-09,2315.281736414,0.212823321937714,9.09358218964351e-10,2891.71458784869,0.349203492724056,2.27770908206303e-09,1559.14422225358,0.349738426915307,84.6572937144588,21.3351214900686,0.727671642069864,20.7058034981456,0.879168819463486,5.82468838958072,4.75978701945346,32.4694973725239,0.932214581163579,5.96210218170538,4.92526977489294,43.1360651094963,0.841014986986447,23.2249692571881,6.99439313072926
78,333.184559948778,119.840637982113,29.488876758436,29.7123016895095,28.7213422294982,23.9918186493484,367.178759022194,1.64911767365162e-09,39.4341162782779,0.408336247090402,1.62702131596186e-09,62.9719113989785,0.365249591439609,2.32778249763671e-09,2315.281736414,0.212823321937714,9.09358218964351e-10,2891.71458784869,0.349203492724056,2.27770908206303e-09,1559.14422225358,0.349738426915307,84.6572937144588,21.3351214900686,0.727671642069864,20.7058034981456,0.879168819463486,5.82468838958072,4.75978701945346,32.4694973725239,0.932214581163579,5.96210218170538,4.92526977489294,43.1360651094963,0.841014986986447,23.2249692571881,6.99439313072926
79,383.601828333105,111.391443344093,29.0499137582691,20.2769056909155,24.9728990700136,23.5954779822903,328.023873996406,1.67977163222211e-09,33.4315253331459,0.420364293668627,1.91630561075005e-09,64.0511979708454,0.357507357222981,2.48125363440343e-09,2288.37253975629,0.196987765195862,9.34139395421489e-10,3039.6549500531,0.313026720732549,2.04174377689602e-09,1447.42749451846,0.325811154102457,89.22274347681,20.8725284403652,0.51146810347305,23.5278641198777,0.894509667122572,4.549214382899,4.16074598852016,34.3960575510557,0.97816441479824,5.22367876230805,4.65617874543531,39.2408645027208,0.993131727266181,22.2289286974213,7.7325350026043
79,383.601828333105,111.391443344093,29.0499137582691,20.2769056909155,24.9728990700136,23.5954779822903,328.023873996406,1.67977163222211e-09,33.4315253331459,0.420364293668627,1.91630561075005e-09,64.0511979708454,0.357507357222981,2.48125363440343e-09,2288.37253975629,0.196987765195862,9.34139395421489e-10,3039.6549500531,0.313026720732549,2.04174377689602e-09,1447.42749451846,0.325811154102457,89.22274347681,20.8725284403652,0.51146810347305,23.5278641198777,0.894509667122572,4.549214382899,4.16074598852016,34.3960575510557,0.97816441479824,5.22367876230805,4.65617874543531,39.2408645027208,0.993131727266181,22.2289286974213,7.7325350026043
80,314.74635495643,80.3819888562262,29.0220284801827,27.5946228243096,29.5565128016267,24.4034592567487,393.009349179092,1.65932822518211e-09,32.5783832904877,0.449473424913839,1.84224433247885e-09,67.8404478810533,0.356021972914582,2.56824090154006e-09,2141.26044751549,0.209691834858292,9.16422446743347e-10,2818.24676514331,0.36050266714755,2.06652482364629e-09,1253.23529685015,0.250193157801514,101.162540520598,25.641077513095,0.348474201267484,22.361906328734,0.960912907684656,5.30398792625755,2.17907989983437,36.2347423125988,0.942907245182681,6.55263057739585,3.23544166244023,43.4164042312019,0.908239694317296,23.0106170134747,5.84174928690996
80,314.74635495643,80.3819888562262,29.0220284801827,27.5946228243096,29.5565128016267,24.4034592567487,393.009349179092,1.65932822518211e-09,32.5783832904877,0.449473424913839,1.84224433247885e-09,67.8404478810533,0.356021972914582,2.56824090154006e-09,2141.26044751549,0.209691834858292,9.16422446743347e-10,2818.24676514331,0.36050266714755,2.06652482364629e-09,1253.23529685015,0.250193157801514,101.162540520598,25.641077513095,0.348474201267484,22.361906328734,0.960912907684656,5.30398792625755,2.17907989983437,36.2347423125988,0.942907245182681,6.55263057739585,3.23544166244023,43.4164042312019,0.908239694317296,23.0106170134747,5.84174928690996
81,381.638725951878,107.480039818211,23.9415287420568,23.0427374155142,28.3196083293375,24.7253062314027,398.811841168399,1.49343336705437e-09,37.0698145276447,0.468166948683065,1.90373730415288e-09,72.2522030763115,0.387442823260107,2.0631102999964e-09,2512.99909982342,0.210502168241068,9.15547105713813e-10,3072.7423276248,0.323504067799536,2.08710858221235e-09,1269.1585369205,0.278971698868856,100.25712933908,21.6698522934439,0.250062210926348,21.9250016803753,0.906416308999987,5.61875215688696,3.5251975335045,30.1153149298124,0.973229443385431,5.93149435747077,3.96097366703031,40.5143616417795,0.937174268838452,21.2809591829125,6.24185054070663
81,381.638725951878,107.480039818211,23.9415287420568,23.0427374155142,28.3196083293375,24.7253062314027,398.811841168399,1.49343336705437e-09,37.0698145276447,0.468166948683065,1.90373730415288e-09,72.2522030763115,0.387442823260107,2.0631102999964e-09,2512.99909982342,0.210502168241068,9.15547105713813e-10,3072.7423276248,0.323504067799536,2.08710858221235e-09,1269.1585369205,0.278971698868856,100.25712933908,21.6698522934439,0.250062210926348,21.9250016803753,0.906416308999987,5.61875215688696,3.5251975335045,30.1153149298124,0.973229443385431,5.93149435747077,3.96097366703031,40.5143616417795,0.937174268838452,21.2809591829125,6.24185054070663
82,376.575059567041,116.291121320915,25.1667813398174,20.663959519735,26.7046113369023,27.4089511673645,364.453334896704,1.69115700943693e-09,38.9208255144373,0.417739033815048,1.8766279386734e-09,67.8764812549976,0.423707199709293,2.08522974843931e-09,2529.95432751337,0.191292265441105,1.00427842224695e-09,3238.04636476634,0.329750383538136,2.26672111573164e-09,1264.16755320366,0.315466201747114,80.8427133039229,39.7076362681586,0.665643547932077,23.8295575757503,0.904049575769191,5.5182206310137,2.09077231302064,30.8828522092218,0.862476575403006,6.33668008826035,4.92668511459484,37.4839225715371,0.869910211941246,22.2386066020326,5.03324030309667
82,376.575059567041,116.291121320915,25.1667813398174,20.663959519735,26.7046113369023,27.4089511673645,364.453334896704,1.69115700943693e-09,38.9208255144373,0.417739033815048,1.8766279386734e-09,67.8764812549976,0.423707199709293,2.08522974843931e-09,2529.95432751337,0.191292265441105,1.00427842224695e-09,3238.04636476634,0.329750383538136,2.26672111573164e-09,1264.16755320366,0.315466201747114,80.8427133039229,39.7076362681586,0.665643547932077,23.8295575757503,0.904049575769191,5.5182206310137,2.09077231302064,30.8828522092218,0.862476575403006,6.33668008826035,4.92668511459484,37.4839225715371,0.869910211941246,22.2386066020326,5.03324030309667
83,388.273580220556,110.884724840964,28.7300014426391,24.2486303187194,21.6521516101897,25.6725607134127,397.795432282157,1.60985975918425e-09,39.4965885116111,0.477629762303326,1.87254434456531e-09,68.6223170818219,0.365614292061896,2.57895094804787e-09,2670.23549604276,0.19779453769882,1.10367465176528e-09,2531.70299196301,0.399064015283364,2.13407227687639e-09,1568.44232763311,0.254987335702312,115.176016893381,31.2085941421436,0.138734611393022,26.4622739660935,0.900404247797627,7.72431471077639,4.94728002842253,34.8785587074912,0.818648486979772,7.09434699601096,5.78781585171527,41.9001006746787,0.910929426793348,23.0262590261176,5.70578159525548
83,388.273580220556,110.884724840964,28.7300014426391,24.2486303187194,21.6521516101897,25.6725607134127,397.795432282157,1.60985975918425e-09,39.4965885116111,0.477629762303326,1.87254434456531e-09,68.6223170818219,0.365614292061896,2.57895094804787e-09,2670.23549604276,0.19779453769882,1.10367465176528e-09,2531.70299196301,0.399064015283364,2.13407227687639e-09,1568.44232763311,0.254987335702312,115.176016893381,31.2085941421436,0.138734611393022,26.4622739660935,0.900404247797627,7.72431471077639,4.94728002842253,34.8785587074912,0.818648486979772,7.09434699601096,5.78781585171527,41.9001006746787,0.910929426793348,23.0262590261176,5.70578159525548
84,355.179618140201,85.4961591716118,29.2331098114523,25.0551297192981,23.7115728820501,24.4628591320995,343.388315444829,1.69449462373044e-09,31.8935212649725,0.443980001079567,1.61840800787544e-09,66.5520938239446,0.434719405084803,2.20219606779116e-09,2042.63926039628,0.204442915469658,1.17860986522381e-09,2841.40418586583,0.384785233407225,2.17143237378368e-09,1558.06612635689,0.311069788286969,93.1409935873199,27.517853313825,0.0927075358409757,25.5051248915001,0.798349546404051,6.17998654348243,3.34369802152218,38.8171736396853,0.935934589283156,5.08211039069682,6.21863155214869,35.4289709399371,0.865137412852926,29.9282567596706,7.7747863561852
84,355.179618140201,85.4961591716118,29.2331098114523,25.0551297192981,23.7115728820501,24.4628591320995,343.388315444829,1.69449462373044e-09,31.8935212649725,0.443980001079567,1.61840800787544e-09,66.5520938239446,0.434719405084803,2.20219606779116e-09,2042.63926039628,0.204442915469658,1.17860986522381e-09,2841.40418586583,0.384785233407225,2.17143237378368e-09,1558.06612635689,0.311069788286969,93.1409935873199,27.517853313825,0.0927075358409757,25.5051248915001,0.798349546404051,6.17998654348243,3.34369802152218,38.8171736396853,0.935934589283156,5.08211039069682,6.21863155214869,35.4289709399371,0.865137412852926,29.9282567596706,7.7747863561852
85,356.554506381958,85.8461673974385,25.3712770216636,21.5460586759898,22.452800220796,20.3101859352766,304.755945098466,1.45896587693299e-09,32.2087779239604,0.450788438818129,1.98542412155226e-09,62.2161754165955,0.360572098709175,2.12073330289737e-09,2197.18752982868,0.19020258277268,8.35730743977363e-10,2717.82033931217,0.39006220656912,2.1556481330104e-09,1299.64271775774,0.331800633204823,83.1875689622613,28.8997182460117,0.936519831757274,22.779604518183,0.917270493696214,5.88401074881531,4.28413689668243,36.4172259270377,0.935313545314629,3.73733674222458,4.50173792292724,37.582867349925,0.974481900157454,23.1151437388633,6.87391558890788
85,356.554506381958,85.8461673974385,25.3712770216636,21.5460586759898,22.452800220796,20.3101859352766,304.755945098466,1.45896587693299e-09,32.2087779239604,0.450788438818129,1.98542412155226e-09,62.2161754165955,0.360572098709175,2.12073330289737e-09,2197.18752982868,0.19020258277268,8.35730743977363e-10,2717.82033931217,0.39006220656912,2.1556481330104e-09,1299.64271775774,0.331800633204823,83.1875689622613,28.8997182460117,0.936519831757274,22.779604518183,0.917270493696214,5.88401074881531,4.28413689668243,36.4172259270377,0.935313545314629,3.73733674222458,4.50173792292724,37.582867349925,0.974481900157454,23.1151437388633,6.87391558890788
86,306.766242239802,100.242367299123,20.4970329428844,26.4079026468201,21.9590302039214,20.3910953206793,317.841113312488,1.76126837908717e-09,35.560486567315,0.454157816727981,1.84997791138543e-09,71.6885578960184,0.40602790848051,2.39598613457467e-09,2522.74616535241,0.213613711123289,1.14104122353589e-09,2983.3987429505,0.357914678560148,2.01435594419959e-09,1428.00261120568,0.299396663046126,81.4823263274923,25.4566608382238,0.978267126138317,29.9828592439328,0.796814381948709,6.932217315286,4.82178892157871,32.2533374862274,0.841684979428358,4.86564468652866,6.66407144795437,39.4651303701142,0.920087457983763,22.0185057298772,7.93729524101934
86,306.766242239802,100.242367299123,20.4970329428844,26.4079026468201,21.9590302039214,20.3910953206793,317.841113312488,1.76126837908717e-09,35.560486567315,0.454157816727981,1.84997791138543e-09,71.6885578960184,0.40602790848051,2.39598613457467e-09,2522.74616535241,0.213613711123289,1.14104122353589e-09,2983.3987429505,0.357914678560148,2.01435594419959e-09,1428.00261120568,0.299396663046126,81.4823263274923,25.4566608382238,0.978267126138317,29.9828592439328,0.796814381948709,6.932217315286,4.82178892157871,32.2533374862274,0.841684979428358,4.86564468652866,6.66407144795437,39.4651303701142,0.920087457983763,22.0185057298772,7.93729524101934
87,343.861484283967,114.140450905609,25.2278479101167,20.9893880977589,24.3576842040944,28.7512144241497,339.69943535131,1.5225473278817e-09,38.7345218284791,0.424091979337985,1.81677101171578e-09,79.432029649722,0.37602462132394,2.14917838151848e-09,2341.3026282042,0.215591797820673,9.75630183387985e-10,2722.48349064498,0.390090606796711,2.0022936957942e-09,1242.9126369925,0.284945897743015,100.615055830965,31.3910007770377,0.456265182261125,26.1063193291814,0.915362501660793,3.29974893040894,3.72741326151707,33.8449476897661,0.849402672098605,7.34767522563435,3.83836851843606,43.0954319755843,0.854768221619341,29.2053475615956,5.73755180862325
87,343.861484283967,114.140450905609,25.2278479101167,20.9893880977589,24.3576842040944,28.7512144241497,339.69943535131,1.5225473278817e-09,38.7345218284791,0.424091979337985,1.81677101171578e-09,79.432029649722,0.37602462132394,2.14917838151848e-09,2341.3026282042,0.215591797820673,9.75630183387985e-10,2722.48349064498,0.390090606796711,2.0022936957942e-09,1242.9126369925,0.284945897743015,100.615055830965,31.3910007770377,0.456265182261125,26.1063193291814,0.915362501660793,3.29974893040894,3.72741326151707,33.8449476897661,0.849402672098605,7.34767522563435,3.83836851843606,43.0954319755843,0.854768221619341,29.2053475615956,5.73755180862325
88,323.633029414562,109.659210117675,22.2664165511529,26.0721294387828,28.0532763887248,22.7538360388369,300.16661238693,1.75541092130928e-09,37.063447296646,0.411552595085207,1.94320080772483e-09,77.4205854803571,0.377998407296373,2.45390409072061e-09,2572.57639841809,0.190741751367262,8.35383227128203e-10,3491.31331632632,0.39169952117053,2.37222870780488e-09,1562.08395975707,0.318737484886138,91.3131893319991,23.7191174900719,0.421364334552573,20.5845160944269,0.897099545986984,4.95080559775204,3.87224366009842,36.5757321112906,0.91283950685241,3.61110081002815,4.64728178636998,43.8323437629942,0.880047728774922,28.1039675336571,6.57563882005939
88,323.633029414562,109.659210117675,22.2664165511529,26.0721294387828,28.0532763887248,22.7538360388369,300.16661238693,1.75541092130928e-09,37.063447296646,0.411552595085207,1.94320080772483e-09,77.4205854803571,0.377998407296373,2.45390409072061e-09,2572.57639841809,0.190741751367262,8.35383227128203e-10,3491.31331632632,0.39169952117053,2.37222870780488e-09,1562.08395975707,0.318737484886138,91.3131893319991,23.7191174900719,0.421364334552573,20.5845160944269,0.897099545986984,4.95080559775204,3.87224366009842,36.5757321112906,0.91283950685241,3.61110081002815,4.64728178636998,43.8323437629942,0.880047728774922,28.1039675336571,6.57563882005939
89,336.591045011184,91.895909986517,22.1828515954572,22.2146883872692,24.9367445915596,23.292437169415,369.583654628904,1.49010194482436e-09,32.1287148002245,0.46368948963258,1.93129584066149e-09,65.0162054672521,0.429208254152654,2.28914994212419e-09,2341.70392136033,0.183416533498862,1.147565114449e-09,3479.96665271696,0.309257594811402,2.16707661404335e-09,1529.56873432617,0.28755986066278,80.7756011737755,39.5395783675882,0.357651053106888,21.6445599666369,0.918860819556465,5.74539963633053,4.21328165852608,35.4278628200798,0.965793804321714,7.38191316752134,5.33557063822381,42.4968536432882,0.989469482589064,28.5031558099002,4.68272770886024
89,336.591045011184,91.895909986517,22.1828515954572,22.2146883872692,24.9367445915596,23.292437169415,369.583654628904,1.49010194482436e-09,32.1287148002245,0.46368948963258,1.93129584066149e-09,65.0162054672521,0.429208254152654,2.28914994212419e-09,2341.70392136033,0.183416533498862,1.147565114449e-09,3479.96665271696,0.309257594811402,2.16707661404335e-09,1529.56873432617,0.28755986066278,80.7756011737755,39.5395783675882,0.357651053106888,21.6445599666369,0.918860819556465,5.74539963633053,4.21328165852608,35.4278628200798,0.965793804321714,7.38191316752134,5.33557063822381,42.4968536432882,0.989469482589064,28.5031558099002,4.68272770886024
90,322.876631559524,85.3875564569281,29.8215766725871,22.2588612739019,22.7924146814801,21.6619961428896,387.957537767333,1.62177756399252e-09,32.7389040375426,0.416344703540304,1.61186411344415e-09,74.0646611171687,0.362962935641001,2.11504721468853e-09,2773.70481233809,0.211672758053172,8.85563702532014e-10,2953.5095285276,0.364079029410255,2.29090469634136e-09,1317.75055856445,0.264847195620339,117.510556282507,31.3516155405182,0.416124463138178,29.9886690317435,0.780083980179724,6.91386288275023,3.16415417457777,38.5306183763251,0.848931375649664,4.58250724416433,5.66432060720616,37.338209417867,0.898603638522628,26.798865080389,4.918156018373
90,322.876631559524,85.3875564569281,29.8215766725871,22.2588612739019,22.7924146814801,21.6619961428896,387.957537767333,1.62177756399252e-09,32.7389040375426,0.416344703540304,1.61186411344415e-09,74.0646611171687,0.362962935641001,2.11504721468853e-09,2773.70481233809,0.211672758053172,8.85563702532014e-10,2953.5095285276,0.364079029410255,2.29090469634136e-09,1317.75055856445,0.264847195620339,117.510556282507,31.3516155405182,0.416124463138178,29.9886690317435,0.780083980179724,6.91386288275023,3.16415417457777,38.5306183763251,0.848931375649664,4.58250724416433,5.66432060720616,37.338209417867,0.898603638522628,26.798865080389,4.918156018373
91,361.851087447003,112.952252097453,21.8990347587653,21.9560275664078,24.8855966192819,23.6826124123413,390.356508742904,1.72663419821116e-09,36.9554756236259,0.447983740916016,1.80702021482563e-09,73.0008493903911,0.413677075807098,2.57669596823248e-09,2401.89596528697,0.209097541163776,9.10084766910041e-10,3286.92092691779,0.31265189190843,2.06743341862392e-09,1266.00600523327,0.278986331969164,117.389621546236,35.5524553903275,0.420482215314551,24.7158452435447,0.784019644835444,6.20953485052993,2.2820359685852,35.9811556011894,0.886284529364817,6.43704748034309,4.88507888984678,44.9099884391231,0.910388729193943,24.8369528932992,5.11991906925024
91,361.851087447003,112.952252097453,21.8990347587653,21.9560275664078,24.8855966192819,23.6826124123413,390.356508742904,1.72663419821116e-09,36.9554756236259,0.447983740916016,1.80702021482563e-09,73.0008493903911,0.413677075807098,2.57669596823248e-09,2401.89596528697,0.209097541163776,9.10084766910041e-10,3286.92092691779,0.31265189190843,2.06743341862392e-09,1266.00600523327,0.278986331969164,117.389621546236,35.5524553903275,0.420482215314551,24.7158452435447,0.784019644835444,6.20953485052993,2.2820359685852,35.9811556011894,0.886284529364817,6.43704748034309,4.88507888984678,44.9099884391231,0.910388729193943,24.8369528932992,5.11991906925024
92,349.70665739544,113.334754433341,20.1971894294975,22.0921079774889,21.8603502482624,20.294742721986,390.351157752339,1.42883299871056e-09,37.4594393470869,0.422074006246628,1.85358952125584e-09,65.5678282291866,0.359435685164143,2.53372011079736e-09,2781.58436112658,0.205882983051881,8.19390965315231e-10,3438.91778866389,0.359593998027656,2.03430489708035e-09,1330.39183456837,0.311554778676935,100.429397279366,30.128298472078,0.992369138468807,27.8390710183454,0.826256834157594,5.3870915785939,4.5728205654572,31.5508800288255,0.976351134517039,5.72172922465774,4.80694176876948,42.0922997661732,0.96131932378746,24.4621395444681,7.17531361418461
92,349.70665739544,113.334754433341,20.1971894294975,22.0921079774889,21.8603502482624,20.294742721986,390.351157752339,1.42883299871056e-09,37.4594393470869,0.422074006246628,1.85358952125584e-09,65.5678282291866,0.359435685164143,2.53372011079736e-09,2781.58436112658,0.205882983051881,8.19390965315231e-10,3438.91778866389,0.359593998027656,2.03430489708035e-09,1330.39183456837,0.311554778676935,100.429397279366,30.128298472078,0.992369138468807,27.8390710183454,0.826256834157594,5.3870915785939,4.5728205654572,31.5508800288255,0.976351134517039,5.72172922465774,4.80694176876948,42.0922997661732,0.96131932378746,24.4621395444681,7.17531361418461
93,301.757703455644,94.2485156170483,21.0602345907261,20.4509113450825,22.1123849190605,22.2498847033105,354.608260227781,1.67351249163294e-09,38.8219956721351,0.419930786937831,1.61745149805985e-09,78.7735124160408,0.437826252515806,2.13555479334565e-09,2491.83435391215,0.19211791457926,9.48843776491441e-10,2664.96013987322,0.346082033731048,2.3211975395803e-09,1502.83246658898,0.335417141900151,111.166509115685,35.4508346412404,0.514372884666751,21.7087995156371,0.803709959890135,3.80721142066104,2.34843022539483,31.1404471788857,0.993097826673705,6.9988923356866,5.75230033004038,39.9018874608746,0.782966193584008,20.8581504882813,6.18735411014337
93,301.757703455644,94.2485156170483,21.0602345907261,20.4509113450825,22.1123849190605,22.2498847033105,354.608260227781,1.67351249163294e-09,38.8219956721351,0.419930786937831,1.61745149805985e-09,78.7735124160408,0.437826252515806,2.13555479334565e-09,2491.83435391215,0.19211791457926,9.48843776491441e-10,2664.96013987322,0.346082033731048,2.3211975395803e-09,1502.83246658898,0.335417141900151,111.166509115685,35.4508346412404,0.514372884666751,21.7087995156371,0.803709959890135,3.80721142066104,2.34843022539483,31.1404471788857,0.993097826673705,6.9988923356866,5.75230033004038,39.9018874608746,0.782966193584008,20.8581504882813,6.18735411014337
94,344.000140744985,101.706839793068,22.7173695173869,21.9003330745041,21.8311453431426,29.142790031373,328.252773949263,1.64911893903777e-09,39.662972223478,0.451452710227009,1.77165337145088e-09,79.7634911682258,0.397815550565466,2.07753546045124e-09,2465.62441969703,0.182787004730685,8.87714073112095e-10,3087.5386340858,0.360973078397326,2.19808363798645e-09,1395.43461552883,0.338337915771798,85.4368702023663,25.7911649185681,0.447134106460707,23.4283589747515,0.792477969517038,7.80909312513467,2.09459859290588,33.8674765859348,0.826460241276568,5.141391681824,4.94966995450307,41.1070655218111,0.851949671263281,29.0496668908688,5.65588235316125
94,344.000140744985,101.706839793068,22.7173695173869,21.9003330745041,21.8311453431426,29.142790031373,328.252773949263,1.64911893903777e-09,39.662972223478,0.451452710227009,1.77165337145088e-09,79.7634911682258,0.397815550565466,2.07753546045124e-09,2465.62441969703,0.182787004730685,8.87714073112095e-10,3087.5386340858,0.360973078397326,2.19808363798645e-09,1395.43461552883,0.338337915771798,85.4368702023663,25.7911649185681,0.447134106460707,23.4283589747515,0.792477969517038,7.80909312513467,2.09459859290588,33.8674765859348,0.826460241276568,5.141391681824,4.94966995450307,41.1070655218111,0.851949671263281,29.0496668908688,5.65588235316125
95,355.202738029672,90.9930762187366,29.1418368294783,22.1206299195043,29.475835673913,21.9189852900553,322.937333420318,1.75282451310068e-09,30.534227949913,0.479418209646612,1.77375512993514e-09,71.7743853859363,0.409154834018838,2.55505864823551e-09,2621.67217846364,0.195323837781831,9.35073776716149e-10,2703.0292474535,0.363065979928585,2.3735649455501e-09,1354.90985792007,0.278750317413464,89.9509920333845,38.1314769717002,0.791369342913301,24.0908936648772,0.898068316298305,7.76227784462681,4.14485093029097,36.1966516268811,0.887442959380893,4.19976837260297,6.8168759148212,38.8023722096579,0.882960698649655,27.8237179040893,5.30573882883772
95,355.202738029672,90.9930762187366,29.1418368294783,22.1206299195043,29.475835673913,21.9189852900553,322.937333420318,1.75282451310068e-09,30.534227949913,0.479418209646612,1.77375512993514e-09,71.7743853859363,0.409154834018838,2.55505864823551e-09,2621.67217846364,0.195323837781831,9.35073776716149e-10,2703.0292474535,0.363065979928585,2.3735649455501e-09,1354.90985792007,0.278750317413464,89.9509920333845,38.1314769717002,0.791369342913301,24.0908936648772,0.898068316298305,7.76227784462681,4.14485093029097,36.1966516268811,0.887442959380893,4.19976837260297,6.8168759148212,38.8023722096579,0.882960698649655,27.8237179040893,5.30573882883772
96,372.093305103991,94.0014374787033,23.1865769555874,27.8961736875181,21.2189311084485,24.9758611721622,370.975533683541,1.63394169667396e-09,30.3699050632238,0.438631462904183,1.83312980620988e-09,78.0578602066921,0.414381425039638,2.42826170436402e-09,2700.83668071926,0.201243643916139,9.17233495547381e-10,3088.11303743943,0.302565850739945,2.25190079022537e-09,1343.68507432237,0.293680032013341,106.200721196577,32.1201461579924,0.373491766945186,23.2989261582246,0.812966580472405,3.03038960965245,4.9870421291169,35.8658136472209,0.904583445909817,7.50212353567892,3.44195731017119,44.27124605772,0.813730330114792,22.2974389851668,5.61298156335081
96,372.093305103991,94.0014374787033,23.1865769555874,27.8961736875181,21.2189311084485,24.9758611721622,370.975533683541,1.63394169667396e-09,30.3699050632238,0.438631462904183,1.83312980620988e-09,78.0578602066921,0.414381425039638,2.42826170436402e-09,2700.83668071926,0.201243643916139,9.17233495547381e-10,3088.11303743943,0.302565850739945,2.25190079022537e-09,1343.68507432237,0.293680032013341,106.200721196577,32.1201461579924,0.373491766945186,23.2989261582246,0.812966580472405,3.03038960965245,4.9870421291169,35.8658136472209,0.904583445909817,7.50212353567892,3.44195731017119,44.27124605772,0.813730330114792,22.2974389851668,5.61298156335081
97,343.144180945305,119.436813754173,29.6850770327984,29.8406838228766,29.1360313239394,22.1626900436373,398.324991967417,1.64330290230163e-09,36.9485385823676,0.474377548599276,1.92188116078378e-09,60.3668332439557,0.403515192623683,2.58006826070813e-09,2516.59365163257,0.186427711426693,1.07143136577736e-09,3293.29477218529,0.386810667639165,2.23173627387893e-09,1410.79083844518,0.309052822426451,112.505606540465,38.3105176618142,0.83692946756675,24.6080005463967,0.902540114870027,3.24759218556581,3.26442226802793,38.5419131226523,0.880739975792846,6.40945372492822,6.8519137284669,44.4366994640389,0.991539367244092,24.2830242904245,5.57561357916646
97,343.144180945305,119.436813754173,29.6850770327984,29.8406838228766,29.1360313239394,22.1626900436373,398.324991967417,1.64330290230163e-09,36.9485385823676,0.474377548599276,1.92188116078378e-09,60.3668332439557,0.403515192623683,2.58006826070813e-09,2516.59365163257,0.186427711426693,1.07143136577736e-09,3293.29477218529,0.386810667639165,2.23173627387893e-09,1410.79083844518,0.309052822426451,112.505606540465,38.3105176618142,0.83692946756675,24.6080005463967,0.902540114870027,3.24759218556581,3.26442226802793,38.5419131226523,0.880739975792846,6.40945372492822,6.8519137284669,44.4366994640389,0.991539367244092,24.2830242904245,5.57561357916646
98,392.513824292471,116.976353730727,29.464404814887,29.1784081656583,29.6052130800029,27.6615066612454,361.97364259206,1.58145033246098e-09,39.3993835578803,0.474217418042122,1.76239420030519e-09,75.3244845140622,0.402754191704026,2.01132249234392e-09,2455.71077321674,0.197139012445143,9.81907166342625e-10,3061.64274180474,0.31926893447647,2.23850266819345e-09,1245.08870170385,0.313856695820836,102.482563168284,34.631387798744,0.648673100084236,21.8226696095749,0.919108554910664,3.7025171777133,3.40299464235435,35.879801875184,0.820299194941743,6.04003572239714,3.820121012874,37.0638237000105,0.952667826499396,20.9510820848936,4.32774936325565
98,392.513824292471,116.976353730727,29.464404814887,29.1784081656583,29.6052130800029,27.6615066612454,361.97364259206,1.58145033246098e-09,39.3993835578803,0.474217418042122,1.76239420030519e-09,75.3244845140622,0.402754191704026,2.01132249234392e-09,2455.71077321674,0.197139012445143,9.81907166342625e-10,3061.64274180474,0.31926893447647,2.23850266819345e-09,1245.08870170385,0.313856695820836,102.482563168284,34.631387798744,0.648673100084236,21.8226696095749,0.919108554910664,3.7025171777133,3.40299464235435,35.879801875184,0.820299194941743,6.04003572239714,3.820121012874,37.0638237000105,0.952667826499396,20.9510820848936,4.32774936325565
99,300.634757906648,105.41796483279,21.5486520963153,21.2939710247688,26.2890614289993,29.2331645667689,309.869196852868,1.52126618588927e-09,32.6622672696998,0.442447250716892,1.82004273562321e-09,73.3848358041722,0.417689148837649,2.31327036507846e-09,2371.9883512662,0.213845686523707,1.15145249268854e-09,2584.22577257111,0.375730443160415,2.26098206293458e-09,1358.38406063627,0.319821671500713,108.73978998514,23.6536264009741,0.882542863426334,20.2158470308649,0.802643913120669,6.01210649804519,4.91503947854424,36.1385049811619,0.922131795188937,5.02111021572257,6.69296621115034,40.6398811765514,0.787100486051011,22.8800109853432,5.05865985881549
99,300.634757906648,105.41796483279,21.5486520963153,21.2939710247688,26.2890614289993,29.2331645667689,309.869196852868,1.52126618588927e-09,32.6622672696998,0.442447250716892,1.82004273562321e-09,73.3848358041722,0.417689148837649,2.31327036507846e-09,2371.9883512662,0.213845686523707,1.15145249268854e-09,2584.22577257111,0.375730443160415,2.26098206293458e-09,1358.38406063627,0.319821671500713,108.73978998514,23.6536264009741,0.882542863426334,20.2158470308649,0.802643913120669,6.01210649804519,4.91503947854424,36.1385049811619,0.922131795188937,5.02111021572257,6.69296621115034,40.6398811765514,0.787100486051011,22.8800109853432,5.05865985881549
100,364.338580986,92.836951459571,28.6226730844802,28.4199654666372,25.1799627577283,26.6916919931521,353.266539438473,1.71455449018855e-09,33.0203913839736,0.46874159359841,1.83830040461349e-09,72.6006886765987,0.355951979430062,2.45690109082483e-09,2263.87737004507,0.196928114604848,9.13957064244115e-10,2564.73867551559,0.326188096860179,2.31945282292601e-09,1280.59371763886,0.319255102311769,86.0480226132837,39.6043534195808,0.750204332830073,24.4252519772324,0.825214394803319,4.73357803379322,2.94720683132648,38.067961163551,0.807662675380163,6.61864748688012,6.0943036114708,43.1341053982384,0.990775435298289,26.055205357092,4.46988412360704
100,364.338580986,92.836951459571,28.6226730844802,28.4199654666372,25.1799627577283,26.6916919931521,353.266539438473,1.71455449018855e-09,33.0203913839736,0.46874159359841,1.83830040461349e-09,72.6006886765987,0.355951979430062,2.45690109082483e-09,2263.87737004507,0.196928114604848,9.13957064244115e-10,2564.73867551559,0.326188096860179,2.31945282292601e-09,1280.59371763886,0.319255102311769,86.0480226132837,39.6043534195808,0.750204332830073,24.4252519772324,0.825214394803319,4.73357803379322,2.94720683132648,38.067961163551,0.807662675380163,6.61864748688012,6.0943036114708,43.1341053982384,0.990775435298289,26.055205357092,4.46988412360704
101,361.617278299614,100.715740722245,29.2524387989009,29.338788414922,21.794982553841,21.6386333127065,376.650703769951,1.63552793296458e-09,39.5459653899007,0.443250159926935,1.99163163853346e-09,65.3070820840853,0.401579526822254,2.59380397838684e-09,2382.78133599762,0.180453444836856,1.07214066354203e-09,3010.52489020405,0.307080673500416,2.10086995857864e-09,1207.5730054161,0.261407190452358,114.799344309898,25.5470498676117,0.946597997391831,24.7612111697611,0.972527529914529,5.23088740686808,4.19617183745849,39.4177794371951,0.995194448518717,4.99859533986124,4.4527764837094,41.9017776478008,0.855940871217733,22.6774103726059,5.71777061122123
101,361.617278299614,100.715740722245,29.2524387989009,29.338788414922,21.794982553841,21.6386333127065,376.650703769951,1.63552793296458e-09,39.5459653899007,0.443250159926935,1.99163163853346e-09,65.3070820840853,0.401579526822254,2.59380397838684e-09,2382.78133599762,0.180453444836856,1.07214066354203e-09,3010.52489020405,0.307080673500416,2.10086995857864e-09,1207.5730054161,0.261407190452358,114.799344309898,25.5470498676117,0.946597997391831,24.7612111697611,0.972527529914529,5.23088740686808,4.19617183745849,39.4177794371951,0.995194448518717,4.99859533986124,4.4527764837094,41.9017776478008,0.855940871217733,22.6774103726059,5.71777061122123
102,397.50148037304,85.0247776222034,24.0876087126514,24.3406397856629,21.3333198637397,20.9979663242857,311.024521003865,1.48903056178461e-09,39.6064590551552,0.438854723177029,1.64032456298639e-09,76.1301639617338,0.354921546222978,2.42712434591906e-09,2336.78208035998,0.187483666305346,1.09720937962435e-09,3275.57316891894,0.343499426170528,2.14372516230711e-09,1588.71242604726,0.271854910244092,97.164769109302,25.8285315484133,0.684562307781871,29.7372791599735,0.833518436881644,6.60281940029745,3.56153767106846,38.5924236877459,0.886186702434075,3.6973034194386,5.77386108185137,38.0382160247708,0.873393211086373,28.1034762607526,5.9564216675705
102,397.50148037304,85.0247776222034,24.0876087126514,24.3406397856629,21.3333198637397,20.9979663242857,311.024521003865,1.48903056178461e-09,39.6064590551552,0.438854723177029,1.64032456298639e-09,76.1301639617338,0.354921546222978,2.42712434591906e-09,2336.78208035998,0.187483666305346,1.09720937962435e-09,3275.57316891894,0.343499426170528,2.14372516230711e-09,1588.71242604726,0.271854910244092,97.164769109302,25.8285315484133,0.684562307781871,29.7372791599735,0.833518436881644,6.60281940029745,3.56153767106846,38.5924236877459,0.886186702434075,3.6973034194386,5.77386108185137,38.0382160247708,0.873393211086373,28.1034762607526,5.9564216675705
103,370.042376883513,86.7451302878475,29.6670577428268,29.0373722705656,26.2587332329707,24.9103835433762,349.826691138965,1.76595779587546e-09,39.7836895686987,0.454612740359707,1.8455310274862e-09,69.9166733477424,0.425050460543389,2.39521431974511e-09,2245.3557490382,0.19517798682016,9.81775838482741e-10,2632.53531049446,0.342175892039802,2.12265692906349e-09,1240.71981868884,0.295186143580936,86.8213098986726,35.6764650526236,0.290890692076536,25.4420390179747,0.791322043830867,7.27036911738475,2.71203505471356,37.0882132005357,0.888130214374475,7.85220069126244,6.50493776934894,38.0767411233586,0.848582753188348,21.0924886045034,7.35857031023393
103,370.042376883513,86.7451302878475,29.6670577428268,29.0373722705656,26.2587332329707,24.9103835433762,349.826691138965,1.76595779587546e-09,39.7836895686987,0.454612740359707,1.8455310274862e-09,69.9166733477424,0.425050460543389,2.39521431974511e-09,2245.3557490382,0.19517798682016,9.81775838482741e-10,2632.53531049446,0.342175892039802,2.12265692906349e-09,1240.71981868884,0.295186143580936,86.8213098986726,35.6764650526236,0.290890692076536,25.4420390179747,0.791322043830867,7.27036911738475,2.71203505471356,37.0882132005357,0.888130214374475,7.85220069126244,6.50493776934894,38.0767411233586,0.848582753188348,21.0924886045034,7.35857031023393
104,306.209767699841,110.617985571528,22.2195698419875,24.1165810364995,29.7385589287134,27.8564785601991,345.683897387948,1.71957806738058e-09,36.2310787118159,0.454574324414346,1.67987998864894e-09,79.7627065959081,0.441080924570154,2.44150596785929e-09,2489.77683968414,0.202918456824191,8.2719153668342e-10,3120.5431858393,0.336466342654798,2.22804466169987e-09,1516.58016050572,0.322095763369082,107.248043993762,31.328945156264,0.218814002251676,22.4935454451339,0.889415431228582,7.64387737315169,2.34002442256332,38.6977379463905,0.864894672844812,7.59180586283887,6.14446213426927,35.7971848272502,0.857634854222673,23.4209778981403,7.71139399359345
104,306.209767699841,110.617985571528,22.2195698419875,24.1165810364995,29.7385589287134,27.8564785601991,345.683897387948,1.71957806738058e-09,36.2310787118159,0.454574324414346,1.67987998864894e-09,79.7627065959081,0.441080924570154,2.44150596785929e-09,2489.77683968414,0.202918456824191,8.2719153668342e-10,3120.5431858393,0.336466342654798,2.22804466169987e-09,1516.58016050572,0.322095763369082,107.248043993762,31.328945156264,0.218814002251676,22.4935454451339,0.889415431228582,7.64387737315169,2.34002442256332,38.6977379463905,0.864894672844812,7.59180586283887,6.14446213426927,35.7971848272502,0.857634854222673,23.4209778981403,7.71139399359345
105,366.718113661245,99.9549057817735,20.7975574877211,21.396288785865,27.9507027550614,20.2140819756981,319.306168798552,1.55354754354043e-09,34.9077068233406,0.439024702311616,1.80142297407577e-09,77.7859489596589,0.433475787373992,2.09523650219012e-09,2103.26844361735,0.182690782038333,9.54133403526027e-10,2881.38973959743,0.399087287197421,2.37002738224116e-09,1399.92900870732,0.284308833572957,102.103280714097,34.0254239438134,0.796736584405237,25.3014677468924,0.989392219681964,5.13230738438234,2.75023790569568,32.0912536821834,0.970054173679434,4.84548455924389,5.44316854096267,37.1062904496917,0.795842761728086,25.0038922322026,5.96376611453866
105,366.718113661245,99.9549057817735,20.7975574877211,21.396288785865,27.9507027550614,20.2140819756981,319.306168798552,1.55354754354043e-09,34.9077068233406,0.439024702311616,1.80142297407577e-09,77.7859489596589,0.433475787373992,2.09523650219012e-09,2103.26844361735,0.182690782038333,9.54133403526027e-10,2881.38973959743,0.399087287197421,2.37002738224116e-09,1399.92900870732,0.284308833572957,102.103280714097,34.0254239438134,0.796736584405237,25.3014677468924,0.989392219681964,5.13230738438234,2.75023790569568,32.0912536821834,0.970054173679434,4.84548455924389,5.44316854096267,37.1062904496917,0.795842761728086,25.0038922322026,5.96376611453866
106,394.611507148661,104.927252740324,20.8417210149119,20.3995779314496,20.0259624941082,26.6331440218223,340.543191457933,1.43393561123856e-09,31.0414081563923,0.419784210673722,1.64870175182248e-09,62.5276575515252,0.356200331907267,2.16521026356023e-09,2208.64676325916,0.192109140364411,8.3633993874759e-10,2730.0145477432,0.300037989566973,2.10315962520175e-09,1568.80883092521,0.30824813098089,80.8016993874923,37.5691475395885,0.0369007559226892,21.5446102552339,0.957849279240019,7.30560938809833,3.05744024446131,33.6409440710154,0.841876483398456,4.11987490230008,4.34189876132494,43.3205831152463,0.904017228911488,28.481953572898,7.95805610360133
106,394.611507148661,104.927252740324,20.8417210149119,20.3995779314496,20.0259624941082,26.6331440218223,340.543191457933,1.43393561123856e-09,31.0414081563923,0.419784210673722,1.64870175182248e-09,62.5276575515252,0.356200331907267,2.16521026356023e-09,2208.64676325916,0.192109140364411,8.3633993874759e-10,2730.0145477432,0.300037989566973,2.10315962520175e-09,1568.80883092521,0.30824813098089,80.8016993874923,37.5691475395885,0.0369007559226892,21.5446102552339,0.957849279240019,7.30560938809833,3.05744024446131,33.6409440710154,0.841876483398456,4.11987490230008,4.34189876132494,43.3205831152463,0.904017228911488,28.481953572898,7.95805610360133
107,333.281470034721,116.3361642633,24.4104892523061,24.6445662820832,23.2135374003728,26.5920860326579,355.566023245735,1.63571172721006e-09,31.7060324659384,0.477193030952356,1.97940907698348e-09,74.5376110211669,0.404540658850997,2.26880735764353e-09,2103.47247691093,0.191751428104394,9.5713312061518e-10,2824.27058981137,0.349816633300945,2.30444886925708e-09,1349.12844830307,0.332802831247671,106.191916499534,35.6523329315109,0.290928826236443,28.9207699092591,0.868807828297373,5.06079072758179,2.33331681694135,35.7569715466453,0.819313214172722,5.65755322086469,6.09716253470083,35.3789595464471,0.825357191235108,20.2163474226997,7.51292920459661
107,333.281470034721,116.3361642633,24.4104892523061,24.6445662820832,23.2135374003728,26.5920860326579,355.566023245735,1.63571172721006e-09,31.7060324659384,0.477193030952356,1.97940907698348e-09,74.5376110211669,0.404540658850997,2.26880735764353e-09,2103.47247691093,0.191751428104394,9.5713312061518e-10,2824.27058981137,0.349816633300945,2.30444886925708e-09,1349.12844830307,0.332802831247671,106.191916499534,35.6523329315109,0.290928826236443,28.9207699092591,0.868807828297373,5.06079072758179,2.33331681694135,35.7569715466453,0.819313214172722,5.65755322086469,6.09716253470083,35.3789595464471,0.825357191235108,20.2163474226997,7.51292920459661
108,348.259056328945,80.1572638536457,26.326321987413,29.3746593068758,23.6101396341106,29.6413460982279,321.384813340869,1.75338311557315e-09,32.8417632259214,0.423875830567394,1.68993866275498e-09,78.6911986609011,0.42771958907947,2.1596525280455e-09,2245.85660353528,0.2195520914668,1.06088868480321e-09,2822.93230892458,0.321685796234473,2.14524299648435e-09,1482.3809760636,0.26878506061937,112.044316091149,30.6824230639965,0.857575453772273,24.6688872889406,0.945227909929311,3.78490018882999,2.89759483155959,37.3980634964597,0.885299072268748,5.40173443275063,3.79548660024466,40.2747845195186,0.848012707800581,27.8569144098465,6.98075773246919
108,348.259056328945,80.1572638536457,26.326321987413,29.3746593068758,23.6101396341106,29.6413460982279,321.384813340869,1.75338311557315e-09,32.8417632259214,0.423875830567394,1.68993866275498e-09,78.6911986609011,0.42771958907947,2.1596525280455e-09,2245.85660353528,0.2195520914668,1.06088868480321e-09,2822.93230892458,0.321685796234473,2.14524299648435e-09,1482.3809760636,0.26878506061937,112.044316091149,30.6824230639965,0.857575453772273,24.6688872889406,0.945227909929311,3.78490018882999,2.89759483155959,37.3980634964597,0.885299072268748,5.40173443275063,3.79548660024466,40.2747845195186,0.848012707800581,27.8569144098465,6.98075773246919
109,386.979402644951,94.6702359540219,21.6391641820939,21.2157082145351,27.6706901800676,21.8650744320433,345.198888083349,1.42178751849335e-09,39.489137799742,0.460042539507365,1.66063381204221e-09,71.3116168032271,0.420530653306217,2.43144285079858e-09,2399.7028093668,0.213630299631092,9.72854909151828e-10,2847.63318398376,0.355491000430803,2.00936351404162e-09,1241.41862541421,0.275309993990071,85.0020219486403,21.1824874582525,0.559877574862338,23.5020119097096,0.991496763107985,3.23571633984613,3.09780941036419,31.4303674778705,0.916841080366709,6.74841409216298,5.08934808377101,43.2223618023474,0.937766929460901,25.1504959776903,5.24336551930212
109,386.979402644951,94.6702359540219,21.6391641820939,21.2157082145351,27.6706901800676,21.8650744320433,345.198888083349,1.42178751849335e-09,39.489137799742,0.460042539507365,1.66063381204221e-09,71.3116168032271,0.420530653306217,2.43144285079858e-09,2399.7028093668,0.213630299631092,9.72854909151828e-10,2847.63318398376,0.355491000430803,2.00936351404162e-09,1241.41862541421,0.275309993990071,85.0020219486403,21.1824874582525,0.559877574862338,23.5020119097096,0.991496763107985,3.23571633984613,3.09780941036419,31.4303674778705,0.916841080366709,6.74841409216298,5.08934808377101,43.2223618023474,0.937766929460901,25.1504959776903,5.24336551930212
110,305.624444295694,88.0350909986962,23.2912941809354,27.8124349065406,24.4121081705031,22.6136389679091,368.641594918203,1.79108351320858e-09,30.6056570698017,0.409306084823303,1.70190111737828e-09,77.3029732605404,0.363093325127459,2.31221985447031e-09,2283.34281084514,0.212167980729918,1.16846108961235e-09,2549.54800449237,0.372367609775644,2.00695538928634e-09,1523.3455878533,0.256871080293427,95.2238403420345,20.4432722931121,0.350084082970909,21.2705304799511,0.97240187989727,6.41483484674042,2.45877753243152,31.454203173716,0.996543057015737,5.21868242152377,4.085362247891,37.2515554034472,0.807756169803856,25.2910673598159,6.8872918115448
110,305.624444295694,88.0350909986962,23.2912941809354,27.8124349065406,24.4121081705031,22.6136389679091,368.641594918203,1.79108351320858e-09,30.6056570698017,0.409306084823303,1.70190111737828e-09,77.3029732605404,0.363093325127459,2.31221985447031e-09,2283.34281084514,0.212167980729918,1.16846108961235e-09,2549.54800449237,0.372367609775644,2.00695538928634e-09,1523.3455878533,0.256871080293427,95.2238403420345,20.4432722931121,0.350084082970909,21.2705304799511,0.97240187989727,6.41483484674042,2.45877753243152,31.454203173716,0.996543057015737,5.21868242152377,4.085362247891,37.2515554034472,0.807756169803856,25.2910673598159,6.8872918115448
111,345.086422664369,92.3817456184147,27.6950532721157,28.3324999976684,20.3151999648875,21.0672533493985,350.029588720466,1.41008391029865e-09,32.3200721021416,0.477630280490089,1.94523768834727e-09,67.715396683575,0.390502400641426,2.29969675430815e-09,2329.94472858205,0.216243100573902,1.16224569263559e-09,2501.24799694004,0.349114232351042,2.22976003962183e-09,1428.30177024606,0.263766213837911,111.359599778049,21.0421022076329,0.806877433104774,22.9553148158854,0.893888388327054,3.4548579964036,2.63921570015895,36.7253251458426,0.872588119912952,5.06951958797404,5.77717279831051,43.004025329893,0.900016036397493,24.5580615467633,7.38548954505033
111,345.086422664369,92.3817456184147,27.6950532721157,28.3324999976684,20.3151999648875,21.0672533493985,350.029588720466,1.41008391029865e-09,32.3200721021416,0.477630280490089,1.94523768834727e-09,67.715396683575,0.390502400641426,2.29969675430815e-09,2329.94472858205,0.216243100573902,1.16224569263559e-09,2501.24799694004,0.349114232351042,2.22976003962183e-09,1428.30177024606,0.263766213837911,111.359599778049,21.0421022076329,0.806877433104774,22.9553148158854,0.893888388327054,3.4548579964036,2.63921570015895,36.7253251458426,0.872588119912952,5.06951958797404,5.77717279831051,43.004025329893,0.900016036397493,24.5580615467633,7.38548954505033
112,355.833579909698,117.131252621406,21.5848123899632,20.2218827646162,24.9203530281307,23.4590074395369,312.374983311584,1.46449345908269e-09,39.1005797707711,0.454151888057391,1.98852926066427e-09,60.9105705227167,0.387145817144881,2.52651661334967e-09,2434.97399967926,0.213973907121073,1.10863329812567e-09,3241.71178512292,0.370392532098613,2.2452009138277e-09,1504.57274285696,0.342113651205202,104.410366389638,28.3230364264709,0.956887067896217,23.5972575267082,0.950615384981987,5.27188905945684,4.28445097026362,39.3196896691546,0.958077419624931,5.86767073990791,3.98202302374071,37.5586846324533,0.952897933328659,21.2475492815722,4.5733974325788
112,355.833579909698,117.131252621406,21.5848123899632,20.2218827646162,24.9203530281307,23.4590074395369,312.374983311584,1.46449345908269e-09,39.1005797707711,0.454151888057391,1.98852926066427e-09,60.9105705227167,0.387145817144881,2.52651661334967e-09,2434.97399967926,0.213973907121073,1.10863329812567e-09,3241.71178512292,0.370392532098613,2.2452009138277e-09,1504.57274285696,0.342113651205202,104.410366389638,28.3230364264709,0.956887067896217,23.5972575267082,0.950615384981987,5.27188905945684,4.28445097026362,39.3196896691546,0.958077419624931,5.86767073990791,3.98202302374071,37.5586846324533,0.952897933328659,21.2475492815722,4.5733974325788
113,396.993865658917,86.8682346336094,29.831558867981,23.5491351472771,21.7419610937354,23.2981020720479,359.86313856352,1.68000509466471e-09,38.3885416716158,0.428390337574522,1.66278797308848e-09,65.2453537699581,0.442209845727161,2.32838465200378e-09,2285.54379799079,0.20025429725901,9.35303546064104e-10,2616.20152702841,0.356684576594723,2.16007591270684e-09,1279.21977268455,0.253020732158338,100.987209699854,22.3078250165929,0.804778099264591,22.832816460556,0.810502295955338,4.28150364343653,2.80415398817054,31.3953469992623,0.8790759998516,3.71896997258292,5.94896428837206,36.690172704034,0.81775111090207,27.0840121293286,4.83700096793389
113,396.993865658917,86.8682346336094,29.831558867981,23.5491351472771,21.7419610937354,23.2981020720479,359.86313856352,1.68000509466471e-09,38.3885416716158,0.428390337574522,1.66278797308848e-09,65.2453537699581,0.442209845727161,2.32838465200378e-09,2285.54379799079,0.20025429725901,9.35303546064104e-10,2616.20152702841,0.356684576594723,2.16007591270684e-09,1279.21977268455,0.253020732158338,100.987209699854,22.3078250165929,0.804778099264591,22.832816460556,0.810502295955338,4.28150364343653,2.80415398817054,31.3953469992623,0.8790759998516,3.71896997258292,5.94896428837206,36.690172704034,0.81775111090207,27.0840121293286,4.83700096793389
114,328.0484550086,113.2905676153,27.3101790590408,27.7617836620744,25.4212193425101,21.3669342564797,376.328519310063,1.75240850765052e-09,38.7778181181145,0.433458823907094,1.9143555363328e-09,66.4245635885639,0.399693577592404,2.59234457462716e-09,2052.55393893886,0.198005176641316,1.16153920205795e-09,2979.39432300635,0.302092818113944,2.21559819118905e-09,1458.96771483807,0.29913692570769,106.681792102041,37.3024439427598,0.6070911736324,29.419869250723,0.858618799386876,7.68921215814052,4.62413418470937,30.0706800922186,0.844790344182378,4.2240569057026,5.52964077925773,42.3202690837688,0.78563508021835,25.8254513006241,7.66146398781273
114,328.0484550086,113.2905676153,27.3101790590408,27.7617836620744,25.4212193425101,21.3669342564797,376.328519310063,1.75240850765052e-09,38.7778181181145,0.433458823907094,1.9143555363328e-09,66.4245635885639,0.399693577592404,2.59234457462716e-09,2052.55393893886,0.198005176641316,1.16153920205795e-09,2979.39432300635,0.302092818113944,2.21559819118905e-09,1458.96771483807,0.29913692570769,106.681792102041,37.3024439427598,0.6070911736324,29.419869250723,0.858618799386876,7.68921215814052,4.62413418470937,30.0706800922186,0.844790344182378,4.2240569057026,5.52964077925773,42.3202690837688,0.78563508021835,25.8254513006241,7.66146398781273
115,360.929421160435,86.4339393897673,25.1416804999444,24.5362194674173,21.7567413449486,23.1538983231168,351.204493252623,1.42338448948213e-09,38.2346367111295,0.410330498603377,1.95564382265587e-09,77.3363867347996,0.434925533619451,2.25693354741449e-09,2023.15254316636,0.213374663133833,9.1483665771739e-10,2650.66573707715,0.373060342704342,2.18920529029132e-09,1520.10343228684,0.270573438437847,111.276818538309,32.8681839037076,0.773450662091189,29.2000504940555,0.990956053913986,3.00446639420332,3.0016025065986,39.3493866679962,0.855977303914732,4.79979157023149,3.88566420700299,44.5286479420095,0.939798064090716,29.0615513535336,4.09851532708045
115,360.929421160435,86.4339393897673,25.1416804999444,24.5362194674173,21.7567413449486,23.1538983231168,351.204493252623,1.42338448948213e-09,38.2346367111295,0.410330498603377,1.95564382265587e-09,77.3363867347996,0.434925533619451,2.25693354741449e-09,2023.15254316636,0.213374663133833,9.1483665771739e-10,2650.66573707715,0.373060342704342,2.18920529029132e-09,1520.10343228684,0.270573438437847,111.276818538309,32.8681839037076,0.773450662091189,29.2000504940555,0.990956053913986,3.00446639420332,3.0016025065986,39.3493866679962,0.855977303914732,4.79979157023149,3.88566420700299,44.5286479420095,0.939798064090716,29.0615513535336,4.09851532708045
116,362.525216432514,105.544188929227,23.6541361947836,22.8325047232668,22.2257085116568,22.8083144071616,328.052528477928,1.43171573788801e-09,30.7342836407055,0.478800887391131,1.98135352295267e-09,67.225999873987,0.360253976988113,2.27281714526741e-09,2689.73817553123,0.180042809343131,8.28257861758354e-10,3157.72910475835,0.300317016882692,2.15229395854508e-09,1420.5434771967,0.272347311254001,101.633062231537,38.712037724151,0.445055760271825,25.318128584624,0.90655762156021,6.59515235766819,2.11386278341606,36.7119919128539,0.850050123551556,3.43217293212985,3.22003824558656,35.4426205429943,0.867007930335368,24.6165960564061,7.17955782792521
116,362.525216432514,105.544188929227,23.6541361947836,22.8325047232668,22.2257085116568,22.8083144071616,328.052528477928,1.43171573788801e-09,30.7342836407055,0.478800887391131,1.98135352295267e-09,67.225999873987,0.360253976988113,2.27281714526741e-09,2689.73817553123,0.180042809343131,8.28257861758354e-10,3157.72910475835,0.300317016882692,2.15229395854508e-09,1420.5434771967,0.272347311254001,101.633062231537,38.712037724151,0.445055760271825,25.318128584624,0.90655762156021,6.59515235766819,2.11386278341606,36.7119919128539,0.850050123551556,3.43217293212985,3.22003824558656,35.4426205429943,0.867007930335368,24.6165960564061,7.17955782792521
117,376.31382356508,106.432718325226,27.9142745889269,22.9846188380844,27.534170944824,23.5810734905968,388.625138547868,1.719546449779e-09,33.2570774862251,0.456826486120862,1.94644685532975e-09,75.9297481255701,0.367538540062499,2.46169345706863e-09,2572.27422584582,0.189514363944732,1.18688281496241e-09,2500.405412233,0.354032624133073,2.11586531998825e-09,1328.93497944073,0.299222460164037,105.507290678847,23.3654194867221,0.377834440826551,29.3152206263497,0.98479456167356,7.79510734386837,3.3368577043286,31.7927454397174,0.957477604780813,6.62253706703366,4.32879730931373,39.6369686241579,0.901061538524413,28.3473907235786,7.56613847050534
117,376.31382356508,106.432718325226,27.9142745889269,22.9846188380844,27.534170944824,23.5810734905968,388.625138547868,1.719546449779e-09,33.2570774862251,0.456826486120862,1.94644685532975e-09,75.9297481255701,0.367538540062499,2.46169345706863e-09,2572.27422584582,0.189514363944732,1.18688281496241e-09,2500.405412233,0.354032624133073,2.11586531998825e-09,1328.93497944073,0.299222460164037,105.507290678847,23.3654194867221,0.377834440826551,29.3152206263497,0.98479456167356,7.79510734386837,3.3368577043286,31.7927454397174,0.957477604780813,6.62253706703366,4.32879730931373,39.6369686241579,0.901061538524413,28.3473907235786,7.56613847050534
118,397.077291155837,92.2861587126119,20.6092261647136,21.1805130893803,21.0839243644336,27.7232110538547,368.84734738311,1.49221899830431e-09,37.2041023967609,0.455519820498434,1.97878058935645e-09,68.8921099526805,0.434586177882967,2.5634953353893e-09,2499.78163362592,0.217516668938405,1.10250335467084e-09,3169.841716512,0.356911407162928,2.04750294505383e-09,1282.42578428292,0.312466058753993,89.4660394080358,29.2680389016112,0.901590362872753,26.5773457121564,0.791638104356185,7.03591091579449,4.83973842776694,30.2336929319614,0.893733735611299,5.37395042308353,3.35372415092323,35.5250185159715,0.899808837930039,25.5422932281212,4.95526210956423
118,397.077291155837,92.2861587126119,20.6092261647136,21.1805130893803,21.0839243644336,27.7232110538547,368.84734738311,1.49221899830431e-09,37.2041023967609,0.455519820498434,1.97878058935645e-09,68.8921099526805,0.434586177882967,2.5634953353893e-09,2499.78163362592,0.217516668938405,1.10250335467084e-09,3169.841716512,0.356911407162928,2.04750294505383e-09,1282.42578428292,0.312466058753993,89.4660394080358,29.2680389016112,0.901590362872753,26.5773457121564,0.791638104356185,7.03591091579449,4.83973842776694,30.2336929319614,0.893733735611299,5.37395042308353,3.35372415092323,35.5250185159715,0.899808837930039,25.5422932281212,4.95526210956423
119,380.062662183488,109.983828562633,29.3706180684408,23.1035722624371,21.5326507325514,26.3408278782675,391.60133943139,1.57172167100331e-09,31.7014105540148,0.405923181743411,1.79437313252172e-09,64.7532470744314,0.390401136999076,2.59394633469634e-09,2602.21697123644,0.204609359866772,1.04735699814622e-09,2637.97990185846,0.385694554259817,2.26590623892122e-09,1368.75288462837,0.300001378892731,84.4067213402567,32.269613539298,0.646979576873801,25.6231359911511,0.896029849455633,4.66645294643559,2.04107896309912,39.3676429029485,0.981281794687109,3.86326446914217,5.66361064227472,38.3888304908453,0.861286505162984,22.5366998247186,4.91238694148268
119,380.062662183488,109.983828562633,29.3706180684408,23.1035722624371,21.5326507325514,26.3408278782675,391.60133943139,1.57172167100331e-09,31.7014105540148,0.405923181743411,1.79437313252172e-09,64.7532470744314,0.390401136999076,2.59394633469634e-09,2602.21697123644,0.204609359866772,1.04735699814622e-09,2637.97990185846,0.385694554259817,2.26590623892122e-09,1368.75288462837,0.300001378892731,84.4067213402567,32.269613539298,0.646979576873801,25.6231359911511,0.896029849455633,4.66645294643559,2.04107896309912,39.3676429029485,0.981281794687109,3.86326446914217,5.66361064227472,38.3888304908453,0.861286505162984,22.5366998247186,4.91238694148268
120,382.747765784231,112.78210288537,21.3344529288437,29.0894994320954,28.0923340045839,21.0695597754598,384.850064405644,1.70530425077221e-09,32.4969415107446,0.457124550666893,1.6220526721594e-09,62.9379882850697,0.426889897351279,2.01188097150401e-09,2777.68151355748,0.219948921243403,8.69525273266797e-10,3199.45788484062,0.349705620039923,2.29963529976726e-09,1320.1205881915,0.333888995875046,119.82943435867,24.2974440365083,0.986070245191652,26.0301151982165,0.870321757591278,6.25171114295011,4.51680337233887,36.3510804888558,0.913611607595154,4.63840965099362,5.08699568851616,38.3553610409384,0.999364996763717,29.9791176041135,5.24509619175387
120,382.747765784231,112.78210288537,21.3344529288437,29.0894994320954,28.0923340045839,21.0695597754598,384.850064405644,1.70530425077221e-09,32.4969415107446,0.457124550666893,1.6220526721594e-09,62.9379882850697,0.426889897351279,2.01188097150401e-09,2777.68151355748,0.219948921243403,8.69525273266797e-10,3199.45788484062,0.349705620039923,2.29963529976726e-09,1320.1205881915,0.333888995875046,119.82943435867,24.2974440365083,0.986070245191652,26.0301151982165,0.870321757591278,6.25171114295011,4.51680337233887,36.3510804888558,0.913611607595154,4.63840965099362,5.08699568851616,38.3553610409384,0.999364996763717,29.9791176041135,5.24509619175387
121,344.960088171372,100.895974928903,24.2948672649118,28.4719770005669,27.3246088098335,28.0340163054425,333.796676853609,1.63449268667643e-09,33.0313009370144,0.447728425552064,1.74987764577906e-09,60.5140520372508,0.409461228929707,2.28404774750666e-09,2474.37503902992,0.188505478943405,8.47036202052482e-10,2687.83322019027,0.362274628527291,2.33176115199597e-09,1358.59879692159,0.271320449037229,105.112611318562,38.4668984355556,0.215682250098446,26.9030163713489,0.98578203076915,3.41463993903996,3.05077272066906,31.4063012202101,0.809256066757683,7.14582523816925,3.26807015343905,40.5383380419563,0.84448648887218,25.0320352562615,7.56949515995835
121,344.960088171372,100.895974928903,24.2948672649118,28.4719770005669,27.3246088098335,28.0340163054425,333.796676853609,1.63449268667643e-09,33.0313009370144,0.447728425552064,1.74987764577906e-09,60.5140520372508,0.409461228929707,2.28404774750666e-09,2474.37503902992,0.188505478943405,8.47036202052482e-10,2687.83322019027,0.362274628527291,2.33176115199597e-09,1358.59879692159,0.271320449037229,105.112611318562,38.4668984355556,0.215682250098446,26.9030163713489,0.98578203076915,3.41463993903996,3.05077272066906,31.4063012202101,0.809256066757683,7.14582523816925,3.26807015343905,40.5383380419563,0.84448648887218,25.0320352562615,7.56949515995835
122,312.844820526667,96.1691431553627,26.440338831133,27.2752093692218,23.6422844454423,29.9994559077279,393.71741933352,1.5493387813408e-09,36.880468905856,0.4538203970328,1.90286518452713e-09,75.3924892716563,0.372773599367337,2.32003288155219e-09,2486.31495468065,0.180544832759114,9.61556881365393e-10,3102.40181613943,0.348916428495722,2.32343376864478e-09,1494.18794736713,0.270270505293476,81.0718372792013,27.9767614172611,0.162235579016404,28.9441304931811,0.988756175172753,4.43875806219678,2.19020811144206,37.8096677547029,0.928099365577729,4.71970536517525,6.56851861631129,36.8349889852351,0.944884532815709,27.6288146646611,5.56588645935797
122,312.844820526667,96.1691431553627,26.440338831133,27.2752093692218,23.6422844454423,29.9994559077279,393.71741933352,1.5493387813408e-09,36.880468905856,0.4538203970328,1.90286518452713e-09,75.3924892716563,0.372773599367337,2.32003288155219e-09,2486.31495468065,0.180544832759114,9.61556881365393e-10,3102.40181613943,0.348916428495722,2.32343376864478e-09,1494.18794736713,0.270270505293476,81.0718372792013,27.9767614172611,0.162235579016404,28.9441304931811,0.988756175172753,4.43875806219678,2.19020811144206,37.8096677547029,0.928099365577729,4.71970536517525,6.56851861631129,36.8349889852351,0.944884532815709,27.6288146646611,5.56588645935797
123,350.53398082324,104.217479550884,21.1641948146713,22.0361023147645,21.775102896461,24.8578266889655,327.954420986918,1.58325253354548e-09,36.9286793580755,0.409887014985896,1.90546672719055e-09,79.8580943582834,0.409489616558103,2.45006215269763e-09,2361.80789757268,0.204017209757413,8.92079849398378e-10,2659.59532103411,0.305588241180844,2.00700927203272e-09,1272.28777065116,0.297278252411328,105.34803549276,33.0125586387915,0.923922523642861,22.7178562634221,0.896216706088854,5.68354571614649,2.76683126331199,38.9684567394637,0.95224512379031,6.93603674509065,5.94228910825204,35.3609712056814,0.817597022384996,24.3024954108538,7.26674957553718
123,350.53398082324,104.217479550884,21.1641948146713,22.0361023147645,21.775102896461,24.8578266889655,327.954420986918,1.58325253354548e-09,36.9286793580755,0.409887014985896,1.90546672719055e-09,79.8580943582834,0.409489616558103,2.45006215269763e-09,2361.80789757268,0.204017209757413,8.92079849398378e-10,2659.59532103411,0.305588241180844,2.00700927203272e-09,1272.28777065116,0.297278252411328,105.34803549276,33.0125586387915,0.923922523642861,22.7178562634221,0.896216706088854,5.68354571614649,2.76683126331199,38.9684567394637,0.95224512379031,6.93603674509065,5.94228910825204,35.3609712056814,0.817597022384996,24.3024954108538,7.26674957553718
124,389.265926846397,97.5756978350887,25.4980656599072,23.8486446871164,21.8047911653972,29.6636410030276,309.443450431702,1.41604417766214e-09,32.3003042412854,0.423037898177481,1.68807715325967e-09,66.665253609157,0.351030361052523,2.38490291370776e-09,2236.31204308779,0.199462999345129,9.01202985399022e-10,3274.28624519442,0.314999924824249,2.00317657070699e-09,1522.78212863484,0.343962421312348,99.329879880755,20.2027031806277,0.646489832663555,26.1424678672659,0.821882003584066,5.16974518317888,2.74282827512799,33.9650321003165,0.821371192287689,7.77358560120618,6.67598057964138,41.8446072747293,0.937932024435864,25.1708882472305,7.5019558058202
124,389.265926846397,97.5756978350887,25.4980656599072,23.8486446871164,21.8047911653972,29.6636410030276,309.443450431702,1.41604417766214e-09,32.3003042412854,0.423037898177481,1.68807715325967e-09,66.665253609157,0.351030361052523,2.38490291370776e-09,2236.31204308779,0.199462999345129,9.01202985399022e-10,3274.28624519442,0.314999924824249,2.00317657070699e-09,1522.78212863484,0.343962421312348,99.329879880755,20.2027031806277,0.646489832663555,26.1424678672659,0.821882003584066,5.16974518317888,2.74282827512799,33.9650321003165,0.821371192287689,7.77358560120618,6.67598057964138,41.8446072747293,0.937932024435864,25.1708882472305,7.5019558058202
125,389.282987295265,96.0150621922816,21.5126719217078,24.5730258947339,26.2011008455157,23.1289114438886,328.119171684416,1.43610347478207e-09,38.2243111983674,0.426386086239134,1.70119664866154e-09,64.8005015480522,0.448332317223524,2.190298644858e-09,2248.43170660781,0.180610488368401,9.09841531267516e-10,2793.38992728212,0.32659182362806,2.09783295785258e-09,1425.20342064578,0.252102137918713,88.6292554894055,23.6979838878462,0.185017881785022,21.9457500400779,0.899703660527212,5.92975678435322,4.47088394734521,35.9748299514207,0.881291380329315,3.89311268197036,3.15132907368587,43.8995765542278,0.853026344561521,21.1597094147012,5.50929784465048
125,389.282987295265,96.0150621922816,21.5126719217078,24.5730258947339,26.2011008455157,23.1289114438886,328.119171684416,1.43610347478207e-09,38.2243111983674,0.426386086239134,1.70119664866154e-09,64.8005015480522,0.448332317223524,2.190298644858e-09,2248.43170660781,0.180610488368401,9.09841531267516e-10,2793.38992728212,0.32659182362806,2.09783295785258e-09,1425.20342064578,0.252102137918713,88.6292554894055,23.6979838878462,0.185017881785022,21.9457500400779,0.899703660527212,5.92975678435322,4.47088394734521,35.9748299514207,0.881291380329315,3.89311268197036,3.15132907368587,43.8995765542278,0.853026344561521,21.1597094147012,5.50929784465048
126,371.576242842648,105.379406047739,25.2536600158475,24.1425905238754,22.1398694742163,21.5071136501577,308.867237698958,1.7162953607873e-09,37.9900503625861,0.4036058089205,1.69385078613093e-09,77.8713534847938,0.398961380885569,2.11483633656117e-09,2492.40603516444,0.213976078726794,9.1436307835471e-10,2955.40260816829,0.302329849050688,2.20669305073213e-09,1508.23779889191,0.300642078747794,97.2836753783185,28.8939041530059,0.521459232100581,21.8908454742138,0.871827125978417,4.03692594866975,2.14948515466491,31.8879924201966,0.843896080063527,6.5256118787387,3.81305184079175,42.4745342459661,0.95296048453312,29.0628787738613,7.32630594483914
126,371.576242842648,105.379406047739,25.2536600158475,24.1425905238754,22.1398694742163,21.5071136501577,308.867237698958,1.7162953607873e-09,37.9900503625861,0.4036058089205,1.69385078613093e-09,77.8713534847938,0.398961380885569,2.11483633656117e-09,2492.40603516444,0.213976078726794,9.1436307835471e-10,2955.40260816829,0.302329849050688,2.20669305073213e-09,1508.23779889191,0.300642078747794,97.2836753783185,28.8939041530059,0.521459232100581,21.8908454742138,0.871827125978417,4.03692594866975,2.14948515466491,31.8879924201966,0.843896080063527,6.5256118787387,3.81305184079175,42.4745342459661,0.95296048453312,29.0628787738613,7.32630594483914
127,359.997401734312,80.8201448441427,24.6219919046115,27.899455556014,27.9409844546502,21.3426273803897,301.194655095339,1.77064834456297e-09,31.5414137800376,0.435567219600225,1.86713890525541e-09,64.2712799871685,0.374599555835623,2.36999813327454e-09,2552.00623106931,0.20265387734263,8.6475085889259e-10,3184.44264461286,0.328049225767354,2.00251323160258e-09,1541.55086668428,0.334978848705502,90.9587445901596,30.0328082912612,0.951694242682752,20.8873604451802,0.809430169228642,4.25785991231762,4.86392314241565,34.6870840209081,0.862021345760111,6.32858136235938,3.2771785200919,38.4019692811286,0.955916202063259,24.32996943564,4.1478754520302
127,359.997401734312,80.8201448441427,24.6219919046115,27.899455556014,27.9409844546502,21.3426273803897,301.194655095339,1.77064834456297e-09,31.5414137800376,0.435567219600225,1.86713890525541e-09,64.2712799871685,0.374599555835623,2.36999813327454e-09,2552.00623106931,0.20265387734263,8.6475085889259e-10,3184.44264461286,0.328049225767354,2.00251323160258e-09,1541.55086668428,0.334978848705502,90.9587445901596,30.0328082912612,0.951694242682752,20.8873604451802,0.809430169228642,4.25785991231762,4.86392314241565,34.6870840209081,0.862021345760111,6.32858136235938,3.2771785200919,38.4019692811286,0.955916202063259,24.32996943564,4.1478754520302
128,316.244159697132,86.0526810409041,26.4456774335236,26.2962037157395,21.7293605379881,28.9448019403367,371.552840359946,1.74098988530299e-09,38.0388061628982,0.417369312861283,1.99671436303781e-09,70.7338896246401,0.351895658690478,2.15184575077832e-09,2129.888210308,0.181015879312231,1.05644782285591e-09,2855.10711030345,0.381020568624997,2.21161501121727e-09,1418.20130470364,0.298867472390619,104.220816782844,23.2756166144901,0.598819112821772,23.4839796925057,0.894820682082022,6.19703204257027,2.86723981256723,34.8431667060715,0.984457165589219,7.15587105552215,6.12305221870379,35.8026873351975,0.885767174064674,20.8182565952763,5.40696630489079
128,316.244159697132,86.0526810409041,26.4456774335236,26.2962037157395,21.7293605379881,28.9448019403367,371.552840359946,1.74098988530299e-09,38.0388061628982,0.417369312861283,1.99671436303781e-09,70.7338896246401,0.351895658690478,2.15184575077832e-09,2129.888210308,0.181015879312231,1.05644782285591e-09,2855.10711030345,0.381020568624997,2.21161501121727e-09,1418.20130470364,0.298867472390619,104.220816782844,23.2756166144901,0.598819112821772,23.4839796925057,0.894820682082022,6.19703204257027,2.86723981256723,34.8431667060715,0.984457165589219,7.15587105552215,6.12305221870379,35.8026873351975,0.885767174064674,20.8182565952763,5.40696630489079
129,328.159154764502,89.2662022227963,26.0697932246325,27.0582881450994,26.0340849484178,29.5045516252573,325.689251156288,1.63847178573597e-09,32.3356757895474,0.473892919493331,1.64312511895925e-09,75.2762575263551,0.423303071126526,2.55320439823894e-09,2025.93057548859,0.194568876164685,1.05518727666021e-09,2653.44369190473,0.359014760352183,2.27322449667687e-09,1530.69102721881,0.279242845933287,108.916871280129,33.0970893748215,0.171495218435639,26.4003111842315,0.78068406632287,6.30625951533216,4.05480644197061,37.4282103577701,0.990134803780472,6.10538068519114,6.42550016463736,42.9803886871054,0.84140054709112,27.627994233807,5.67979725813855
129,328.159154764502,89.2662022227963,26.0697932246325,27.0582881450994,26.0340849484178,29.5045516252573,325.689251156288,1.63847178573597e-09,32.3356757895474,0.473892919493331,1.64312511895925e-09,75.2762575263551,0.423303071126526,2.55320439823894e-09,2025.93057548859,0.194568876164685,1.05518727666021e-09,2653.44369190473,0.359014760352183,2.27322449667687e-09,1530.69102721881,0.279242845933287,108.916871280129,33.0970893748215,0.171495218435639,26.4003111842315,0.78068406632287,6.30625951533216,4.05480644197061,37.4282103577701,0.990134803780472,6.10538068519114,6.42550016463736,42.9803886871054,0.84140054709112,27.627994233807,5.67979725813855
130,332.414506110991,90.5776658180183,21.5962718375309,23.7791881063824,28.8196024150584,22.0855739992667,339.031208364609,1.68969297477962e-09,33.2383756704873,0.444799701377896,1.91362993994628e-09,67.6653451959747,0.414396885205931,2.14822592343211e-09,2000.24929612102,0.212317664673901,1.00226453672949e-09,3383.86527129952,0.363279035508672,2.31039634793903e-09,1439.70847759427,0.325685549808413,99.1044510040173,32.7719295826678,0.155747606225673,20.4942420299621,0.945936954594231,6.52720642213759,4.40319798701251,33.4720707695737,0.80657484293071,5.25711162649835,5.76403417156261,40.137254394989,0.826192313369008,29.7694784980301,4.02862224834321
130,332.414506110991,90.5776658180183,21.5962718375309,23.7791881063824,28.8196024150584,22.0855739992667,339.031208364609,1.68969297477962e-09,33.2383756704873,0.444799701377896,1.91362993994628e-09,67.6653451959747,0.414396885205931,2.14822592343211e-09,2000.24929612102,0.212317664673901,1.00226453672949e-09,3383.86527129952,0.363279035508672,2.31039634793903e-09,1439.70847759427,0.325685549808413,99.1044510040173,32.7719295826678,0.155747606225673,20.4942420299621,0.945936954594231,6.52720642213759,4.40319798701251,33.4720707695737,0.80657484293071,5.25711162649835,5.76403417156261,40.137254394989,0.826192313369008,29.7694784980301,4.02862224834321
131,390.609317772315,83.4499078439724,20.4939528593542,29.5022196240369,20.2350539750474,20.5093133762694,308.318042613722,1.59431936310054e-09,37.001336344001,0.458025471123955,1.93944978193216e-09,66.4377730299193,0.353927619601963,2.51877883524975e-09,2644.72185254483,0.20870938482637,1.11688978053221e-09,2630.37991990551,0.380521104920613,2.18623361760408e-09,1414.57765489167,0.321625608855333,114.391744741417,34.9046431499808,0.44748951751295,26.7747788020868,0.943298611273086,5.58347008957017,4.8108890428767,36.07746198355,0.88413277313671,5.00822050065253,5.59342469211868,42.5182255386867,0.90521116054477,26.6295389492145,5.52586167890279
131,390.609317772315,83.4499078439724,20.4939528593542,29.5022196240369,20.2350539750474,20.5093133762694,308.318042613722,1.59431936310054e-09,37.001336344001,0.458025471123955,1.93944978193216e-09,66.4377730299193,0.353927619601963,2.51877883524975e-09,2644.72185254483,0.20870938482637,1.11688978053221e-09,2630.37991990551,0.380521104920613,2.18623361760408e-09,1414.57765489167,0.321625608855333,114.391744741417,34.9046431499808,0.44748951751295,26.7747788020868,0.943298611273086,5.58347008957017,4.8108890428767,36.07746198355,0.88413277313671,5.00822050065253,5.59342469211868,42.5182255386867,0.90521116054477,26.6295389492145,5.52586167890279
132,372.564372215497,101.570788739844,28.6497401328174,24.0677967665979,23.4554598085099,28.2157290029586,365.856519552247,1.65551957519601e-09,30.5666024686398,0.439993368781812,1.60404503677653e-09,78.2498251963247,0.400354581367649,2.15000131769327e-09,2459.74916275016,0.207753131525551,9.73210577202394e-10,2634.63334872999,0.325712719815601,2.33395200152105e-09,1233.54023278133,0.317421975131361,88.3366929194499,26.6721199470957,0.739692197839912,24.896128576765,0.813473104441006,4.62765199745362,2.45441543129769,35.5615076957444,0.843679520723006,4.81482572434346,3.56323562881781,41.306419538612,0.82379958973274,27.9405925501396,4.305214659329
132,372.564372215497,101.570788739844,28.6497401328174,24.0677967665979,23.4554598085099,28.2157290029586,365.856519552247,1.65551957519601e-09,30.5666024686398,0.439993368781812,1.60404503677653e-09,78.2498251963247,0.400354581367649,2.15000131769327e-09,2459.74916275016,0.207753131525551,9.73210577202394e-10,2634.63334872999,0.325712719815601,2.33395200152105e-09,1233.54023278133,0.317421975131361,88.3366929194499,26.6721199470957,0.739692197839912,24.896128576765,0.813473104441006,4.62765199745362,2.45441543129769,35.5615076957444,0.843679520723006,4.81482572434346,3.56323562881781,41.306419538612,0.82379958973274,27.9405925501396,4.305214659329
133,302.844969884293,85.6142746532636,23.5662692959225,26.707619754221,28.2840489377628,22.0419846715029,372.670878010605,1.4045336957998e-09,36.1406356468711,0.439469562923299,1.67308932152467e-09,70.3788466642489,0.396116445789055,2.16615633120894e-09,2531.25885134329,0.18470847540918,9.47053834987264e-10,2820.25502985012,0.381171639661019,2.08480552002622e-09,1448.33558936791,0.336523675940295,107.912867752895,28.4398527013651,0.116436819929723,22.9030144813676,0.82165620695867,6.565014425659,3.3011850193372,38.8077514861138,0.795964152373398,6.04045170707029,5.35929396296905,39.0159236303461,0.786306713933879,27.8931299731777,5.83163119865453
133,302.844969884293,85.6142746532636,23.5662692959225,26.707619754221,28.2840489377628,22.0419846715029,372.670878010605,1.4045336957998e-09,36.1406356468711,0.439469562923299,1.67308932152467e-09,70.3788466642489,0.396116445789055,2.16615633120894e-09,2531.25885134329,0.18470847540918,9.47053834987264e-10,2820.25502985012,0.381171639661019,2.08480552002622e-09,1448.33558936791,0.336523675940295,107.912867752895,28.4398527013651,0.116436819929723,22.9030144813676,0.82165620695867,6.565014425659,3.3011850193372,38.8077514861138,0.795964152373398,6.04045170707029,5.35929396296905,39.0159236303461,0.786306713933879,27.8931299731777,5.83163119865453
134,393.960868430896,90.517874823432,29.7015206934944,29.5743596930499,20.3748624607258,24.3913977844233,334.350580260648,1.52002758896337e-09,38.6932189587264,0.429629637643758,1.77109221780253e-09,75.5296921145646,0.403980453741393,2.03859595697787e-09,2394.98677442618,0.19500229145995,8.93340324257387e-10,3441.99137312544,0.312988249404396,2.36548772622234e-09,1270.3135320491,0.276266956669067,116.497028191522,20.4430992142511,0.138794813352723,26.0542318905174,0.858062258658103,7.31394632560106,3.59077296732756,39.4819877787041,0.793939518445404,5.95978544648658,4.15047811067988,39.5344941119052,0.851915107655414,21.821665435558,5.29190607719969
134,393.960868430896,90.517874823432,29.7015206934944,29.5743596930499,20.3748624607258,24.3913977844233,334.350580260648,1.52002758896337e-09,38.6932189587264,0.429629637643758,1.77109221780253e-09,75.5296921145646,0.403980453741393,2.03859595697787e-09,2394.98677442618,0.19500229145995,8.93340324257387e-10,3441.99137312544,0.312988249404396,2.36548772622234e-09,1270.3135320491,0.276266956669067,116.497028191522,20.4430992142511,0.138794813352723,26.0542318905174,0.858062258658103,7.31394632560106,3.59077296732756,39.4819877787041,0.793939518445404,5.95978544648658,4.15047811067988,39.5344941119052,0.851915107655414,21.821665435558,5.29190607719969
135,388.711845904768,85.995770855915,26.7587434022182,22.2052683041302,22.8693982114697,27.4777469284838,376.655662892454,1.64583912222668e-09,31.1830602982025,0.44643461705687,1.96649501142004e-09,74.2362164624734,0.403201976768182,2.14684493047572e-09,2715.08173298934,0.207356940179742,8.05246704768463e-10,2700.69078045478,0.310391435303685,2.28781957522975e-09,1309.58926885994,0.337790254928635,83.9108647516327,21.3740286781938,0.651410324932676,25.8425194440651,0.849962249348868,6.06776176527644,4.96013632471264,34.9282711111148,0.834247191366279,6.33416711778856,6.40574412418936,40.6733315523612,0.930288693489638,24.6323816984241,4.70188545255446
135,388.711845904768,85.995770855915,26.7587434022182,22.2052683041302,22.8693982114697,27.4777469284838,376.655662892454,1.64583912222668e-09,31.1830602982025,0.44643461705687,1.96649501142004e-09,74.2362164624734,0.403201976768182,2.14684493047572e-09,2715.08173298934,0.207356940179742,8.05246704768463e-10,2700.69078045478,0.310391435303685,2.28781957522975e-09,1309.58926885994,0.337790254928635,83.9108647516327,21.3740286781938,0.651410324932676,25.8425194440651,0.849962249348868,6.06776176527644,4.96013632471264,34.9282711111148,0.834247191366279,6.33416711778856,6.40574412418936,40.6733315523612,0.930288693489638,24.6323816984241,4.70188545255446
136,362.064883219122,88.9625971795423,23.6758751495884,25.1574802406495,21.7572190909942,23.7140978095896,356.45159583196,1.46660439804617e-09,35.9815323824772,0.423379161977294,1.77814873707897e-09,64.1683504293179,0.412779066895466,2.55874576980591e-09,2638.69181964862,0.197081743786911,9.26130302841666e-10,2789.56709253998,0.367349045538402,2.15388700969992e-09,1242.37768245593,0.28682034637861,90.0607350319732,21.9139330672901,0.657777200170738,23.8438566305602,0.905003518382008,5.92234725156582,2.33259119338568,39.8838188823752,0.879093165521289,4.7563461168456,4.27444076502502,42.5682008953825,0.896704983629689,24.0222560285976,6.78235330928984
136,362.064883219122,88.9625971795423,23.6758751495884,25.1574802406495,21.7572190909942,23.7140978095896,356.45159583196,1.46660439804617e-09,35.9815323824772,0.423379161977294,1.77814873707897e-09,64.1683504293179,0.412779066895466,2.55874576980591e-09,2638.69181964862,0.197081743786911,9.26130302841666e-10,2789.56709253998,0.367349045538402,2.15388700969992e-09,1242.37768245593,0.28682034637861,90.0607350319732,21.9139330672901,0.657777200170738,23.8438566305602,0.905003518382008,5.92234725156582,2.33259119338568,39.8838188823752,0.879093165521289,4.7563461168456,4.27444076502502,42.5682008953825,0.896704983629689,24.0222560285976,6.78235330928984
137,330.356711651418,91.4802057475817,25.2824529209678,25.0239330790957,27.4046478115328,26.3790380450482,340.264823022392,1.77538713188738e-09,38.3721595837362,0.41461054184782,1.68680471579149e-09,65.1455344156132,0.355336520649885,2.32008895710202e-09,2485.97427937618,0.186949321128392,1.05018677264155e-09,3129.62786799871,0.331909218284206,2.31900417876191e-09,1565.59242556523,0.300111857608774,101.005553628379,23.6991006363532,0.938721689058033,21.8957771192313,0.959600276868332,4.71462589362246,3.34785299458982,33.0622720378204,0.917327260499227,6.61001476671225,3.96434601132827,40.8965131864188,0.980403748583893,28.8000008674968,6.19403030345978
137,330.356711651418,91.4802057475817,25.2824529209678,25.0239330790957,27.4046478115328,26.3790380450482,340.264823022392,1.77538713188738e-09,38.3721595837362,0.41461054184782,1.68680471579149e-09,65.1455344156132,0.355336520649885,2.32008895710202e-09,2485.97427937618,0.186949321128392,1.05018677264155e-09,3129.62786799871,0.331909218284206,2.31900417876191e-09,1565.59242556523,0.300111857608774,101.005553628379,23.6991006363532,0.938721689058033,21.8957771192313,0.959600276868332,4.71462589362246,3.34785299458982,33.0622720378204,0.917327260499227,6.61001476671225,3.96434601132827,40.8965131864188,0.980403748583893,28.8000008674968,6.19403030345978
138,388.42213225523,109.144858095208,20.0481964610214,26.5050634549161,29.7447818299131,20.3765816482989,371.869136054712,1.50318289766757e-09,33.5858659601157,0.419625544398063,1.8483385394957e-09,62.4336657440228,0.438733001922637,2.37866531716799e-09,2365.89613104404,0.188618324230564,8.76878732164761e-10,2836.25150069005,0.302341506123746,2.2475944071025e-09,1208.24978374606,0.336892086921287,93.7094784945083,27.4289146572679,0.0340196596876238,24.4772965955797,0.930023533969362,5.27722198343566,3.56627038554902,35.7278170070968,0.956316427205164,5.25660290113402,6.20834125483412,41.3705044719915,0.8847580229814,28.7290486380885,5.33488636557881
138,388.42213225523,109.144858095208,20.0481964610214,26.5050634549161,29.7447818299131,20.3765816482989,371.869136054712,1.50318289766757e-09,33.5858659601157,0.419625544398063,1.8483385394957e-09,62.4336657440228,0.438733001922637,2.37866531716799e-09,2365.89613104404,0.188618324230564,8.76878732164761e-10,2836.25150069005,0.302341506123746,2.2475944071025e-09,1208.24978374606,0.336892086921287,93.7094784945083,27.4289146572679,0.0340196596876238,24.4772965955797,0.930023533969362,5.27722198343566,3.56627038554902,35.7278170070968,0.956316427205164,5.25660290113402,6.20834125483412,41.3705044719915,0.8847580229814,28.7290486380885,5.33488636557881
139,382.608164261238,117.964301814406,21.2990638416951,25.3596600843972,24.5421876946073,26.2706832032762,362.12222799165,1.58436725170028e-09,30.1684340978236,0.407443032318215,1.77369907856169e-09,77.7990859839745,0.36632535448141,2.13230948993977e-09,2646.7368240578,0.192100618649478,1.08512838371529e-09,2545.64302717678,0.344903525523288,2.1817341424476e-09,1229.31928804139,0.343105581022729,115.311015810108,27.6429941779138,0.403107824406244,24.7666962010619,0.788974680409127,6.79858206609216,3.3816621198646,37.6259509640638,0.923143415099838,4.16328644408326,6.3955984793553,40.1164767054297,0.938966037942523,23.4847806442422,6.19661170549221
139,382.608164261238,117.964301814406,21.2990638416951,25.3596600843972,24.5421876946073,26.2706832032762,362.12222799165,1.58436725170028e-09,30.1684340978236,0.407443032318215,1.77369907856169e-09,77.7990859839745,0.36632535448141,2.13230948993977e-09,2646.7368240578,0.192100618649478,1.08512838371529e-09,2545.64302717678,0.344903525523288,2.1817341424476e-09,1229.31928804139,0.343105581022729,115.311015810108,27.6429941779138,0.403107824406244,24.7666962010619,0.788974680409127,6.79858206609216,3.3816621198646,37.6259509640638,0.923143415099838,4.16328644408326,6.3955984793553,40.1164767054297,0.938966037942523,23.4847806442422,6.19661170549221
140,331.126593668022,86.2016699874195,24.9755512274689,20.68492995856,24.9141856910064,21.1740538560717,347.56811309577,1.75903780545279e-09,37.2739547130129,0.474949329591715,1.91008966252781e-09,61.7925946575743,0.407835593955846,2.53901178878284e-09,2491.91410569301,0.21496528133471,1.0654462093912e-09,2582.4300659837,0.353314743500939,2.25950228462757e-09,1226.56693071292,0.268357908886318,98.7352075514626,20.7391404319355,0.920080080486192,23.2214696197492,0.783040558364129,3.3692723967266,3.4111265051411,34.9471896417921,0.949664476405283,5.76688931721932,6.81175573218397,35.8571287478863,0.815757618993726,27.3024625519063,7.48109888475615
140,331.126593668022,86.2016699874195,24.9755512274689,20.68492995856,24.9141856910064,21.1740538560717,347.56811309577,1.75903780545279e-09,37.2739547130129,0.474949329591715,1.91008966252781e-09,61.7925946575743,0.407835593955846,2.53901178878284e-09,2491.91410569301,0.21496528133471,1.0654462093912e-09,2582.4300659837,0.353314743500939,2.25950228462757e-09,1226.56693071292,0.268357908886318,98.7352075514626,20.7391404319355,0.920080080486192,23.2214696197492,0.783040558364129,3.3692723967266,3.4111265051411,34.9471896417921,0.949664476405283,5.76688931721932,6.81175573218397,35.8571287478863,0.815757618993726,27.3024625519063,7.48109888475615
141,311.881725402367,109.928742222181,21.7532477391097,28.1007586773548,27.4722377981941,28.7128084795528,336.595728576061,1.55107192857104e-09,32.155389908012,0.442500455470877,1.94716000036002e-09,66.9575780778751,0.376165237544362,2.16866779882892e-09,2199.27293735998,0.215373732379445,1.08883034550598e-09,3063.59039366382,0.306412842226942,2.10893741853262e-09,1538.16723012394,0.281592673176487,85.8749012015312,34.6504990005426,0.691175302422951,24.4712153284874,0.884915943914276,3.38396716468987,2.20380843739149,31.0579838223793,0.804352840926078,5.06577980918611,4.33331164146618,41.1780062261733,0.830869643761401,24.3995777419319,5.70696230301964
141,311.881725402367,109.928742222181,21.7532477391097,28.1007586773548,27.4722377981941,28.7128084795528,336.595728576061,1.55107192857104e-09,32.155389908012,0.442500455470877,1.94716000036002e-09,66.9575780778751,0.376165237544362,2.16866779882892e-09,2199.27293735998,0.215373732379445,1.08883034550598e-09,3063.59039366382,0.306412842226942,2.10893741853262e-09,1538.16723012394,0.281592673176487,85.8749012015312,34.6504990005426,0.691175302422951,24.4712153284874,0.884915943914276,3.38396716468987,2.20380843739149,31.0579838223793,0.804352840926078,5.06577980918611,4.33331164146618,41.1780062261733,0.830869643761401,24.3995777419319,5.70696230301964
142,331.998900933923,89.8470199070021,22.4908440538373,25.5777314771511,20.666562655096,24.0088866028241,396.568277911904,1.4086352400375e-09,37.2548888877091,0.412840922407694,1.704917628073e-09,62.7955989282415,0.407844661349623,2.56151490804745e-09,2053.16399700522,0.185785237109881,1.03978075397796e-09,3439.4848956006,0.34948998620542,2.10802563822576e-09,1489.97886148275,0.347570660122123,114.165493939408,21.2217731421908,0.726979024754994,23.9296231299458,0.979834495632506,5.96550360509293,3.33627904011102,34.1668656972575,0.789181282531415,6.35876297290044,5.14164578483823,39.9082695382121,0.837271954853919,29.7902647317661,4.68318821284196
142,331.998900933923,89.8470199070021,22.4908440538373,25.5777314771511,20.666562655096,24.0088866028241,396.568277911904,1.4086352400375e-09,37.2548888877091,0.412840922407694,1.704917628073e-09,62.7955989282415,0.407844661349623,2.56151490804745e-09,2053.16399700522,0.185785237109881,1.03978075397796e-09,3439.4848956006,0.34948998620542,2.10802563822576e-09,1489.97886148275,0.347570660122123,114.165493939408,21.2217731421908,0.726979024754994,23.9296231299458,0.979834495632506,5.96550360509293,3.33627904011102,34.1668656972575,0.789181282531415,6.35876297290044,5.14164578483823,39.9082695382121,0.837271954853919,29.7902647317661,4.68318821284196
143,302.563790056808,91.7843361435877,22.4502625736002,25.0580613006093,25.693386223931,27.9562408789696,360.219723509486,1.79502331017031e-09,30.2148155319093,0.428606127810791,1.79587863211103e-09,67.5405538876415,0.371509767167676,2.50417391780528e-09,2269.78828044326,0.184134157878887,1.18011556454886e-09,2903.89156665865,0.307279620540934,2.36806916332281e-09,1226.54154061882,0.338097876929075,90.6149735370949,23.8891907876118,0.602256495402729,29.1861800283656,0.822615041848016,4.3004308314135,3.1217835723795,31.2293202155412,0.815223334782551,4.63788213763889,3.18936582268617,44.3658933092748,0.851213181906456,28.6182545765236,5.48913884330879
143,302.563790056808,91.7843361435877,22.4502625736002,25.0580613006093,25.693386223931,27.9562408789696,360.219723509486,1.79502331017031e-09,30.2148155319093,0.428606127810791,1.79587863211103e-09,67.5405538876415,0.371509767167676,2.50417391780528e-09,2269.78828044326,0.184134157878887,1.18011556454886e-09,2903.89156665865,0.307279620540934,2.36806916332281e-09,1226.54154061882,0.338097876929075,90.6149735370949,23.8891907876118,0.602256495402729,29.1861800283656,0.822615041848016,4.3004308314135,3.1217835723795,31.2293202155412,0.815223334782551,4.63788213763889,3.18936582268617,44.3658933092748,0.851213181906456,28.6182545765236,5.48913884330879
144,372.633140754361,99.9519890187444,28.4061911880409,22.4482672056883,27.0236531538304,24.0768356422877,343.356696596403,1.75640485858176e-09,36.3998862485515,0.414675330016728,1.70762054776325e-09,75.7081919064693,0.361465397855407,2.56536644715649e-09,2215.61989312224,0.21059977217685,1.12333508842693e-09,2524.42202292225,0.375892012067477,2.09437371119166e-09,1380.26204687987,0.338456584871557,80.392766790163,39.6357499667355,0.153071826364202,28.4227530104267,0.917873737064859,3.89180598940247,2.37972131923204,39.3473151558011,0.924241304574518,4.83602887417455,3.09656752326253,42.2334982864369,0.975466535048379,28.3609258680364,6.0070888303504
144,372.633140754361,99.9519890187444,28.4061911880409,22.4482672056883,27.0236531538304,24.0768356422877,343.356696596403,1.75640485858176e-09,36.3998862485515,0.414675330016728,1.70762054776325e-09,75.7081919064693,0.361465397855407,2.56536644715649e-09,2215.61989312224,0.21059977217685,1.12333508842693e-09,2524.42202292225,0.375892012067477,2.09437371119166e-09,1380.26204687987,0.338456584871557,80.392766790163,39.6357499667355,0.153071826364202,28.4227530104267,0.917873737064859,3.89180598940247,2.37972131923204,39.3473151558011,0.924241304574518,4.83602887417455,3.09656752326253,42.2334982864369,0.975466535048379,28.3609258680364,6.0070888303504
145,314.254671344337,87.6087615961723,21.9030588781925,22.4582875812515,29.107820870314,27.3545769812796,318.138526535606,1.77237731131966e-09,33.6734329268215,0.445161207573712,1.87091081144263e-09,76.6196181738385,0.351894892489115,2.24291016843517e-09,2029.83724555945,0.193800180854319,8.41440828728909e-10,2828.70544314777,0.344389924328671,2.01377965361059e-09,1419.86125975244,0.31865080569091,103.791297754029,25.9160528796922,0.465593806445263,23.1658277174559,0.889882532737894,7.52589074411624,2.12534125193412,36.8237047377598,0.962509304925337,3.62160326923175,5.18479496663318,35.9039173999612,0.846659600452375,25.2287624516701,4.89057762574044
145,314.254671344337,87.6087615961723,21.9030588781925,22.4582875812515,29.107820870314,27.3545769812796,318.138526535606,1.77237731131966e-09,33.6734329268215,0.445161207573712,1.87091081144263e-09,76.6196181738385,0.351894892489115,2.24291016843517e-09,2029.83724555945,0.193800180854319,8.41440828728909e-10,2828.70544314777,0.344389924328671,2.01377965361059e-09,1419.86125975244,0.31865080569091,103.791297754029,25.9160528796922,0.465593806445263,23.1658277174559,0.889882532737894,7.52589074411624,2.12534125193412,36.8237047377598,0.962509304925337,3.62160326923175,5.18479496663318,35.9039173999612,0.846659600452375,25.2287624516701,4.89057762574044
146,370.851982527585,107.233488793821,27.2758578731348,27.1880636266488,29.2528095202048,29.9532246116719,307.574818974525,1.49847411166933e-09,38.84806190309,0.44317306192081,1.69738124705139e-09,61.9097086172851,0.392376351637372,2.10811220551221e-09,2750.45145706575,0.198930089181244,9.30087119056365e-10,3157.27652629888,0.349693423840244,2.355340838565e-09,1300.88724537979,0.339225483957343,92.2957062815154,21.9365989093102,0.556138172216529,23.0111039005497,0.813883611583909,6.08341219564617,2.05872990610847,34.708912978544,0.839192089590258,4.38964042670568,4.24996228658002,40.4374137037615,0.854349954062078,25.4367457334189,5.7414320948741
146,370.851982527585,107.233488793821,27.2758578731348,27.1880636266488,29.2528095202048,29.9532246116719,307.574818974525,1.49847411166933e-09,38.84806190309,0.44317306192081,1.69738124705139e-09,61.9097086172851,0.392376351637372,2.10811220551221e-09,2750.45145706575,0.198930089181244,9.30087119056365e-10,3157.27652629888,0.349693423840244,2.355340838565e-09,1300.88724537979,0.339225483957343,92.2957062815154,21.9365989093102,0.556138172216529,23.0111039005497,0.813883611583909,6.08341219564617,2.05872990610847,34.708912978544,0.839192089590258,4.38964042670568,4.24996228658002,40.4374137037615,0.854349954062078,25.4367457334189,5.7414320948741
147,362.71370477302,92.9890982432811,20.1766698520923,28.7662276742904,22.9121273024948,21.4225318657452,318.238371984861,1.52183078188531e-09,30.711839152895,0.439494907315764,1.67020983019982e-09,67.313014273455,0.384580877825732,2.27539116546188e-09,2526.20849312556,0.208587009803973,1.07455757397441e-09,3223.5691186219,0.347021233032842,2.01802650076651e-09,1376.46422372517,0.30586450000131,107.493324313661,39.1143565558358,0.571277295661935,24.6903851045735,0.826908717465716,3.72401777920537,4.42671191075118,31.8635476631152,0.997861041000441,3.07009092323591,5.80936220193126,37.4006390818132,0.88388091093224,27.9001396717698,6.77885527082717
147,362.71370477302,92.9890982432811,20.1766698520923,28.7662276742904,22.9121273024948,21.4225318657452,318.238371984861,1.52183078188531e-09,30.711839152895,0.439494907315764,1.67020983019982e-09,67.313014273455,0.384580877825732,2.27539116546188e-09,2526.20849312556,0.208587009803973,1.07455757397441e-09,3223.5691186219,0.347021233032842,2.01802650076651e-09,1376.46422372517,0.30586450000131,107.493324313661,39.1143565558358,0.571277295661935,24.6903851045735,0.826908717465716,3.72401777920537,4.42671191075118,31.8635476631152,0.997861041000441,3.07009092323591,5.80936220193126,37.4006390818132,0.88388091093224,27.9001396717698,6.77885527082717
148,341.672434741844,106.260818291618,24.7030252631793,21.3226122606434,22.696740782576,27.8983568356843,314.097641161323,1.52734205650179e-09,38.210803540718,0.478735410411748,1.93090522230447e-09,70.5121960689321,0.35928395121897,2.41104301581473e-09,2132.38328502798,0.210466405902907,1.18700865411931e-09,2985.79494014982,0.385323748963474,2.27573134444764e-09,1416.61307113816,0.281420255268847,118.255716489669,33.5232479435845,0.549339541362834,21.0659591029095,0.901273782579494,5.20862346048511,2.09326074060642,30.5763605831615,0.949873168926117,6.22100626215484,6.99826434546591,43.3173295748757,0.802407571669093,27.4964162249544,4.35375450459226
148,341.672434741844,106.260818291618,24.7030252631793,21.3226122606434,22.696740782576,27.8983568356843,314.097641161323,1.52734205650179e-09,38.210803540718,0.478735410411748,1.93090522230447e-09,70.5121960689321,0.35928395121897,2.41104301581473e-09,2132.38328502798,0.210466405902907,1.18700865411931e-09,2985.79494014982,0.385323748963474,2.27573134444764e-09,1416.61307113816,0.281420255268847,118.255716489669,33.5232479435845,0.549339541362834,21.0659591029095,0.901273782579494,5.20862346048511,2.09326074060642,30.5763605831615,0.949873168926117,6.22100626215484,6.99826434546591,43.3173295748757,0.802407571669093,27.4964162249544,4.35375450459226
149,332.217241490039,81.8325899855175,26.4845940101368,27.7660114071807,22.9385328616098,20.2553913808883,348.340474566808,1.40495021353978e-09,31.970261293071,0.434493017141712,1.90340244849187e-09,79.7362037037032,0.387336665838675,2.23043313381805e-09,2756.13121149038,0.215780960104492,9.62253137736396e-10,3277.79069404594,0.314426582563899,2.15822296382658e-09,1452.31551478386,0.25739620789079,93.413463473898,33.6216273577211,0.293321966334047,20.0870282953809,0.956004360902369,5.81719407673805,3.01188792081636,39.3986376021353,0.964391140496165,4.48720845713816,5.83832833815634,42.8403322855413,0.911620393949304,26.5948492559622,5.9231301263849
149,332.217241490039,81.8325899855175,26.4845940101368,27.7660114071807,22.9385328616098,20.2553913808883,348.340474566808,1.40495021353978e-09,31.970261293071,0.434493017141712,1.90340244849187e-09,79.7362037037032,0.387336665838675,2.23043313381805e-09,2756.13121149038,0.215780960104492,9.62253137736396e-10,3277.79069404594,0.314426582563899,2.15822296382658e-09,1452.31551478386,0.25739620789079,93.413463473898,33.6216273577211,0.293321966334047,20.0870282953809,0.956004360902369,5.81719407673805,3.01188792081636,39.3986376021353,0.964391140496165,4.48720845713816,5.83832833815634,42.8403322855413,0.911620393949304,26.5948492559622,5.9231301263849
150,364.681017714994,83.973873590874,25.3433059990052,26.3491542646499,29.8229344636552,24.1681286894651,353.490153777889,1.7253064512857e-09,33.0643866658685,0.433544618468919,1.96340961252464e-09,70.6183927423438,0.404692733301966,2.0745973946246e-09,2764.23268886302,0.212895329671367,1.18469877974846e-09,2896.44369277807,0.346669574908696,2.02693677899423e-09,1268.54876646222,0.297691082426608,111.721210940231,32.2799043894411,0.348282000290204,25.4706557503813,0.877282044782938,5.1391591673434,2.2942567923125,36.9630615289466,0.950944403212884,7.57584658682058,3.97665818985402,42.9894916063863,0.849827709796707,25.3974962268001,7.54308317521831
150,364.681017714994,83.973873590874,25.3433059990052,26.3491542646499,29.8229344636552,24.1681286894651,353.490153777889,1.7253064512857e-09,33.0643866658685,0.433544618468919,1.96340961252464e-09,70.6183927423438,0.404692733301966,2.0745973946246e-09,2764.23268886302,0.212895329671367,1.18469877974846e-09,2896.44369277807,0.346669574908696,2.02693677899423e-09,1268.54876646222,0.297691082426608,111.721210940231,32.2799043894411,0.348282000290204,25.4706557503813,0.877282044782938,5.1391591673434,2.2942567923125,36.9630615289466,0.950944403212884,7.57584658682058,3.97665818985402,42.9894916063863,0.849827709796707,25.3974962268001,7.54308317521831
151,357.052498188203,90.9569327508514,22.26226152956,25.9555522932171,23.2633854084321,20.1456907605291,326.303646500013,1.65110012925127e-09,36.087845351557,0.435053796429552,1.97335548387512e-09,77.4975272651506,0.436037669606909,2.10543326141059e-09,2387.21182981202,0.211491555422692,1.1893662005157e-09,2639.11716174486,0.364302269208655,2.04826735540357e-09,1493.66778862697,0.344090242290198,115.161151223537,38.6850285415498,0.988174677333713,26.1219179317523,0.839121524840173,7.98468352632083,2.04598668116885,38.5189097402598,0.806942514264242,7.73620881472461,4.84223811289738,44.2782136899185,0.877124307384121,22.1373064950021,7.05395588572153
151,357.052498188203,90.9569327508514,22.26226152956,25.9555522932171,23.2633854084321,20.1456907605291,326.303646500013,1.65110012925127e-09,36.087845351557,0.435053796429552,1.97335548387512e-09,77.4975272651506,0.436037669606909,2.10543326141059e-09,2387.21182981202,0.211491555422692,1.1893662005157e-09,2639.11716174486,0.364302269208655,2.04826735540357e-09,1493.66778862697,0.344090242290198,115.161151223537,38.6850285415498,0.988174677333713,26.1219179317523,0.839121524840173,7.98468352632083,2.04598668116885,38.5189097402598,0.806942514264242,7.73620881472461,4.84223811289738,44.2782136899185,0.877124307384121,22.1373064950021,7.05395588572153
152,392.672936826856,87.3368186890482,23.4806548388601,21.9674858270548,26.3309788503739,24.9375735073505,302.861245637878,1.49370102172555e-09,36.3286955512227,0.442748726511252,1.70050435090911e-09,66.0296300972475,0.437256375539588,2.26861372208805e-09,2242.6834837329,0.215467729522079,8.79567396008288e-10,3410.13634555776,0.370469539007677,2.11405281941073e-09,1591.49923023047,0.267804771718282,108.242413911358,22.0739705902418,0.310147245389739,26.4373071964295,0.951790862559634,7.02528855856413,2.62713577207631,33.7937724701145,0.98815950540649,5.86403728134757,5.59107362470922,35.2800365701721,0.799286707728487,20.2242068922197,7.08464380969133
152,392.672936826856,87.3368186890482,23.4806548388601,21.9674858270548,26.3309788503739,24.9375735073505,302.861245637878,1.49370102172555e-09,36.3286955512227,0.442748726511252,1.70050435090911e-09,66.0296300972475,0.437256375539588,2.26861372208805e-09,2242.6834837329,0.215467729522079,8.79567396008288e-10,3410.13634555776,0.370469539007677,2.11405281941073e-09,1591.49923023047,0.267804771718282,108.242413911358,22.0739705902418,0.310147245389739,26.4373071964295,0.951790862559634,7.02528855856413,2.62713577207631,33.7937724701145,0.98815950540649,5.86403728134757,5.59107362470922,35.2800365701721,0.799286707728487,20.2242068922197,7.08464380969133
153,373.21821770695,102.367059818292,26.4328984650975,23.0184108929472,27.872088108538,22.6788853239235,399.723832325645,1.60132346799306e-09,36.2292684405692,0.477323822639166,1.70358116990506e-09,70.7275414241407,0.41167048501279,2.05601559123209e-09,2594.94443502687,0.182785984941393,1.01830931646552e-09,2917.2335344214,0.354944907312288,2.09960813945616e-09,1469.95985323208,0.334959029375241,80.1408713093697,29.4241850695679,0.00948080443046673,24.2226184233197,0.98509967054144,7.8452161040409,2.07393318078617,39.5910963051148,0.828483809586734,6.6071002179715,3.84746493540467,41.2521140033224,0.801218384391027,28.1303171394372,7.10020276635293
153,373.21821770695,102.367059818292,26.4328984650975,23.0184108929472,27.872088108538,22.6788853239235,399.723832325645,1.60132346799306e-09,36.2292684405692,0.477323822639166,1.70358116990506e-09,70.7275414241407,0.41167048501279,2.05601559123209e-09,2594.94443502687,0.182785984941393,1.01830931646552e-09,2917.2335344214,0.354944907312288,2.09960813945616e-09,1469.95985323208,0.334959029375241,80.1408713093697,29.4241850695679,0.00948080443046673,24.2226184233197,0.98509967054144,7.8452161040409,2.07393318078617,39.5910963051148,0.828483809586734,6.6071002179715,3.84746493540467,41.2521140033224,0.801218384391027,28.1303171394372,7.10020276635293
154,373.020760079949,112.905505811381,20.3066000602139,22.7762669010866,27.9877248731823,27.669752807464,384.14255725913,1.66567691525586e-09,38.0911146774101,0.473949114029275,1.8701555009551e-09,62.1752528581806,0.434066034820341,2.18614606302809e-09,2427.7360039801,0.206890735703276,9.84235457493151e-10,3024.81077350173,0.368773345896344,2.03123517687713e-09,1280.64128359726,0.268398545382155,103.021979646886,36.6279995061299,0.168068383062386,28.8880506695539,0.879206258832466,7.66833029120272,2.49399700488637,36.8741221800882,0.904021318809825,3.45791570123036,4.1094137070047,39.3071686423686,0.792557668407178,23.5070211897716,4.20033944668863
154,373.020760079949,112.905505811381,20.3066000602139,22.7762669010866,27.9877248731823,27.669752807464,384.14255725913,1.66567691525586e-09,38.0911146774101,0.473949114029275,1.8701555009551e-09,62.1752528581806,0.434066034820341,2.18614606302809e-09,2427.7360039801,0.206890735703276,9.84235457493151e-10,3024.81077350173,0.368773345896344,2.03123517687713e-09,1280.64128359726,0.268398545382155,103.021979646886,36.6279995061299,0.168068383062386,28.8880506695539,0.879206258832466,7.66833029120272,2.49399700488637,36.8741221800882,0.904021318809825,3.45791570123036,4.1094137070047,39.3071686423686,0.792557668407178,23.5070211897716,4.20033944668863
155,306.802993333355,117.873335907389,22.0470197128109,29.7006028775899,24.4200965978536,25.4418458874944,331.962668152792,1.79303252931738e-09,34.2199990444639,0.405101556314986,1.80129344453702e-09,62.1294763117352,0.385193113760807,2.10355656491856e-09,2630.20180053276,0.219446486493951,1.07813410097346e-09,2974.07833719374,0.344917416958786,2.13828062160284e-09,1363.42329625886,0.317773027920897,104.128556069448,31.4470749280659,0.495419563114989,29.8714270068907,0.84268901049079,3.9678980154148,3.39890198681127,39.6003709058807,0.875823437490721,7.2856263528433,5.76214415094113,37.8848595675183,0.971023728000893,29.7636958352103,4.80940912794719
155,306.802993333355,117.873335907389,22.0470197128109,29.7006028775899,24.4200965978536,25.4418458874944,331.962668152792,1.79303252931738e-09,34.2199990444639,0.405101556314986,1.80129344453702e-09,62.1294763117352,0.385193113760807,2.10355656491856e-09,2630.20180053276,0.219446486493951,1.07813410097346e-09,2974.07833719374,0.344917416958786,2.13828062160284e-09,1363.42329625886,0.317773027920897,104.128556069448,31.4470749280659,0.495419563114989,29.8714270068907,0.84268901049079,3.9678980154148,3.39890198681127,39.6003709058807,0.875823437490721,7.2856263528433,5.76214415094113,37.8848595675183,0.971023728000893,29.7636958352103,4.80940912794719
156,345.666157299085,94.8453795933495,27.8241578081336,25.1827721032389,29.7623605106187,25.7335044419152,351.075811582597,1.72165291994496e-09,32.1965594351787,0.464127781337825,1.69965474947658e-09,74.9543968932572,0.425596417015303,2.42646621884679e-09,2767.60866633553,0.193259768751824,1.1028374347414e-09,2500.51089312478,0.321323942738529,2.01465928768799e-09,1424.80163126894,0.343471105230193,91.516985158614,32.0723413244461,0.280907175005522,28.8035512684246,0.975536317011515,3.1592558923148,3.14328845881219,36.2645081550117,0.805267147384801,7.20292091728853,6.87197516427611,40.9820120611306,0.795375720091366,21.9521072466525,5.37213956898718
156,345.666157299085,94.8453795933495,27.8241578081336,25.1827721032389,29.7623605106187,25.7335044419152,351.075811582597,1.72165291994496e-09,32.1965594351787,0.464127781337825,1.69965474947658e-09,74.9543968932572,0.425596417015303,2.42646621884679e-09,2767.60866633553,0.193259768751824,1.1028374347414e-09,2500.51089312478,0.321323942738529,2.01465928768799e-09,1424.80163126894,0.343471105230193,91.516985158614,32.0723413244461,0.280907175005522,28.8035512684246,0.975536317011515,3.1592558923148,3.14328845881219,36.2645081550117,0.805267147384801,7.20292091728853,6.87197516427611,40.9820120611306,0.795375720091366,21.9521072466525,5.37213956898718
157,392.604722767548,110.594708687516,29.6327755660131,29.1642400858867,24.439270262838,25.5845424003315,374.272076272175,1.62758852472745e-09,37.5732629633513,0.47118086809021,1.86534275019792e-09,67.0356751520533,0.356814329092691,2.34768450205088e-09,2790.89202250595,0.186033016673583,8.83777764926347e-10,2784.71386272254,0.395749893817716,2.39026065808189e-09,1316.0468234965,0.272828229873621,108.382829267636,35.8288928261797,0.463247998111196,22.4751207484785,0.849211510445068,3.07921040768683,2.57195667988111,30.854251531353,0.978764978392689,5.18257735627092,6.95711660684726,38.6497228086422,0.780040887055136,26.6168647662056,5.73322159164668
157,392.604722767548,110.594708687516,29.6327755660131,29.1642400858867,24.439270262838,25.5845424003315,374.272076272175,1.62758852472745e-09,37.5732629633513,0.47118086809021,1.86534275019792e-09,67.0356751520533,0.356814329092691,2.34768450205088e-09,2790.89202250595,0.186033016673583,8.83777764926347e-10,2784.71386272254,0.395749893817716,2.39026065808189e-09,1316.0468234965,0.272828229873621,108.382829267636,35.8288928261797,0.463247998111196,22.4751207484785,0.849211510445068,3.07921040768683,2.57195667988111,30.854251531353,0.978764978392689,5.18257735627092,6.95711660684726,38.6497228086422,0.780040887055136,26.6168647662056,5.73322159164668
158,300.986448874182,106.357882165544,20.441262748828,28.3818044967085,29.9317366643838,29.4700804608292,302.415222363868,1.60921278659358e-09,30.9465139991618,0.427003539499085,1.92931452652776e-09,61.508851233939,0.35994765317899,2.29260133860245e-09,2435.22775891546,0.186958679717177,1.10937712156078e-09,2570.91578467434,0.399735643363362,2.32319486568634e-09,1498.79535338453,0.277207845457386,87.4198069971237,36.5455655467824,0.396528601539763,21.4609028147138,0.796046943074777,6.54568969311931,4.21302354999995,37.0868147251709,0.850121682484167,4.07442039977468,3.78443868754243,39.0066987492069,0.850109592634762,26.5036462320677,7.31962272901906
158,300.986448874182,106.357882165544,20.441262748828,28.3818044967085,29.9317366643838,29.4700804608292,302.415222363868,1.60921278659358e-09,30.9465139991618,0.427003539499085,1.92931452652776e-09,61.508851233939,0.35994765317899,2.29260133860245e-09,2435.22775891546,0.186958679717177,1.10937712156078e-09,2570.91578467434,0.399735643363362,2.32319486568634e-09,1498.79535338453,0.277207845457386,87.4198069971237,36.5455655467824,0.396528601539763,21.4609028147138,0.796046943074777,6.54568969311931,4.21302354999995,37.0868147251709,0.850121682484167,4.07442039977468,3.78443868754243,39.0066987492069,0.850109592634762,26.5036462320677,7.31962272901906
159,364.619829352324,103.580573652823,29.0489675935468,28.5535743652174,25.8984977483925,28.221082492065,301.982294510972,1.59028235280659e-09,31.6611807639926,0.470278235748224,1.69067077411317e-09,79.7612843589631,0.397205906893659,2.41868978578235e-09,2509.33076989036,0.19178559605133,8.00050712750501e-10,3250.93065321908,0.396764547442875,2.09490031549567e-09,1500.24726039716,0.275111266390949,114.292998159288,29.260767733497,0.205655453387847,21.0538374453656,0.946742376231737,5.03225685103789,2.2485322344694,34.6524568434113,0.988470247901086,5.05425244529297,6.54729909562424,42.5815838921713,0.883977465797828,24.3271980802019,5.95407313273031
159,364.619829352324,103.580573652823,29.0489675935468,28.5535743652174,25.8984977483925,28.221082492065,301.982294510972,1.59028235280659e-09,31.6611807639926,0.470278235748224,1.69067077411317e-09,79.7612843589631,0.397205906893659,2.41868978578235e-09,2509.33076989036,0.19178559605133,8.00050712750501e-10,3250.93065321908,0.396764547442875,2.09490031549567e-09,1500.24726039716,0.275111266390949,114.292998159288,29.260767733497,0.205655453387847,21.0538374453656,0.946742376231737,5.03225685103789,2.2485322344694,34.6524568434113,0.988470247901086,5.05425244529297,6.54729909562424,42.5815838921713,0.883977465797828,24.3271980802019,5.95407313273031
160,386.03563434748,90.6395192229534,26.4718323504878,20.9611382253977,27.2030297141426,28.365978254483,331.370833312637,1.45094068539989e-09,33.6877101487622,0.439165594464496,1.70493062105239e-09,67.1132004568435,0.412357565826027,2.56874571529954e-09,2753.80487053141,0.185000682446384,1.16097721489245e-09,2604.28530858341,0.358194724482898,2.19581597612505e-09,1510.52379691791,0.302366027392711,87.3459810863524,28.7893311891793,0.821912282656417,25.8337705610116,0.790493911967882,6.42229514501838,2.3443828934936,33.1784312946903,0.959737508285914,5.60102559125831,4.71273814896723,39.6887455842213,0.847932462381447,24.9755293345152,7.04916033447373
160,386.03563434748,90.6395192229534,26.4718323504878,20.9611382253977,27.2030297141426,28.365978254483,331.370833312637,1.45094068539989e-09,33.6877101487622,0.439165594464496,1.70493062105239e-09,67.1132004568435,0.412357565826027,2.56874571529954e-09,2753.80487053141,0.185000682446384,1.16097721489245e-09,2604.28530858341,0.358194724482898,2.19581597612505e-09,1510.52379691791,0.302366027392711,87.3459810863524,28.7893311891793,0.821912282656417,25.8337705610116,0.790493911967882,6.42229514501838,2.3443828934936,33.1784312946903,0.959737508285914,5.60102559125831,4.71273814896723,39.6887455842213,0.847932462381447,24.9755293345152,7.04916033447373
161,332.514506205686,87.5786620355752,21.1978917222237,21.6305549139802,29.2621628481126,26.8438298067984,396.847631805435,1.41296428026492e-09,31.1841760638262,0.466250701043632,1.77386692018906e-09,63.5877717236986,0.353144741173181,2.15211701953934e-09,2033.07155880211,0.187355630963771,8.78838685432732e-10,2958.26533839148,0.322194361238314,2.24827402526343e-09,1420.71092848938,0.263604455768623,105.639374701072,27.5997855286832,0.59058893199041,23.1247887100877,0.937281484030574,5.8503201619666,3.54628965242803,30.5606889749391,0.894962212618366,6.13474379592387,3.12772400949872,38.3111636028038,0.954140955170515,23.232646668856,4.26378327307014
161,332.514506205686,87.5786620355752,21.1978917222237,21.6305549139802,29.2621628481126,26.8438298067984,396.847631805435,1.41296428026492e-09,31.1841760638262,0.466250701043632,1.77386692018906e-09,63.5877717236986,0.353144741173181,2.15211701953934e-09,2033.07155880211,0.187355630963771,8.78838685432732e-10,2958.26533839148,0.322194361238314,2.24827402526343e-09,1420.71092848938,0.263604455768623,105.639374701072,27.5997855286832,0.59058893199041,23.1247887100877,0.937281484030574,5.8503201619666,3.54628965242803,30.5606889749391,0.894962212618366,6.13474379592387,3.12772400949872,38.3111636028038,0.954140955170515,23.232646668856,4.26378327307014
162,320.05703100829,104.709500014294,23.2509399943426,25.6650659135477,26.8574343608613,20.0801637979423,349.477025120742,1.5319323589785e-09,36.7559854153574,0.41359735367306,1.61174471648287e-09,70.2837521931839,0.379648923192899,2.45711153573474e-09,2152.90304636707,0.193638218222107,1.19434738858035e-09,2561.34865418457,0.308459210194823,2.23656875521946e-09,1326.83451711112,0.344682369505982,116.32432740583,28.2706201531728,0.142894431102404,20.5708456275178,0.926976756857219,6.00277479904655,2.09869839214051,39.3199790833555,0.858069182880635,4.74435997911934,6.62351050842677,43.4108553483658,0.96721527462828,25.3161981334684,5.68130249001243
162,320.05703100829,104.709500014294,23.2509399943426,25.6650659135477,26.8574343608613,20.0801637979423,349.477025120742,1.5319323589785e-09,36.7559854153574,0.41359735367306,1.61174471648287e-09,70.2837521931839,0.379648923192899,2.45711153573474e-09,2152.90304636707,0.193638218222107,1.19434738858035e-09,2561.34865418457,0.308459210194823,2.23656875521946e-09,1326.83451711112,0.344682369505982,116.32432740583,28.2706201531728,0.142894431102404,20.5708456275178,0.926976756857219,6.00277479904655,2.09869839214051,39.3199790833555,0.858069182880635,4.74435997911934,6.62351050842677,43.4108553483658,0.96721527462828,25.3161981334684,5.68130249001243
163,341.541311576597,119.447858408631,21.7258794524883,20.8001066545599,20.9898138634783,24.6298126363016,359.125131872537,1.58427027911145e-09,32.6608404358323,0.469343953636603,1.67563313850764e-09,60.1977774811717,0.41021437201946,2.09760741796962e-09,2406.36408140979,0.184500005884184,1.02942749490714e-09,2786.17064481629,0.312325010217758,2.1291250440835e-09,1389.00609963264,0.270050815819794,95.5207673676489,28.6280172416661,0.743816182209492,22.6755184729529,0.788032009448426,7.64308573148,2.04882906432887,34.9677129789154,0.941382593306009,3.85073323910124,6.82472596057169,40.8664892239865,0.975555704927404,21.8696249383833,6.16051804426194
163,341.541311576597,119.447858408631,21.7258794524883,20.8001066545599,20.9898138634783,24.6298126363016,359.125131872537,1.58427027911145e-09,32.6608404358323,0.469343953636603,1.67563313850764e-09,60.1977774811717,0.41021437201946,2.09760741796962e-09,2406.36408140979,0.184500005884184,1.02942749490714e-09,2786.17064481629,0.312325010217758,2.1291250440835e-09,1389.00609963264,0.270050815819794,95.5207673676489,28.6280172416661,0.743816182209492,22.6755184729529,0.788032009448426,7.64308573148,2.04882906432887,34.9677129789154,0.941382593306009,3.85073323910124,6.82472596057169,40.8664892239865,0.975555704927404,21.8696249383833,6.16051804426194
164,313.92274998266,109.833874916351,21.7667651939027,23.4800975069399,25.4529042177483,20.3035237093841,396.508665753794,1.4045065873518e-09,30.9799016774038,0.466933383434952,1.98045020014215e-09,61.2423432955873,0.414003912145739,2.06001281844513e-09,2798.13248685976,0.187761696980475,1.1407550927471e-09,3164.26131597423,0.322940500380318,2.24388403002936e-09,1549.9865718724,0.285356312022929,118.093816696272,33.7865083748014,0.678888113783885,22.0958271688228,0.841439716114912,3.83310719686621,4.74092868904717,39.4211978853997,0.861988191047502,3.39233402497541,4.8413554666759,35.6910991769847,0.786544322209612,29.4276266496939,6.61802650862937
164,313.92274998266,109.833874916351,21.7667651939027,23.4800975069399,25.4529042177483,20.3035237093841,396.508665753794,1.4045065873518e-09,30.9799016774038,0.466933383434952,1.98045020014215e-09,61.2423432955873,0.414003912145739,2.06001281844513e-09,2798.13248685976,0.187761696980475,1.1407550927471e-09,3164.26131597423,0.322940500380318,2.24388403002936e-09,1549.9865718724,0.285356312022929,118.093816696272,33.7865083748014,0.678888113783885,22.0958271688228,0.841439716114912,3.83310719686621,4.74092868904717,39.4211978853997,0.861988191047502,3.39233402497541,4.8413554666759,35.6910991769847,0.786544322209612,29.4276266496939,6.61802650862937
165,343.630827153395,94.0878210845716,29.5457673096575,20.8471131995582,26.7873161338152,23.6065865457328,313.141664935258,1.7719429883848e-09,35.4358417489581,0.460838166324512,1.96908664490637e-09,78.5346131693908,0.448696228461008,2.17769121697934e-09,2111.47983242866,0.217149135327005,1.1219319645677e-09,2779.23500684351,0.302160757064908,2.09615599362421e-09,1234.31919957258,0.334539056022535,84.1602204163959,37.0024915657291,0.488533122213884,21.557266603962,0.930014238843526,6.56715914213156,3.68414882363009,36.3125317613286,0.889886171839153,7.88456461258579,3.61441579945406,41.805567283321,0.951890799845489,23.962810792648,6.6347889123297
165,343.630827153395,94.0878210845716,29.5457673096575,20.8471131995582,26.7873161338152,23.6065865457328,313.141664935258,1.7719429883848e-09,35.4358417489581,0.460838166324512,1.96908664490637e-09,78.5346131693908,0.448696228461008,2.17769121697934e-09,2111.47983242866,0.217149135327005,1.1219319645677e-09,2779.23500684351,0.302160757064908,2.09615599362421e-09,1234.31919957258,0.334539056022535,84.1602204163959,37.0024915657291,0.488533122213884,21.557266603962,0.930014238843526,6.56715914213156,3.68414882363009,36.3125317613286,0.889886171839153,7.88456461258579,3.61441579945406,41.805567283321,0.951890799845489,23.962810792648,6.6347889123297
166,379.657224544882,115.815846063806,26.6528069199671,21.7562283648806,20.8526633295149,20.5106438715087,339.979882648081,1.47530759832229e-09,31.9665373416992,0.419956711431214,1.90934084979676e-09,74.6548705880456,0.436023510441559,2.2954819974769e-09,2189.25698707261,0.218271324722621,1.18339696769479e-09,3091.52810287176,0.383951515212758,2.12384665218583e-09,1526.00707704477,0.323773416377454,102.119944727834,24.6772718281957,0.103773861584157,20.1551871480011,0.816028282498817,3.50643269618361,2.98481373451223,39.2734174406161,0.985902920913726,7.85460187005067,6.5237476837392,35.6918474349214,0.862629608162092,29.2244803814198,6.60884052747598
166,379.657224544882,115.815846063806,26.6528069199671,21.7562283648806,20.8526633295149,20.5106438715087,339.979882648081,1.47530759832229e-09,31.9665373416992,0.419956711431214,1.90934084979676e-09,74.6548705880456,0.436023510441559,2.2954819974769e-09,2189.25698707261,0.218271324722621,1.18339696769479e-09,3091.52810287176,0.383951515212758,2.12384665218583e-09,1526.00707704477,0.323773416377454,102.119944727834,24.6772718281957,0.103773861584157,20.1551871480011,0.816028282498817,3.50643269618361,2.98481373451223,39.2734174406161,0.985902920913726,7.85460187005067,6.5237476837392,35.6918474349214,0.862629608162092,29.2244803814198,6.60884052747598
167,389.551806456699,89.8264916499803,28.8618336689743,22.8881540440528,29.5116685623557,27.4086945191853,384.761856895133,1.49360678152874e-09,30.700796880289,0.420330587613537,1.68123026365846e-09,75.3583713394531,0.404920478328457,2.30825926079419e-09,2347.79282119601,0.217043009520839,9.79687200674737e-10,2931.37460636567,0.340962836124347,2.13516650547649e-09,1287.41839634464,0.313582631921244,114.336278410315,29.3767722371546,0.78570989552327,20.7180878054004,0.886418837180008,6.95591591139554,3.20764668021342,31.537765198787,0.931853687162677,7.5050708114522,4.55744772936362,38.3017345894796,0.793772683713445,21.155120293817,6.95145017596116
167,389.551806456699,89.8264916499803,28.8618336689743,22.8881540440528,29.5116685623557,27.4086945191853,384.761856895133,1.49360678152874e-09,30.700796880289,0.420330587613537,1.68123026365846e-09,75.3583713394531,0.404920478328457,2.30825926079419e-09,2347.79282119601,0.217043009520839,9.79687200674737e-10,2931.37460636567,0.340962836124347,2.13516650547649e-09,1287.41839634464,0.313582631921244,114.336278410315,29.3767722371546,0.78570989552327,20.7180878054004,0.886418837180008,6.95591591139554,3.20764668021342,31.537765198787,0.931853687162677,7.5050708114522,4.55744772936362,38.3017345894796,0.793772683713445,21.155120293817,6.95145017596116
168,338.374625569437,111.070066611313,20.2527533843036,26.9850323189186,22.5567553746928,29.1619596915497,385.116046104444,1.57399034682825e-09,39.6462762478176,0.47186134049325,1.92390316074634e-09,72.4986718121758,0.358632065561656,2.54655481490917e-09,2187.01920242537,0.195287879470539,1.15369625300734e-09,2706.2855748956,0.357206907261273,2.21195599362646e-09,1243.85169730423,0.334463370426154,92.6229406525979,20.8470719866093,0.843303958400662,20.9312942575088,0.899811580255568,4.13869021263429,2.46406783187271,31.5848439351748,0.909021730017272,5.83720411748027,3.3039339513318,38.1157195752523,0.881392134926797,22.0442945328608,4.0083964835203
168,338.374625569437,111.070066611313,20.2527533843036,26.9850323189186,22.5567553746928,29.1619596915497,385.116046104444,1.57399034682825e-09,39.6462762478176,0.47186134049325,1.92390316074634e-09,72.4986718121758,0.358632065561656,2.54655481490917e-09,2187.01920242537,0.195287879470539,1.15369625300734e-09,2706.2855748956,0.357206907261273,2.21195599362646e-09,1243.85169730423,0.334463370426154,92.6229406525979,20.8470719866093,0.843303958400662,20.9312942575088,0.899811580255568,4.13869021263429,2.46406783187271,31.5848439351748,0.909021730017272,5.83720411748027,3.3039339513318,38.1157195752523,0.881392134926797,22.0442945328608,4.0083964835203
169,350.684042080018,91.100694061908,29.7039488521809,27.3367039707611,28.8239873747822,20.9423260672626,316.299435862491,1.70121446977226e-09,32.90148570619,0.423367711106835,1.77611360366752e-09,66.9106203689941,0.353105862562868,2.39913460380854e-09,2680.76496513907,0.185563380537074,9.26477530888812e-10,3096.30449613465,0.320987580130355,2.34010568138884e-09,1249.47007487614,0.345551230642951,85.0590640060479,38.6008586862989,0.142848945622532,26.7022429159519,0.985986413442554,3.83055426879901,4.23794488831403,34.6074304621214,0.836364193604589,3.44560464788279,3.00588424872028,44.3846056143988,0.946172663303332,20.5339672142422,6.91450579437578
169,350.684042080018,91.100694061908,29.7039488521809,27.3367039707611,28.8239873747822,20.9423260672626,316.299435862491,1.70121446977226e-09,32.90148570619,0.423367711106835,1.77611360366752e-09,66.9106203689941,0.353105862562868,2.39913460380854e-09,2680.76496513907,0.185563380537074,9.26477530888812e-10,3096.30449613465,0.320987580130355,2.34010568138884e-09,1249.47007487614,0.345551230642951,85.0590640060479,38.6008586862989,0.142848945622532,26.7022429159519,0.985986413442554,3.83055426879901,4.23794488831403,34.6074304621214,0.836364193604589,3.44560464788279,3.00588424872028,44.3846056143988,0.946172663303332,20.5339672142422,6.91450579437578
170,305.235599583837,104.003836834983,29.6785133673374,21.0356033225876,29.986320317284,21.7327818419761,320.34256603946,1.50607529088482e-09,32.2172942781301,0.426032710608783,1.87260680879737e-09,61.9643057799937,0.444588171352039,2.554426993029e-09,2576.60629234161,0.215545679041715,8.58528272244889e-10,2846.45336900324,0.313145468873189,2.21554321676109e-09,1558.36112798511,0.30892257794243,115.127575703323,26.4719622060397,0.866325948260815,25.9117360068072,0.97639745583677,7.53093090318826,2.10709317457138,39.9233842453524,0.881627935305497,6.21130879082797,5.18376170789938,40.7162965405383,0.856434889221741,28.711462742566,5.60673002397295
170,305.235599583837,104.003836834983,29.6785133673374,21.0356033225876,29.986320317284,21.7327818419761,320.34256603946,1.50607529088482e-09,32.2172942781301,0.426032710608783,1.87260680879737e-09,61.9643057799937,0.444588171352039,2.554426993029e-09,2576.60629234161,0.215545679041715,8.58528272244889e-10,2846.45336900324,0.313145468873189,2.21554321676109e-09,1558.36112798511,0.30892257794243,115.127575703323,26.4719622060397,0.866325948260815,25.9117360068072,0.97639745583677,7.53093090318826,2.10709317457138,39.9233842453524,0.881627935305497,6.21130879082797,5.18376170789938,40.7162965405383,0.856434889221741,28.711462742566,5.60673002397295
171,359.012303515391,81.8924233297844,21.2229540228864,26.2334382014285,28.2372935317334,28.0516646495859,310.370347451074,1.46166256880952e-09,31.7186274935523,0.43035741704158,1.96125213891781e-09,77.9303982867655,0.443869695842435,2.33022568072185e-09,2090.72608588191,0.201743227712267,9.76390555595663e-10,3497.18393368458,0.338168278036359,2.20130583334082e-09,1233.20390831612,0.25349787881396,105.048032918103,32.3356471872716,0.705394452970475,28.2504028041799,0.806864862545599,5.9328864097891,3.27482657781749,31.6302318118366,0.939442882233012,3.92327853086263,6.91110252201485,43.1112028639104,0.787841012805502,28.0970189142071,7.68940957510432
171,359.012303515391,81.8924233297844,21.2229540228864,26.2334382014285,28.2372935317334,28.0516646495859,310.370347451074,1.46166256880952e-09,31.7186274935523,0.43035741704158,1.96125213891781e-09,77.9303982867655,0.443869695842435,2.33022568072185e-09,2090.72608588191,0.201743227712267,9.76390555595663e-10,3497.18393368458,0.338168278036359,2.20130583334082e-09,1233.20390831612,0.25349787881396,105.048032918103,32.3356471872716,0.705394452970475,28.2504028041799,0.806864862545599,5.9328864097891,3.27482657781749,31.6302318118366,0.939442882233012,3.92327853086263,6.91110252201485,43.1112028639104,0.787841012805502,28.0970189142071,7.68940957510432
172,382.903565424608,118.853421043134,22.5541438083763,20.5146303501412,25.4103484455184,22.6559734385168,393.366140719916,1.7429021833075e-09,31.7848661655284,0.472642163991178,1.62306396129294e-09,62.5520999819393,0.385628118035986,2.4683439036417e-09,2536.33095336337,0.207322571504097,9.98182211137789e-10,2557.90898627847,0.303017755338108,2.29893087703412e-09,1495.2815371589,0.299640594707229,92.2461514745532,31.6874738312223,0.912370678845832,28.3461941807965,0.868394504617386,5.77727793557354,2.23044904889305,32.0597713170917,0.947700506022998,7.06808372227388,5.99837865718713,42.2351386851358,0.821191342909343,29.480701738493,4.37094271561901
172,382.903565424608,118.853421043134,22.5541438083763,20.5146303501412,25.4103484455184,22.6559734385168,393.366140719916,1.7429021833075e-09,31.7848661655284,0.472642163991178,1.62306396129294e-09,62.5520999819393,0.385628118035986,2.4683439036417e-09,2536.33095336337,0.207322571504097,9.98182211137789e-10,2557.90898627847,0.303017755338108,2.29893087703412e-09,1495.2815371589,0.299640594707229,92.2461514745532,31.6874738312223,0.912370678845832,28.3461941807965,0.868394504617386,5.77727793557354,2.23044904889305,32.0597713170917,0.947700506022998,7.06808372227388,5.99837865718713,42.2351386851358,0.821191342909343,29.480701738493,4.37094271561901
173,338.253777126772,102.016209705712,22.6558781026217,27.1372785764723,28.6460312309135,26.2540099452378,358.187710976892,1.44599827190256e-09,34.9589113051141,0.452098222441454,1.63273505339391e-09,79.2422843892411,0.367032898609878,2.30048738547595e-09,2723.982241718,0.187892497996912,1.18874527342268e-09,2856.86448085792,0.311566442211916,2.28554921658328e-09,1466.84309752424,0.307019862237773,83.0674258378417,26.9279291803557,0.0265695428180003,25.8667614315937,0.907181686087994,4.14580302243206,2.78642750850553,38.5192118221922,0.807936561055142,3.19160622257711,4.10703167644778,39.2400234143201,0.875779416491618,24.8127190191701,7.9523876061947
173,338.253777126772,102.016209705712,22.6558781026217,27.1372785764723,28.6460312309135,26.2540099452378,358.187710976892,1.44599827190256e-09,34.9589113051141,0.452098222441454,1.63273505339391e-09,79.2422843892411,0.367032898609878,2.30048738547595e-09,2723.982241718,0.187892497996912,1.18874527342268e-09,2856.86448085792,0.311566442211916,2.28554921658328e-09,1466.84309752424,0.307019862237773,83.0674258378417,26.9279291803557,0.0265695428180003,25.8667614315937,0.907181686087994,4.14580302243206,2.78642750850553,38.5192118221922,0.807936561055142,3.19160622257711,4.10703167644778,39.2400234143201,0.875779416491618,24.8127190191701,7.9523876061947
174,344.90207759821,101.990677761337,28.1462369084433,29.6276519085546,29.8185272118818,21.5675400496675,394.413811577761,1.56278066312718e-09,38.27222946116,0.463669809567473,1.95220035307806e-09,68.4324923455975,0.390027838276705,2.42398312659947e-09,2284.86912549016,0.185534744176623,1.1120893503052e-09,3218.76009750025,0.377478902311536,2.12725197750095e-09,1279.2902380143,0.303630076303891,92.1504871130701,37.8119815809042,0.408919318560739,20.735662605584,0.780843811993788,4.74448568285325,4.7914552431387,32.2381969815486,0.873023291374852,7.36831161458522,4.38976396154063,37.9071127121512,0.785587046642406,25.2517809200761,5.47542607608926
174,344.90207759821,101.990677761337,28.1462369084433,29.6276519085546,29.8185272118818,21.5675400496675,394.413811577761,1.56278066312718e-09,38.27222946116,0.463669809567473,1.95220035307806e-09,68.4324923455975,0.390027838276705,2.42398312659947e-09,2284.86912549016,0.185534744176623,1.1120893503052e-09,3218.76009750025,0.377478902311536,2.12725197750095e-09,1279.2902380143,0.303630076303891,92.1504871130701,37.8119815809042,0.408919318560739,20.735662605584,0.780843811993788,4.74448568285325,4.7914552431387,32.2381969815486,0.873023291374852,7.36831161458522,4.38976396154063,37.9071127121512,0.785587046642406,25.2517809200761,5.47542607608926
175,330.820498564103,119.048630261913,27.611268226243,27.7489856022519,26.8579483581888,21.130551603747,300.604958609683,1.49645589283302e-09,33.2969741623434,0.446157494341831,1.79016501534076e-09,72.1065990635066,0.361149076356732,2.20059562853896e-09,2399.20206455854,0.219731275428532,1.09376772432038e-09,3211.78336595352,0.300363771163634,2.12110261164323e-09,1473.30773065533,0.265435475340129,91.8100475347935,39.6287016001724,0.86241335111425,24.1347586854523,0.874204916423226,6.07883823663074,3.85682090791978,38.8391617404586,0.970228079392667,4.79512487700684,3.96967705463859,36.9032392088264,0.971691396462819,20.3829005852486,6.34759008425055
175,330.820498564103,119.048630261913,27.611268226243,27.7489856022519,26.8579483581888,21.130551603747,300.604958609683,1.49645589283302e-09,33.2969741623434,0.446157494341831,1.79016501534076e-09,72.1065990635066,0.361149076356732,2.20059562853896e-09,2399.20206455854,0.219731275428532,1.09376772432038e-09,3211.78336595352,0.300363771163634,2.12110261164323e-09,1473.30773065533,0.265435475340129,91.8100475347935,39.6287016001724,0.86241335111425,24.1347586854523,0.874204916423226,6.07883823663074,3.85682090791978,38.8391617404586,0.970228079392667,4.79512487700684,3.96967705463859,36.9032392088264,0.971691396462819,20.3829005852486,6.34759008425055
176,391.773695489122,96.2369676893861,26.6586527787386,24.7550969823985,23.7143994825568,21.2750042459698,314.306490489503,1.47791083596546e-09,38.5866563535222,0.456202255129976,1.71039833049346e-09,66.2594840987823,0.406079039769049,2.46930516773501e-09,2182.36750742816,0.193659050519286,1.15717857574594e-09,3096.85065819815,0.358989785698188,2.01820790601964e-09,1409.72819949383,0.337245470768181,85.9435993257175,28.1453120469067,0.328593676334987,27.9519181457652,0.919134641213063,4.3588154651072,4.36516224231088,32.9623213069009,0.836631228273831,5.80974350373214,6.62698277694593,42.6337767783409,0.890100880474022,20.5343141141125,4.84818718105271
176,391.773695489122,96.2369676893861,26.6586527787386,24.7550969823985,23.7143994825568,21.2750042459698,314.306490489503,1.47791083596546e-09,38.5866563535222,0.456202255129976,1.71039833049346e-09,66.2594840987823,0.406079039769049,2.46930516773501e-09,2182.36750742816,0.193659050519286,1.15717857574594e-09,3096.85065819815,0.358989785698188,2.01820790601964e-09,1409.72819949383,0.337245470768181,85.9435993257175,28.1453120469067,0.328593676334987,27.9519181457652,0.919134641213063,4.3588154651072,4.36516224231088,32.9623213069009,0.836631228273831,5.80974350373214,6.62698277694593,42.6337767783409,0.890100880474022,20.5343141141125,4.84818718105271
177,315.983914203506,93.8425547959663,24.7360863726191,23.9233120936669,21.2587018515079,21.7395969961687,366.579826882029,1.76288398131242e-09,39.2873061229199,0.459987723858788,1.93792036234701e-09,66.0557755919439,0.364673276044274,2.22813535924362e-09,2002.42444610604,0.208689988050997,1.05272505638129e-09,3386.02633193184,0.366816830714145,2.02363749813844e-09,1493.17050307138,0.32407508073649,87.0006085100452,25.9475396173666,0.742709130242474,25.1097216268762,0.939875689121696,7.25063803916468,3.94472510432092,32.7553788230564,0.913666556420628,5.55825421814799,4.73298111158248,36.4823519446557,0.91664902746815,23.2385761960955,4.91939558077633
177,315.983914203506,93.8425547959663,24.7360863726191,23.9233120936669,21.2587018515079,21.7395969961687,366.579826882029,1.76288398131242e-09,39.2873061229199,0.459987723858788,1.93792036234701e-09,66.0557755919439,0.364673276044274,2.22813535924362e-09,2002.42444610604,0.208689988050997,1.05272505638129e-09,3386.02633193184,0.366816830714145,2.02363749813844e-09,1493.17050307138,0.32407508073649,87.0006085100452,25.9475396173666,0.742709130242474,25.1097216268762,0.939875689121696,7.25063803916468,3.94472510432092,32.7553788230564,0.913666556420628,5.55825421814799,4.73298111158248,36.4823519446557,0.91664902746815,23.2385761960955,4.91939558077633
178,359.510448233775,81.6431995051657,24.3733147359836,21.8380809313387,24.2924049686075,24.0495697968065,343.183047545045,1.52897699623074e-09,31.336286217254,0.444987015733585,1.91192924776174e-09,65.8264800244916,0.383914797981885,2.06355929956782e-09,2720.74535722263,0.207972267910783,9.97547074310408e-10,2520.44708453292,0.307266817248574,2.32830063550312e-09,1352.85221353832,0.252402256223183,86.0196052144827,22.9780936109304,0.494010498155147,20.3052747942559,0.947171056151539,5.41752930383458,2.82166867980222,39.7296293265706,0.961356649351911,5.14531557930002,5.98558752618291,40.8908988562406,0.872323626589053,23.4262733489288,4.23216314575826
178,359.510448233775,81.6431995051657,24.3733147359836,21.8380809313387,24.2924049686075,24.0495697968065,343.183047545045,1.52897699623074e-09,31.336286217254,0.444987015733585,1.91192924776174e-09,65.8264800244916,0.383914797981885,2.06355929956782e-09,2720.74535722263,0.207972267910783,9.97547074310408e-10,2520.44708453292,0.307266817248574,2.32830063550312e-09,1352.85221353832,0.252402256223183,86.0196052144827,22.9780936109304,0.494010498155147,20.3052747942559,0.947171056151539,5.41752930383458,2.82166867980222,39.7296293265706,0.961356649351911,5.14531557930002,5.98558752618291,40.8908988562406,0.872323626589053,23.4262733489288,4.23216314575826
179,372.449082870042,109.781225399315,29.0347131728243,27.0266744017771,20.8186500136582,26.4609461211093,348.505942146674,1.61014019185021e-09,36.1664901340224,0.447794620427768,1.97976924472578e-09,69.0909551599844,0.416882068599432,2.39264923280355e-09,2130.9486459114,0.212638213137973,9.11087394060497e-10,2648.24232782223,0.359239700246117,2.21827333558742e-09,1532.33568847785,0.273983159685083,105.099342646347,21.5607242287879,0.171666887094493,20.7319679323574,0.825660432750351,6.98567480945474,4.62219573192849,32.3962193196103,0.794867397400912,4.18637315170242,6.82816945828208,35.3048608171605,0.875029331345347,23.8972456104113,5.49193271061715
179,372.449082870042,109.781225399315,29.0347131728243,27.0266744017771,20.8186500136582,26.4609461211093,348.505942146674,1.61014019185021e-09,36.1664901340224,0.447794620427768,1.97976924472578e-09,69.0909551599844,0.416882068599432,2.39264923280355e-09,2130.9486459114,0.212638213137973,9.11087394060497e-10,2648.24232782223,0.359239700246117,2.21827333558742e-09,1532.33568847785,0.273983159685083,105.099342646347,21.5607242287879,0.171666887094493,20.7319679323574,0.825660432750351,6.98567480945474,4.62219573192849,32.3962193196103,0.794867397400912,4.18637315170242,6.82816945828208,35.3048608171605,0.875029331345347,23.8972456104113,5.49193271061715
180,348.10084735699,97.2169868477502,25.2996427604541,26.4602513734238,26.7151292241856,20.3384837648083,357.193499603352,1.65249885632302e-09,38.5262416073658,0.445081492360173,1.93643613832849e-09,65.5341017727204,0.40072074941628,2.28504882943539e-09,2204.18768832567,0.19788407715877,9.84595062801622e-10,3358.3392603331,0.304703330651174,2.2566120381748e-09,1539.24331653984,0.293447021737289,119.984664293019,30.8252829691653,0.306928786646111,22.6969933084897,0.823309997609235,7.21886932321596,2.09145729009009,35.6653566660264,0.930069793091276,6.51329771250379,4.93824196463508,38.8806627018886,0.913746289005242,25.0693768856367,5.9689308780127
180,348.10084735699,97.2169868477502,25.2996427604541,26.4602513734238,26.7151292241856,20.3384837648083,357.193499603352,1.65249885632302e-09,38.5262416073658,0.445081492360173,1.93643613832849e-09,65.5341017727204,0.40072074941628,2.28504882943539e-09,2204.18768832567,0.19788407715877,9.84595062801622e-10,3358.3392603331,0.304703330651174,2.2566120381748e-09,1539.24331653984,0.293447021737289,119.984664293019,30.8252829691653,0.306928786646111,22.6969933084897,0.823309997609235,7.21886932321596,2.09145729009009,35.6653566660264,0.930069793091276,6.51329771250379,4.93824196463508,38.8806627018886,0.913746289005242,25.0693768856367,5.9689308780127
181,376.107220672496,101.090794171121,27.8297111151777,25.9975388122741,23.2102755501105,20.8882377147203,364.801647531606,1.5129532682991e-09,31.1060165542648,0.439774202296479,1.80104695724173e-09,70.1554307460773,0.411637809042378,2.03158997652543e-09,2384.53363212021,0.184175404849713,9.34330344912041e-10,3000.65806426993,0.319403117531011,2.10088480559841e-09,1521.16025513065,0.30138948706932,104.135454324671,24.5037995256499,0.690219769305495,26.8709040420356,0.874366521067173,7.85068980533196,2.20235195491414,39.4785280851809,0.924637995947822,4.09302264417681,5.95540947913465,37.2170508179754,0.796988922399843,24.2545046742616,7.1448787496773
181,376.107220672496,101.090794171121,27.8297111151777,25.9975388122741,23.2102755501105,20.8882377147203,364.801647531606,1.5129532682991e-09,31.1060165542648,0.439774202296479,1.80104695724173e-09,70.1554307460773,0.411637809042378,2.03158997652543e-09,2384.53363212021,0.184175404849713,9.34330344912041e-10,3000.65806426993,0.319403117531011,2.10088480559841e-09,1521.16025513065,0.30138948706932,104.135454324671,24.5037995256499,0.690219769305495,26.8709040420356,0.874366521067173,7.85068980533196,2.20235195491414,39.4785280851809,0.924637995947822,4.09302264417681,5.95540947913465,37.2170508179754,0.796988922399843,24.2545046742616,7.1448787496773
182,303.994035700656,82.5210954224004,28.8267979830093,27.0353223303086,29.0384535554644,26.0064359353238,378.122279552717,1.78028893508953e-09,31.7147591660352,0.428134742970885,1.90907544332669e-09,79.0393676300494,0.448682827446242,2.01776283955805e-09,2751.86298533583,0.193673761326043,1.06064874118865e-09,2506.73553016037,0.332513372438173,2.33832778920878e-09,1514.09557767945,0.265479717529206,98.5139326087228,33.6440880895162,0.138895387941952,20.7296471958079,0.975391464335924,4.61322301543017,4.55231075707324,33.4051914281862,0.842780580334022,7.08742878950995,4.37366660296451,35.5919017524558,0.99925923473811,23.0365184777988,6.31281845373703
182,303.994035700656,82.5210954224004,28.8267979830093,27.0353223303086,29.0384535554644,26.0064359353238,378.122279552717,1.78028893508953e-09,31.7147591660352,0.428134742970885,1.90907544332669e-09,79.0393676300494,0.448682827446242,2.01776283955805e-09,2751.86298533583,0.193673761326043,1.06064874118865e-09,2506.73553016037,0.332513372438173,2.33832778920878e-09,1514.09557767945,0.265479717529206,98.5139326087228,33.6440880895162,0.138895387941952,20.7296471958079,0.975391464335924,4.61322301543017,4.55231075707324,33.4051914281862,0.842780580334022,7.08742878950995,4.37366660296451,35.5919017524558,0.99925923473811,23.0365184777988,6.31281845373703
183,330.121682884336,107.406894668445,29.9438773369623,24.6843528715434,23.1469561078124,20.0793065193663,385.00790404832,1.69499296863336e-09,35.9070278306623,0.434487893068286,1.84093837420793e-09,63.9661270456957,0.417311358361643,2.31022055678445e-09,2041.31749254946,0.187042372833351,8.11658108008329e-10,2749.91704938684,0.342452700265588,2.0015810127238e-09,1334.03646394566,0.331213532070708,86.7833241607964,32.8324339260492,0.962639452367036,25.9951202626268,0.889517218663127,3.93323054557062,3.04815784897297,31.3874722958409,0.827861267546964,5.21686144976384,5.65336841301713,36.1712480640555,0.924099394018364,25.895217287019,6.24731252286616
183,330.121682884336,107.406894668445,29.9438773369623,24.6843528715434,23.1469561078124,20.0793065193663,385.00790404832,1.69499296863336e-09,35.9070278306623,0.434487893068286,1.84093837420793e-09,63.9661270456957,0.417311358361643,2.31022055678445e-09,2041.31749254946,0.187042372833351,8.11658108008329e-10,2749.91704938684,0.342452700265588,2.0015810127238e-09,1334.03646394566,0.331213532070708,86.7833241607964,32.8324339260492,0.962639452367036,25.9951202626268,0.889517218663127,3.93323054557062,3.04815784897297,31.3874722958409,0.827861267546964,5.21686144976384,5.65336841301713,36.1712480640555,0.924099394018364,25.895217287019,6.24731252286616
184,308.493165572583,99.4708949496066,21.9370062425846,29.0533126843416,24.3464710736357,24.5029788250398,394.136406284251,1.77540198955985e-09,35.1569635168905,0.410279808847059,1.92109420235662e-09,66.9124178494876,0.363703243363695,2.55140044313685e-09,2095.3342003765,0.194062774851648,9.8212006068577e-10,2562.60082331691,0.373071647984378,2.16281035807514e-09,1559.11276203725,0.304604889799765,96.2186098020809,39.8996627013924,0.912856411225593,23.3373216589871,0.823697451503415,6.06832722269963,3.2630795950933,32.5302819821135,0.802547213146454,3.99085035594878,3.20772093583274,37.0109448797421,0.972422331886443,27.7306144011745,7.09756625272912
184,308.493165572583,99.4708949496066,21.9370062425846,29.0533126843416,24.3464710736357,24.5029788250398,394.136406284251,1.77540198955985e-09,35.1569635168905,0.410279808847059,1.92109420235662e-09,66.9124178494876,0.363703243363695,2.55140044313685e-09,2095.3342003765,0.194062774851648,9.8212006068577e-10,2562.60082331691,0.373071647984378,2.16281035807514e-09,1559.11276203725,0.304604889799765,96.2186098020809,39.8996627013924,0.912856411225593,23.3373216589871,0.823697451503415,6.06832722269963,3.2630795950933,32.5302819821135,0.802547213146454,3.99085035594878,3.20772093583274,37.0109448797421,0.972422331886443,27.7306144011745,7.09756625272912
185,342.947136914837,92.6125272977369,27.6969219132523,21.2251019882394,29.8861504716032,21.8259680520033,362.051144041549,1.44200652363298e-09,35.9067101720773,0.435901751326735,1.82449683024525e-09,62.1658670961557,0.35208007810458,2.25336955211512e-09,2562.21844358771,0.188734062966268,8.63912713934661e-10,2772.67179986668,0.317074596238258,2.37404132419276e-09,1341.31280915846,0.341111592775073,80.5670565301883,27.9773545934679,0.609167645793809,25.9730197751823,0.862695363587748,7.62118397942336,4.89806397756472,32.852609135687,0.895439990977323,3.76466377925094,4.36959797638115,40.6549893451141,0.840457252751402,27.4517531117686,7.00026324013694
185,342.947136914837,92.6125272977369,27.6969219132523,21.2251019882394,29.8861504716032,21.8259680520033,362.051144041549,1.44200652363298e-09,35.9067101720773,0.435901751326735,1.82449683024525e-09,62.1658670961557,0.35208007810458,2.25336955211512e-09,2562.21844358771,0.188734062966268,8.63912713934661e-10,2772.67179986668,0.317074596238258,2.37404132419276e-09,1341.31280915846,0.341111592775073,80.5670565301883,27.9773545934679,0.609167645793809,25.9730197751823,0.862695363587748,7.62118397942336,4.89806397756472,32.852609135687,0.895439990977323,3.76466377925094,4.36959797638115,40.6549893451141,0.840457252751402,27.4517531117686,7.00026324013694
186,349.284289582267,113.009455114408,29.1092552366983,25.7934062121021,24.5191709722391,27.7095547924211,365.598611450338,1.62135613326545e-09,37.0271222411617,0.463382964218257,1.96146205073283e-09,66.3913595584384,0.442556328531879,2.49563848456338e-09,2744.34269828329,0.183732983261985,1.06181463698995e-09,3317.49024235104,0.386936823700302,2.34038579890628e-09,1431.3170249833,0.346884873717874,117.208976811707,23.0903661437548,0.368685850775527,23.5197155880076,0.805091852541883,3.15862069439478,2.37490767333652,39.4884116364352,0.95035172984136,6.95005054370285,4.34091211033886,43.0422628653053,0.83977263937096,23.4034771625676,7.82989682392564
186,349.284289582267,113.009455114408,29.1092552366983,25.7934062121021,24.5191709722391,27.7095547924211,365.598611450338,1.62135613326545e-09,37.0271222411617,0.463382964218257,1.96146205073283e-09,66.3913595584384,0.442556328531879,2.49563848456338e-09,2744.34269828329,0.183732983261985,1.06181463698995e-09,3317.49024235104,0.386936823700302,2.34038579890628e-09,1431.3170249833,0.346884873717874,117.208976811707,23.0903661437548,0.368685850775527,23.5197155880076,0.805091852541883,3.15862069439478,2.37490767333652,39.4884116364352,0.95035172984136,6.95005054370285,4.34091211033886,43.0422628653053,0.83977263937096,23.4034771625676,7.82989682392564
187,367.317415142194,83.7718291784115,25.200781875409,28.2884022510949,28.3657390920835,23.8175412195728,368.759466891863,1.73475526677535e-09,39.1188090661528,0.437491527689917,1.63784746958347e-09,76.2278557129407,0.367818082446538,2.56900381688573e-09,2620.45376930811,0.207087857332555,1.08504201675586e-09,2555.19505010972,0.336912229854634,2.15485208024177e-09,1338.37552258772,0.292026903437191,103.779421725881,32.9764702105522,0.417323083162708,28.9948854518984,0.913300243061325,4.74928242703583,3.32647516486904,35.6329584693475,0.781074907376468,5.70512080636603,6.42097903906062,41.7670795638951,0.91425093599062,24.534772500217,5.44788866283647
187,367.317415142194,83.7718291784115,25.200781875409,28.2884022510949,28.3657390920835,23.8175412195728,368.759466891863,1.73475526677535e-09,39.1188090661528,0.437491527689917,1.63784746958347e-09,76.2278557129407,0.367818082446538,2.56900381688573e-09,2620.45376930811,0.207087857332555,1.08504201675586e-09,2555.19505010972,0.336912229854634,2.15485208024177e-09,1338.37552258772,0.292026903437191,103.779421725881,32.9764702105522,0.417323083162708,28.9948854518984,0.913300243061325,4.74928242703583,3.32647516486904,35.6329584693475,0.781074907376468,5.70512080636603,6.42097903906062,41.7670795638951,0.91425093599062,24.534772500217,5.44788866283647
188,314.381541400855,97.5418823970569,22.0533805396953,20.3090596179482,22.0172081439825,23.4030640135558,326.057978849546,1.65109933692548e-09,34.9317268645637,0.468150516561633,1.67994125922073e-09,69.2511331753883,0.417894356258223,2.02173221119577e-09,2654.65111129805,0.182360540700862,9.87669223790449e-10,2996.64558721064,0.345234846489991,2.16975458687301e-09,1368.74994475523,0.255335981655892,109.817359264163,28.6183948396508,0.0816392674650508,24.1579053432079,0.839587230180357,6.1733251890521,2.05837134289216,39.6729978856429,0.962475078283316,5.18624950299244,3.00285730201823,39.4418848628284,0.788682438086185,25.5235136126704,4.87203011682432
188,314.381541400855,97.5418823970569,22.0533805396953,20.3090596179482,22.0172081439825,23.4030640135558,326.057978849546,1.65109933692548e-09,34.9317268645637,0.468150516561633,1.67994125922073e-09,69.2511331753883,0.417894356258223,2.02173221119577e-09,2654.65111129805,0.182360540700862,9.87669223790449e-10,2996.64558721064,0.345234846489991,2.16975458687301e-09,1368.74994475523,0.255335981655892,109.817359264163,28.6183948396508,0.0816392674650508,24.1579053432079,0.839587230180357,6.1733251890521,2.05837134289216,39.6729978856429,0.962475078283316,5.18624950299244,3.00285730201823,39.4418848628284,0.788682438086185,25.5235136126704,4.87203011682432
189,310.804689132984,111.128952874925,27.2786460539134,21.4780672918072,27.8947550034139,29.1213358549969,355.134171042331,1.78183641515597e-09,35.6875961640023,0.452973340858158,1.8996848535365e-09,69.9608308319802,0.378437245745336,2.36874461055189e-09,2136.00780704512,0.180364040633918,1.08361089840375e-09,3386.88765417987,0.393860762957897,2.02002298929099e-09,1219.96063698099,0.274808508478277,108.900569050021,37.865296173142,0.293720687530042,20.5806437137091,0.812662943361842,6.19171219865887,4.46767471712171,38.7818802203794,0.98533767718061,4.74824344761867,6.55653030240565,43.0796083815574,0.903843575394051,22.5487142429782,5.38127863254192
189,310.804689132984,111.128952874925,27.2786460539134,21.4780672918072,27.8947550034139,29.1213358549969,355.134171042331,1.78183641515597e-09,35.6875961640023,0.452973340858158,1.8996848535365e-09,69.9608308319802,0.378437245745336,2.36874461055189e-09,2136.00780704512,0.180364040633918,1.08361089840375e-09,3386.88765417987,0.393860762957897,2.02002298929099e-09,1219.96063698099,0.274808508478277,108.900569050021,37.865296173142,0.293720687530042,20.5806437137091,0.812662943361842,6.19171219865887,4.46767471712171,38.7818802203794,0.98533767718061,4.74824344761867,6.55653030240565,43.0796083815574,0.903843575394051,22.5487142429782,5.38127863254192
190,358.165331750313,107.395975817844,21.006268638888,26.6766512131029,23.4998052695455,20.1096088300236,386.330842523619,1.53526821194759e-09,30.2873363774948,0.457574680246704,1.79381215187712e-09,60.0676282573368,0.402929868712164,2.55587831590111e-09,2777.74607903959,0.183550769577778,1.18636806473927e-09,2755.36058146198,0.323782829903491,2.35713921075299e-09,1500.57576233201,0.344228228480577,91.7524024441118,24.201476696123,0.685661253729714,26.1381302855945,0.868384925607921,5.83671948054253,4.73820730929834,39.9428661276247,0.921784928243889,3.9274949806728,6.06496112780579,37.0102622129087,0.99334209347957,28.6329423617876,4.50795559318731
190,358.165331750313,107.395975817844,21.006268638888,26.6766512131029,23.4998052695455,20.1096088300236,386.330842523619,1.53526821194759e-09,30.2873363774948,0.457574680246704,1.79381215187712e-09,60.0676282573368,0.402929868712164,2.55587831590111e-09,2777.74607903959,0.183550769577778,1.18636806473927e-09,2755.36058146198,0.323782829903491,2.35713921075299e-09,1500.57576233201,0.344228228480577,91.7524024441118,24.201476696123,0.685661253729714,26.1381302855945,0.868384925607921,5.83671948054253,4.73820730929834,39.9428661276247,0.921784928243889,3.9274949806728,6.06496112780579,37.0102622129087,0.99334209347957,28.6329423617876,4.50795559318731
191,395.138781611126,110.879157327414,20.7905708330931,21.0922997737071,25.7675405780209,24.9032830494149,388.981055296801,1.63177552728145e-09,39.0859894853734,0.402619150096944,1.60004940079304e-09,63.8182901861141,0.374378532194783,2.03883626475063e-09,2441.47546317312,0.185974717883627,1.09042044539051e-09,2998.35877870729,0.356441843505785,2.32339593898924e-09,1238.39256870392,0.325806876164977,87.6873993106352,24.4443733078507,0.619996952704124,27.4103596488795,0.857101908329289,5.26122800463566,2.41094429965423,37.1638306853121,0.880832984990355,3.59669805990981,6.89065658046807,43.8088902300029,0.823598604051986,25.3093369669129,4.45440945033788
191,395.138781611126,110.879157327414,20.7905708330931,21.0922997737071,25.7675405780209,24.9032830494149,388.981055296801,1.63177552728145e-09,39.0859894853734,0.402619150096944,1.60004940079304e-09,63.8182901861141,0.374378532194783,2.03883626475063e-09,2441.47546317312,0.185974717883627,1.09042044539051e-09,2998.35877870729,0.356441843505785,2.32339593898924e-09,1238.39256870392,0.325806876164977,87.6873993106352,24.4443733078507,0.619996952704124,27.4103596488795,0.857101908329289,5.26122800463566,2.41094429965423,37.1638306853121,0.880832984990355,3.59669805990981,6.89065658046807,43.8088902300029,0.823598604051986,25.3093369669129,4.45440945033788
192,392.459267715707,111.508524258197,23.4738380435027,28.8084590084411,28.1587432894917,25.6630970451807,341.14031541792,1.60822531206362e-09,32.9152667328661,0.411491976677195,1.80177293131973e-09,62.384299267331,0.449044755428839,2.50884933574215e-09,2494.70119600433,0.205417350284041,1.09878319168059e-09,3263.12161870076,0.361285260109244,2.09479866161554e-09,1406.04126920311,0.275991711322401,100.685562613265,33.6476772304564,0.894708335154531,21.86513042028,0.816488520009636,3.88272943840868,4.49803774485248,33.0002921197532,0.984742834952258,3.32415620470604,6.45347980137869,35.8585300959798,0.964544272015989,27.6740435391599,5.03223142658262
192,392.459267715707,111.508524258197,23.4738380435027,28.8084590084411,28.1587432894917,25.6630970451807,341.14031541792,1.60822531206362e-09,32.9152667328661,0.411491976677195,1.80177293131973e-09,62.384299267331,0.449044755428839,2.50884933574215e-09,2494.70119600433,0.205417350284041,1.09878319168059e-09,3263.12161870076,0.361285260109244,2.09479866161554e-09,1406.04126920311,0.275991711322401,100.685562613265,33.6476772304564,0.894708335154531,21.86513042028,0.816488520009636,3.88272943840868,4.49803774485248,33.0002921197532,0.984742834952258,3.32415620470604,6.45347980137869,35.8585300959798,0.964544272015989,27.6740435391599,5.03223142658262
193,309.661852840429,80.9245900235655,27.7686277858687,26.7886469183924,26.0859896915371,24.7114977611268,389.238536623523,1.54448437234393e-09,34.3982785930874,0.45279544251547,1.7667831161617e-09,73.7805908911986,0.363649373112727,2.58935042386945e-09,2679.32249925208,0.206929784696593,1.07193022844368e-09,2866.25953442167,0.379047501641429,2.27952251288479e-09,1216.21510584312,0.287511370402911,93.4124708272788,35.8564314029366,0.523684212207227,20.0712607826943,0.932523113588146,3.55821854797577,2.9534132502665,39.8865853415206,0.810396715768811,3.34141656604768,6.20287412758605,35.7083280644856,0.797965075501155,26.0716677681763,6.48949521807515
193,309.661852840429,80.9245900235655,27.7686277858687,26.7886469183924,26.0859896915371,24.7114977611268,389.238536623523,1.54448437234393e-09,34.3982785930874,0.45279544251547,1.7667831161617e-09,73.7805908911986,0.363649373112727,2.58935042386945e-09,2679.32249925208,0.206929784696593,1.07193022844368e-09,2866.25953442167,0.379047501641429,2.27952251288479e-09,1216.21510584312,0.287511370402911,93.4124708272788,35.8564314029366,0.523684212207227,20.0712607826943,0.932523113588146,3.55821854797577,2.9534132502665,39.8865853415206,0.810396715768811,3.34141656604768,6.20287412758605,35.7083280644856,0.797965075501155,26.0716677681763,6.48949521807515
194,367.190891269589,108.234147820903,25.6569922896774,29.1538730490517,20.2532202084578,26.8881399468372,308.426431353237,1.43361238013614e-09,30.5655362224778,0.426466376766727,1.74681616178337e-09,66.8011384978657,0.422148660741839,2.14164305497467e-09,2125.54986333668,0.19306435076803,1.04186252191816e-09,3349.81203639358,0.359667332973788,2.29786543426026e-09,1201.29489907956,0.252539202495031,118.053606228975,33.1923061058257,0.511667669501567,23.5427556447015,0.985919601036841,7.15410737116516,4.02525004601284,33.543601741677,0.940705781873577,3.13885585159255,6.00519692897408,38.8239334330625,0.784475891047095,23.9760925607455,6.12795987629364
194,367.190891269589,108.234147820903,25.6569922896774,29.1538730490517,20.2532202084578,26.8881399468372,308.426431353237,1.43361238013614e-09,30.5655362224778,0.426466376766727,1.74681616178337e-09,66.8011384978657,0.422148660741839,2.14164305497467e-09,2125.54986333668,0.19306435076803,1.04186252191816e-09,3349.81203639358,0.359667332973788,2.29786543426026e-09,1201.29489907956,0.252539202495031,118.053606228975,33.1923061058257,0.511667669501567,23.5427556447015,0.985919601036841,7.15410737116516,4.02525004601284,33.543601741677,0.940705781873577,3.13885585159255,6.00519692897408,38.8239334330625,0.784475891047095,23.9760925607455,6.12795987629364
195,336.086770145792,81.1672372571974,26.9662981176822,22.7430904458843,26.1375385518682,28.1731183429937,311.493327191046,1.59835003591978e-09,32.8883335688367,0.430892339481358,1.92457037633506e-09,63.3313978235522,0.428544691768097,2.40619534335228e-09,2779.99988307589,0.200855582659123,1.1019448436308e-09,3446.50146990459,0.327420979904301,2.1113036916417e-09,1429.42160076677,0.289632343378482,109.663487207481,24.3974171954791,0.89135705653264,24.5415681043727,0.83826871343379,7.83942066246154,4.24576645121189,32.795003473689,0.964052418215508,6.93558933489871,6.61433677783981,35.1913028870583,0.819164789729183,25.9300183591213,7.99369115678592
195,336.086770145792,81.1672372571974,26.9662981176822,22.7430904458843,26.1375385518682,28.1731183429937,311.493327191046,1.59835003591978e-09,32.8883335688367,0.430892339481358,1.92457037633506e-09,63.3313978235522,0.428544691768097,2.40619534335228e-09,2779.99988307589,0.200855582659123,1.1019448436308e-09,3446.50146990459,0.327420979904301,2.1113036916417e-09,1429.42160076677,0.289632343378482,109.663487207481,24.3974171954791,0.89135705653264,24.5415681043727,0.83826871343379,7.83942066246154,4.24576645121189,32.795003473689,0.964052418215508,6.93558933489871,6.61433677783981,35.1913028870583,0.819164789729183,25.9300183591213,7.99369115678592
196,395.948836745475,81.0035132560453,28.0866807392572,23.6635589755994,23.8051013847598,20.5962112556615,381.628028200503,1.41985820818924e-09,33.6415776882196,0.408893514344532,1.86924960686642e-09,77.7965596498132,0.351782407438917,2.37064446396227e-09,2244.82415919532,0.207972241592775,8.37886014812088e-10,3444.91627768627,0.307005018665092,2.31148457167912e-09,1546.79022564857,0.276272507570909,81.4135402130649,31.2610011053071,0.957978759849642,26.8596270040709,0.964233720718163,5.37482858097907,2.82308190423504,32.2407093080507,0.895689927409648,5.48665353404466,4.63974580508251,43.5854578651297,0.907340858917018,25.4374902332276,4.99019046155163
196,395.948836745475,81.0035132560453,28.0866807392572,23.6635589755994,23.8051013847598,20.5962112556615,381.628028200503,1.41985820818924e-09,33.6415776882196,0.408893514344532,1.86924960686642e-09,77.7965596498132,0.351782407438917,2.37064446396227e-09,2244.82415919532,0.207972241592775,8.37886014812088e-10,3444.91627768627,0.307005018665092,2.31148457167912e-09,1546.79022564857,0.276272507570909,81.4135402130649,31.2610011053071,0.957978759849642,26.8596270040709,0.964233720718163,5.37482858097907,2.82308190423504,32.2407093080507,0.895689927409648,5.48665353404466,4.63974580508251,43.5854578651297,0.907340858917018,25.4374902332276,4.99019046155163
197,307.22765114181,118.131160160735,20.2870167082458,23.9142739225848,23.0173010383509,27.0821962774841,327.408724295907,1.75649900525788e-09,33.7649138536606,0.476554774913051,1.745025341464e-09,64.9786310578415,0.350620252835824,2.4519312944929e-09,2550.60882249234,0.181411594539444,8.39406680567607e-10,3003.73971947242,0.391808142375801,2.18255790995328e-09,1562.12451931253,0.300548640795497,107.399992569615,37.122940219235,0.758109344839699,24.0975078553932,0.901378606358734,7.56536492913901,2.20155004694913,38.5099234234072,0.840983157618807,6.89484126550724,5.24979880965567,37.3145428472188,0.864018536167979,25.8183546386753,5.64136482058312
197,307.22765114181,118.131160160735,20.2870167082458,23.9142739225848,23.0173010383509,27.0821962774841,327.408724295907,1.75649900525788e-09,33.7649138536606,0.476554774913051,1.745025341464e-09,64.9786310578415,0.350620252835824,2.4519312944929e-09,2550.60882249234,0.181411594539444,8.39406680567607e-10,3003.73971947242,0.391808142375801,2.18255790995328e-09,1562.12451931253,0.300548640795497,107.399992569615,37.122940219235,0.758109344839699,24.0975078553932,0.901378606358734,7.56536492913901,2.20155004694913,38.5099234234072,0.840983157618807,6.89484126550724,5.24979880965567,37.3145428472188,0.864018536167979,25.8183546386753,5.64136482058312
198,385.970099988701,87.281372771943,20.746904134503,21.2938221829342,23.0561411960786,25.1873497411041,371.364568182391,1.65402091116676e-09,34.5824124823865,0.429889459066311,1.81660537509895e-09,70.6720223496329,0.443938061355022,2.42001580431278e-09,2558.69989137551,0.205336329417119,8.07363827770436e-10,2817.5868823409,0.334481060023496,2.28305604872854e-09,1296.53823584894,0.339304024814714,112.766813447811,28.5112818695377,0.505896354607483,26.1664289011743,0.889073963116087,6.25836200055744,4.00925508744196,34.4868733073267,0.887529257805501,7.77159601672256,4.40586216642333,39.1751288152729,0.920106484430296,20.4413481085872,7.18043965532851
198,385.970099988701,87.281372771943,20.746904134503,21.2938221829342,23.0561411960786,25.1873497411041,371.364568182391,1.65402091116676e-09,34.5824124823865,0.429889459066311,1.81660537509895e-09,70.6720223496329,0.443938061355022,2.42001580431278e-09,2558.69989137551,0.205336329417119,8.07363827770436e-10,2817.5868823409,0.334481060023496,2.28305604872854e-09,1296.53823584894,0.339304024814714,112.766813447811,28.5112818695377,0.505896354607483,26.1664289011743,0.889073963116087,6.25836200055744,4.00925508744196,34.4868733073267,0.887529257805501,7.77159601672256,4.40586216642333,39.1751288152729,0.920106484430296,20.4413481085872,7.18043965532851
199,357.743226918868,100.351680955426,25.0884458726708,27.6892341683464,28.0333068031699,21.8971208164314,302.146015361293,1.79893918524397e-09,32.0661270979268,0.435961136242053,1.77481686520168e-09,77.2495646592584,0.375690033516403,2.44918136522232e-09,2550.55560168792,0.218814177176662,1.09206057189189e-09,2889.22808955861,0.301268936205657,2.34521138954532e-09,1345.59582087494,0.343894885134813,102.017988985255,28.9676423787338,0.179617315013305,26.7797009407342,0.862161754670904,5.27677533438218,4.32439042842998,35.0573609239489,0.787340313854564,4.80955049225002,6.77321232853565,35.148388028295,0.838005405500645,26.5782872384759,5.13886307734554
199,357.743226918868,100.351680955426,25.0884458726708,27.6892341683464,28.0333068031699,21.8971208164314,302.146015361293,1.79893918524397e-09,32.0661270979268,0.435961136242053,1.77481686520168e-09,77.2495646592584,0.375690033516403,2.44918136522232e-09,2550.55560168792,0.218814177176662,1.09206057189189e-09,2889.22808955861,0.301268936205657,2.34521138954532e-09,1345.59582087494,0.343894885134813,102.017988985255,28.9676423787338,0.179617315013305,26.7797009407342,0.862161754670904,5.27677533438218,4.32439042842998,35.0573609239489,0.787340313854564,4.80955049225002,6.77321232853565,35.148388028295,0.838005405500645,26.5782872384759,5.13886307734554
200,324.931220889283,105.619055943198,24.6004811115668,26.1698197782791,25.5607562044887,23.6701635256581,361.210263401962,1.49168257709705e-09,32.7807376651567,0.415006177981511,1.99046248146182e-09,63.2322531492337,0.430584425455866,2.57510907174583e-09,2036.43062833118,0.213732106458682,9.62575454912658e-10,2918.02829765614,0.312708687239496,2.15990378029152e-09,1582.06523646757,0.345958722277943,106.049983635553,37.191613103608,0.12507445922309,26.840474846742,0.857883813816745,3.92729912254991,2.34922971403684,30.2718621437094,0.961981076268236,3.52963196061351,4.11345666598692,37.5953221784393,0.936899271537259,23.3323615073325,6.96628218204072
200,324.931220889283,105.619055943198,24.6004811115668,26.1698197782791,25.5607562044887,23.6701635256581,361.210263401962,1.49168257709705e-09,32.7807376651567,0.415006177981511,1.99046248146182e-09,63.2322531492337,0.430584425455866,2.57510907174583e-09,2036.43062833118,0.213732106458682,9.62575454912658e-10,2918.02829765614,0.312708687239496,2.15990378029152e-09,1582.06523646757,0.345958722277943,106.049983635553,37.191613103608,0.12507445922309,26.840474846742,0.857883813816745,3.92729912254991,2.34922971403684,30.2718621437094,0.961981076268236,3.52963196061351,4.11345666598692,37.5953221784393,0.936899271537259,23.3323615073325,6.96628218204072
201,309.713018774034,101.999985610076,20.7838710902788,23.1962546220196,24.508099600783,23.3037442778169,327.647928589651,1.70729652415863e-09,30.5333691412285,0.425981231666546,1.72436266742542e-09,79.216004984389,0.385558684666258,2.35025918557209e-09,2009.95485609435,0.198601533054527,1.0488206311773e-09,2580.06243112443,0.325608950045713,2.00496206985112e-09,1579.78085732777,0.332664048420272,81.3321183463047,37.2863635409814,0.632231578227767,21.039129820282,0.937982520207444,7.34099767319885,4.45940283753628,35.6235060056898,0.841574552158606,6.16352750476245,4.00641738503813,39.583291289514,0.970449875208901,22.9654856758697,4.05715041522156
201,309.713018774034,101.999985610076,20.7838710902788,23.1962546220196,24.508099600783,23.3037442778169,327.647928589651,1.70729652415863e-09,30.5333691412285,0.425981231666546,1.72436266742542e-09,79.216004984389,0.385558684666258,2.35025918557209e-09,2009.95485609435,0.198601533054527,1.0488206311773e-09,2580.06243112443,0.325608950045713,2.00496206985112e-09,1579.78085732777,0.332664048420272,81.3321183463047,37.2863635409814,0.632231578227767,21.039129820282,0.937982520207444,7.34099767319885,4.45940283753628,35.6235060056898,0.841574552158606,6.16352750476245,4.00641738503813,39.583291289514,0.970449875208901,22.9654856758697,4.05715041522156
202,357.608278266329,101.018732675736,20.2397549709386,29.8891946765332,22.4212096296169,26.3924172180884,317.516535067915,1.4204409267971e-09,38.5787988845931,0.421670783067455,1.84115985766833e-09,77.8512580298113,0.449666940342414,2.29163666428095e-09,2337.41699429257,0.2112524167946,1.01559348829287e-09,3387.80144129501,0.314102481299649,2.25141448937414e-09,1269.8230717218,0.255471088933154,93.7976065539845,30.7896715867302,0.477591276100143,26.459044008781,0.996339337564683,5.42459190090871,4.96335424409873,35.1668455970539,0.996010446319481,5.37549669947381,6.6732816082959,42.4296317591014,0.979058354077365,29.0582704099171,5.55541067851047
202,357.608278266329,101.018732675736,20.2397549709386,29.8891946765332,22.4212096296169,26.3924172180884,317.516535067915,1.4204409267971e-09,38.5787988845931,0.421670783067455,1.84115985766833e-09,77.8512580298113,0.449666940342414,2.29163666428095e-09,2337.41699429257,0.2112524167946,1.01559348829287e-09,3387.80144129501,0.314102481299649,2.25141448937414e-09,1269.8230717218,0.255471088933154,93.7976065539845,30.7896715867302,0.477591276100143,26.459044008781,0.996339337564683,5.42459190090871,4.96335424409873,35.1668455970539,0.996010446319481,5.37549669947381,6.6732816082959,42.4296317591014,0.979058354077365,29.0582704099171,5.55541067851047
203,311.379828234437,116.163043396011,25.681535686738,21.0933728531451,21.9509818931687,26.7655753545945,398.00144364683,1.41272940657837e-09,35.47204538525,0.478707026782629,1.74499046768615e-09,77.4199360886907,0.410093555216086,2.50600944661336e-09,2583.28368690472,0.187253814510118,1.00520535004403e-09,3022.12128256663,0.373547620343383,2.26700885814831e-09,1431.24601908017,0.268495930516328,93.5307741807025,38.9487084228443,0.831862303995729,28.8192593304134,0.861167668737475,6.23850657352803,3.79628867739194,33.779190987424,0.918729020567869,6.07684194302059,5.90147963798143,36.8125965949352,0.886774527980471,29.5401520987536,6.29665240964063
203,311.379828234437,116.163043396011,25.681535686738,21.0933728531451,21.9509818931687,26.7655753545945,398.00144364683,1.41272940657837e-09,35.47204538525,0.478707026782629,1.74499046768615e-09,77.4199360886907,0.410093555216086,2.50600944661336e-09,2583.28368690472,0.187253814510118,1.00520535004403e-09,3022.12128256663,0.373547620343383,2.26700885814831e-09,1431.24601908017,0.268495930516328,93.5307741807025,38.9487084228443,0.831862303995729,28.8192593304134,0.861167668737475,6.23850657352803,3.79628867739194,33.779190987424,0.918729020567869,6.07684194302059,5.90147963798143,36.8125965949352,0.886774527980471,29.5401520987536,6.29665240964063
204,334.386500157657,113.495575696585,28.8416259068134,20.2113531820802,25.0376299219921,27.5002385882688,311.43206996247,1.41024764952936e-09,38.5179018950728,0.439149512845541,1.78390610985139e-09,69.7106497305942,0.43555712874173,2.37272306384781e-09,2310.4390798186,0.204367656257046,1.11442325313721e-09,2885.27682659721,0.365747939944875,2.23683661704638e-09,1302.95310820997,0.273537269101006,94.0258898887234,32.1312523611373,0.188591989921806,29.918559120281,0.949032526376141,7.46324027292959,4.2246373415096,35.7801299464518,0.811292459883612,5.62703292466519,6.76832469847367,44.2826955940735,0.95470110012007,21.2131621580563,4.52753694427556
204,334.386500157657,113.495575696585,28.8416259068134,20.2113531820802,25.0376299219921,27.5002385882688,311.43206996247,1.41024764952936e-09,38.5179018950728,0.439149512845541,1.78390610985139e-09,69.7106497305942,0.43555712874173,2.37272306384781e-09,2310.4390798186,0.204367656257046,1.11442325313721e-09,2885.27682659721,0.365747939944875,2.23683661704638e-09,1302.95310820997,0.273537269101006,94.0258898887234,32.1312523611373,0.188591989921806,29.918559120281,0.949032526376141,7.46324027292959,4.2246373415096,35.7801299464518,0.811292459883612,5.62703292466519,6.76832469847367,44.2826955940735,0.95470110012007,21.2131621580563,4.52753694427556
205,309.663256563251,98.654028708885,24.4220202706568,22.1286507155685,21.8389201438422,28.4242317394065,367.499766879139,1.71652876475565e-09,38.4061250646089,0.446947282281935,1.64914446333496e-09,60.5585463497767,0.404254035036781,2.40883607733349e-09,2327.24865597219,0.217901884250514,9.28993607324223e-10,3382.63298570949,0.320701459332424,2.2763508632288e-09,1397.71797029402,0.254679529491415,92.9566838874836,39.0455820120593,0.434183428556815,22.0283954195338,0.86122008131185,6.59570000572922,4.43786994386014,38.6516414213497,0.852839104604851,3.91005910707119,5.99467150578543,44.2319991653649,0.837201131749988,24.8550896096108,7.45423274817341
205,309.663256563251,98.654028708885,24.4220202706568,22.1286507155685,21.8389201438422,28.4242317394065,367.499766879139,1.71652876475565e-09,38.4061250646089,0.446947282281935,1.64914446333496e-09,60.5585463497767,0.404254035036781,2.40883607733349e-09,2327.24865597219,0.217901884250514,9.28993607324223e-10,3382.63298570949,0.320701459332424,2.2763508632288e-09,1397.71797029402,0.254679529491415,92.9566838874836,39.0455820120593,0.434183428556815,22.0283954195338,0.86122008131185,6.59570000572922,4.43786994386014,38.6516414213497,0.852839104604851,3.91005910707119,5.99467150578543,44.2319991653649,0.837201131749988,24.8550896096108,7.45423274817341
206,339.433289210169,95.3228453076887,25.9626984055236,22.9342935451923,26.4069463240772,29.5632774234764,349.028929223764,1.73169022594968e-09,38.7020110204305,0.403739106658302,1.72428061623929e-09,63.9016344787374,0.365898130786158,2.26699467577624e-09,2623.5410778047,0.184314745316987,1.10619439013477e-09,2980.29609573672,0.353081336969729,2.23985455377475e-09,1565.52304932437,0.309133515823978,106.820080381211,25.6560435835639,0.356250125014688,23.9702772595412,0.974836513101278,6.73824867822799,2.98845568105477,33.7902325193899,0.91254281458667,3.47944836448133,6.63880002358516,36.1978738649389,0.862384091971959,21.3095295615318,4.07511739652553
206,339.433289210169,95.3228453076887,25.9626984055236,22.9342935451923,26.4069463240772,29.5632774234764,349.028929223764,1.73169022594968e-09,38.7020110204305,0.403739106658302,1.72428061623929e-09,63.9016344787374,0.365898130786158,2.26699467577624e-09,2623.5410778047,0.184314745316987,1.10619439013477e-09,2980.29609573672,0.353081336969729,2.23985455377475e-09,1565.52304932437,0.309133515823978,106.820080381211,25.6560435835639,0.356250125014688,23.9702772595412,0.974836513101278,6.73824867822799,2.98845568105477,33.7902325193899,0.91254281458667,3.47944836448133,6.63880002358516,36.1978738649389,0.862384091971959,21.3095295615318,4.07511739652553
207,392.609900128474,89.630872066319,26.0212495949288,26.2722828138222,24.9473844451918,27.6872658665678,324.970873919383,1.52779429700545e-09,35.4771341529601,0.469990887052201,1.63825717930511e-09,69.9785025494426,0.420533669750862,2.06618885282806e-09,2707.06407208032,0.184065406893248,9.00946879941906e-10,3230.76274008535,0.337094276158674,2.21039762220101e-09,1248.8332442158,0.330018033271526,92.721356500585,33.2245100418216,0.909684296969593,25.8736418729925,0.918438251085092,7.96043417636396,2.34384565572554,39.3883652574856,0.997028833173198,6.78531270470204,4.00777934921727,37.3163401806994,0.882089677094986,20.6448580793778,6.44297237027323
207,392.609900128474,89.630872066319,26.0212495949288,26.2722828138222,24.9473844451918,27.6872658665678,324.970873919383,1.52779429700545e-09,35.4771341529601,0.469990887052201,1.63825717930511e-09,69.9785025494426,0.420533669750862,2.06618885282806e-09,2707.06407208032,0.184065406893248,9.00946879941906e-10,3230.76274008535,0.337094276158674,2.21039762220101e-09,1248.8332442158,0.330018033271526,92.721356500585,33.2245100418216,0.909684296969593,25.8736418729925,0.918438251085092,7.96043417636396,2.34384565572554,39.3883652574856,0.997028833173198,6.78531270470204,4.00777934921727,37.3163401806994,0.882089677094986,20.6448580793778,6.44297237027323
208,389.541863604567,97.2467227664262,23.4063469150965,28.0336169008788,27.7734696691218,26.6047415834703,377.71210610965,1.66307097129213e-09,31.7143052670386,0.450580059255327,1.78024582672956e-09,68.6266019524334,0.368148796383985,2.14317656630458e-09,2486.84504354378,0.209076909755149,1.10410349278064e-09,2897.53822679451,0.39689668150214,2.03552412157736e-09,1328.81163850357,0.325269403474428,117.72973831346,28.0687775889964,0.442776614590331,23.6194027138006,0.780893456091694,5.80742153403278,4.93462620615782,35.8183329583298,0.783716323477761,4.6087457486416,5.39102224240673,35.1292836913107,0.849039855076378,29.6197542489765,7.19772462883299
208,389.541863604567,97.2467227664262,23.4063469150965,28.0336169008788,27.7734696691218,26.6047415834703,377.71210610965,1.66307097129213e-09,31.7143052670386,0.450580059255327,1.78024582672956e-09,68.6266019524334,0.368148796383985,2.14317656630458e-09,2486.84504354378,0.209076909755149,1.10410349278064e-09,2897.53822679451,0.39689668150214,2.03552412157736e-09,1328.81163850357,0.325269403474428,117.72973831346,28.0687775889964,0.442776614590331,23.6194027138006,0.780893456091694,5.80742153403278,4.93462620615782,35.8183329583298,0.783716323477761,4.6087457486416,5.39102224240673,35.1292836913107,0.849039855076378,29.6197542489765,7.19772462883299
209,346.461661805105,85.0041897747719,20.8013204699444,28.4486057812529,23.621606682914,28.3880229906687,360.343770820084,1.59416077880063e-09,38.5978875363797,0.468546308355003,1.63951747476632e-09,63.0145020189882,0.365981503765889,2.49303332614554e-09,2459.86933331568,0.200478658650505,1.1508223139929e-09,2862.3795317327,0.361328585451348,2.13760204423946e-09,1590.3639034791,0.251731732203827,95.3178987528534,37.9665669076044,0.897093491007991,26.735556861937,0.785604725963571,6.25658722660087,2.50972202791516,31.1492110480194,0.811284446885658,6.63003135650208,3.14028108674362,40.2048166980054,0.857956665986208,29.6253652931006,6.35808038952492
209,346.461661805105,85.0041897747719,20.8013204699444,28.4486057812529,23.621606682914,28.3880229906687,360.343770820084,1.59416077880063e-09,38.5978875363797,0.468546308355003,1.63951747476632e-09,63.0145020189882,0.365981503765889,2.49303332614554e-09,2459.86933331568,0.200478658650505,1.1508223139929e-09,2862.3795317327,0.361328585451348,2.13760204423946e-09,1590.3639034791,0.251731732203827,95.3178987528534,37.9665669076044,0.897093491007991,26.735556861937,0.785604725963571,6.25658722660087,2.50972202791516,31.1492110480194,0.811284446885658,6.63003135650208,3.14028108674362,40.2048166980054,0.857956665986208,29.6253652931006,6.35808038952492
210,363.07467966498,115.087978819365,25.610988083775,28.3939123184927,27.0474138994476,28.360006245732,352.014128547144,1.42205957098665e-09,39.5425784796645,0.42044048184692,1.76525668422798e-09,66.0877367123123,0.398872524920288,2.11489355532188e-09,2179.69253379643,0.217678431559047,1.08001431541834e-09,3212.78727225958,0.332985907050238,2.30681060967189e-09,1501.69060900906,0.343773501391261,93.880602673707,33.5274230634667,0.558887468012629,24.5274896478434,0.90973523427511,4.78772446061682,4.3011026514686,31.7322543768054,0.919198504128248,6.36853523822647,3.04996167924882,38.4145643537955,0.786958027558616,20.8895228887619,5.75928592543278
210,363.07467966498,115.087978819365,25.610988083775,28.3939123184927,27.0474138994476,28.360006245732,352.014128547144,1.42205957098665e-09,39.5425784796645,0.42044048184692,1.76525668422798e-09,66.0877367123123,0.398872524920288,2.11489355532188e-09,2179.69253379643,0.217678431559047,1.08001431541834e-09,3212.78727225958,0.332985907050238,2.30681060967189e-09,1501.69060900906,0.343773501391261,93.880602673707,33.5274230634667,0.558887468012629,24.5274896478434,0.90973523427511,4.78772446061682,4.3011026514686,31.7322543768054,0.919198504128248,6.36853523822647,3.04996167924882,38.4145643537955,0.786958027558616,20.8895228887619,5.75928592543278
211,360.473907728707,110.389286102898,27.7226022829123,26.1244396783308,28.8300879147884,20.2002462079198,322.181715347619,1.56676746158618e-09,36.6054815756804,0.447284364922749,1.85097762717528e-09,76.3752592210251,0.435829878914728,2.01889927315224e-09,2672.62742044698,0.191173872042549,1.02907464888227e-09,3170.32332728145,0.365373423274364,2.38465369702335e-09,1217.14774556801,0.314559302913597,97.5863705017205,20.7622423437051,0.688047884853465,25.7365286285632,0.999869750734887,7.34415787161473,4.32491813920337,33.1612099693477,0.807874485273609,4.66893350827002,3.37810744043331,42.8321221730346,0.873120584152247,25.2546069763169,4.63437111569446
211,360.473907728707,110.389286102898,27.7226022829123,26.1244396783308,28.8300879147884,20.2002462079198,322.181715347619,1.56676746158618e-09,36.6054815756804,0.447284364922749,1.85097762717528e-09,76.3752592210251,0.435829878914728,2.01889927315224e-09,2672.62742044698,0.191173872042549,1.02907464888227e-09,3170.32332728145,0.365373423274364,2.38465369702335e-09,1217.14774556801,0.314559302913597,97.5863705017205,20.7622423437051,0.688047884853465,25.7365286285632,0.999869750734887,7.34415787161473,4.32491813920337,33.1612099693477,0.807874485273609,4.66893350827002,3.37810744043331,42.8321221730346,0.873120584152247,25.2546069763169,4.63437111569446
212,397.724531030202,88.163503424416,23.99436955808,20.976197431732,24.4060513244329,29.0013449055429,301.795826825095,1.45158246524175e-09,34.9038725527688,0.411301100219494,1.70074390575766e-09,69.3670305083441,0.364671966164544,2.47491915998772e-09,2473.21406485119,0.197452483350215,1.15899770501526e-09,3220.87200925886,0.382018589898794,2.05229139232499e-09,1581.47795580623,0.33185648038182,108.531575009673,20.258342500465,0.827971865912755,24.9478308925262,0.982949807401973,3.7143106339546,2.48442103256148,30.3891914133138,0.787755308731813,3.05187574394446,5.86854011068349,39.688507407689,0.879952800067811,25.1154062049061,7.04086916428184
212,397.724531030202,88.163503424416,23.99436955808,20.976197431732,24.4060513244329,29.0013449055429,301.795826825095,1.45158246524175e-09,34.9038725527688,0.411301100219494,1.70074390575766e-09,69.3670305083441,0.364671966164544,2.47491915998772e-09,2473.21406485119,0.197452483350215,1.15899770501526e-09,3220.87200925886,0.382018589898794,2.05229139232499e-09,1581.47795580623,0.33185648038182,108.531575009673,20.258342500465,0.827971865912755,24.9478308925262,0.982949807401973,3.7143106339546,2.48442103256148,30.3891914133138,0.787755308731813,3.05187574394446,5.86854011068349,39.688507407689,0.879952800067811,25.1154062049061,7.04086916428184
213,398.246603881022,98.0658072464443,29.0289762039497,26.3791522466108,28.1727894982815,25.3928967618014,302.001951662121,1.45096381811966e-09,33.5027060081277,0.466294172288114,1.68620849568518e-09,72.9040699161172,0.417946275296238,2.58466519094766e-09,2680.7104182995,0.213655438508706,1.11868312829236e-09,3307.63165893692,0.362259901909367,2.39618761202135e-09,1294.21815129975,0.284142646072571,106.381747896799,36.2863185585906,0.344235507342205,23.5871924560671,0.810457609579632,5.56880800427689,3.52455739305285,30.5332102878805,0.819413949609429,6.65315244600805,5.31217200488025,44.9699640434993,0.818991925782784,22.185990209804,6.90067836488526
213,398.246603881022,98.0658072464443,29.0289762039497,26.3791522466108,28.1727894982815,25.3928967618014,302.001951662121,1.45096381811966e-09,33.5027060081277,0.466294172288114,1.68620849568518e-09,72.9040699161172,0.417946275296238,2.58466519094766e-09,2680.7104182995,0.213655438508706,1.11868312829236e-09,3307.63165893692,0.362259901909367,2.39618761202135e-09,1294.21815129975,0.284142646072571,106.381747896799,36.2863185585906,0.344235507342205,23.5871924560671,0.810457609579632,5.56880800427689,3.52455739305285,30.5332102878805,0.819413949609429,6.65315244600805,5.31217200488025,44.9699640434993,0.818991925782784,22.185990209804,6.90067836488526
214,393.556463787738,90.592738035481,25.9388456500433,20.4055199327566,21.7769990844371,28.1048384356636,305.14718525062,1.7029175223429e-09,35.8561909718648,0.457244021696325,1.81630902998406e-09,65.2302921207394,0.425768412968775,2.4632492403889e-09,2627.67014868379,0.209657243107655,8.1728907093014e-10,3270.0433448477,0.315243516422973,2.32933255983109e-09,1417.29821969388,0.274140784658931,88.4218850362765,22.6130353634378,0.875449340445415,23.7533125636424,0.907481723305533,4.30386055760941,4.25544516988056,34.38243904385,0.992616207094914,4.5256226008543,6.73294251319636,36.9526967404272,0.930369723835951,28.6623065543445,6.95533492463428
214,393.556463787738,90.592738035481,25.9388456500433,20.4055199327566,21.7769990844371,28.1048384356636,305.14718525062,1.7029175223429e-09,35.8561909718648,0.457244021696325,1.81630902998406e-09,65.2302921207394,0.425768412968775,2.4632492403889e-09,2627.67014868379,0.209657243107655,8.1728907093014e-10,3270.0433448477,0.315243516422973,2.32933255983109e-09,1417.29821969388,0.274140784658931,88.4218850362765,22.6130353634378,0.875449340445415,23.7533125636424,0.907481723305533,4.30386055760941,4.25544516988056,34.38243904385,0.992616207094914,4.5256226008543,6.73294251319636,36.9526967404272,0.930369723835951,28.6623065543445,6.95533492463428
215,389.964732237127,96.8613669911114,20.6192484735524,20.6640840827095,22.2815465459367,24.4850589449945,365.52414000418,1.48101758891871e-09,35.3499810711328,0.404580532818173,1.75700888858017e-09,62.4392191475922,0.445737246787893,2.07091503416582e-09,2588.85250371669,0.207913963694514,9.10719164395073e-10,2999.81766774143,0.3900237870869,2.13632847057426e-09,1260.62183642349,0.322078617023467,101.405159839665,21.7200096805065,0.183197640909511,21.9820165690027,0.925645442371024,7.7205275882926,3.35122220083548,31.7953965163761,0.95988534181369,6.26767258327523,4.0773804453067,44.7345430090565,0.785466372054136,20.5467731211032,5.42445580984884
215,389.964732237127,96.8613669911114,20.6192484735524,20.6640840827095,22.2815465459367,24.4850589449945,365.52414000418,1.48101758891871e-09,35.3499810711328,0.404580532818173,1.75700888858017e-09,62.4392191475922,0.445737246787893,2.07091503416582e-09,2588.85250371669,0.207913963694514,9.10719164395073e-10,2999.81766774143,0.3900237870869,2.13632847057426e-09,1260.62183642349,0.322078617023467,101.405159839665,21.7200096805065,0.183197640909511,21.9820165690027,0.925645442371024,7.7205275882926,3.35122220083548,31.7953965163761,0.95988534181369,6.26767258327523,4.0773804453067,44.7345430090565,0.785466372054136,20.5467731211032,5.42445580984884
216,345.621246242905,101.559645564057,21.7051592602696,21.7823353063903,26.6861256996328,25.3012559514698,367.633047724826,1.63497654628071e-09,36.9855041317382,0.46135067836479,1.81975810472791e-09,65.6241664172816,0.406002358296369,2.28905071683404e-09,2561.75760753331,0.201556072716004,8.99878436448061e-10,2913.60198264805,0.343368839579775,2.39252653990702e-09,1410.75335914945,0.267770962486097,85.1532301264087,31.7963118455196,0.207344876410158,26.9511003229446,0.949898188649186,4.45156506122171,4.98308136313335,33.5758313508236,0.976633015091668,5.61984247720513,4.37400893993527,35.354325171778,0.951964095142953,24.6286718349623,4.8075918764807
216,345.621246242905,101.559645564057,21.7051592602696,21.7823353063903,26.6861256996328,25.3012559514698,367.633047724826,1.63497654628071e-09,36.9855041317382,0.46135067836479,1.81975810472791e-09,65.6241664172816,0.406002358296369,2.28905071683404e-09,2561.75760753331,0.201556072716004,8.99878436448061e-10,2913.60198264805,0.343368839579775,2.39252653990702e-09,1410.75335914945,0.267770962486097,85.1532301264087,31.7963118455196,0.207344876410158,26.9511003229446,0.949898188649186,4.45156506122171,4.98308136313335,33.5758313508236,0.976633015091668,5.61984247720513,4.37400893993527,35.354325171778,0.951964095142953,24.6286718349623,4.8075918764807
217,329.709562586747,90.6014724603787,25.5121539175593,27.2571460111869,26.1696759597607,28.8163712767345,335.413508205442,1.66807150360792e-09,31.4192599322437,0.44455705105601,1.66293487881218e-09,71.572451043128,0.397719344736139,2.1604616098671e-09,2264.70094967586,0.212148647319288,9.45474413347359e-10,3384.40229930904,0.324680591090965,2.386581745865e-09,1580.93261889658,0.253854683349656,94.1197131527384,32.2314025177807,0.514764532202778,28.1128598424315,0.795702459437098,5.9467803340681,2.07818781858827,38.9615747408548,0.960841533702909,3.35230024533197,6.34562921538921,43.6907000200385,0.812364177052412,25.2829586942772,7.13325496657631
217,329.709562586747,90.6014724603787,25.5121539175593,27.2571460111869,26.1696759597607,28.8163712767345,335.413508205442,1.66807150360792e-09,31.4192599322437,0.44455705105601,1.66293487881218e-09,71.572451043128,0.397719344736139,2.1604616098671e-09,2264.70094967586,0.212148647319288,9.45474413347359e-10,3384.40229930904,0.324680591090965,2.386581745865e-09,1580.93261889658,0.253854683349656,94.1197131527384,32.2314025177807,0.514764532202778,28.1128598424315,0.795702459437098,5.9467803340681,2.07818781858827,38.9615747408548,0.960841533702909,3.35230024533197,6.34562921538921,43.6907000200385,0.812364177052412,25.2829586942772,7.13325496657631
218,302.267817694714,81.1286543307733,27.2411928899665,22.4639952994338,24.8269181424016,24.8729431710882,371.074732299589,1.50844386625916e-09,32.5737327581807,0.468258614532535,1.88734651203808e-09,72.3170148826912,0.38224382268285,2.23814685737456e-09,2657.73208139531,0.215385380913536,9.54703162337782e-10,2787.86176775363,0.355646103375665,2.2545816351692e-09,1267.60124147549,0.332293529636301,103.193830390776,32.474722086772,0.250250399732299,22.3201012815522,0.870213707380455,5.45735878993463,4.58078799291805,39.3479669981096,0.967028765099921,6.12687935973546,6.55443886392272,38.1661767457703,0.844377291569003,22.7061500539463,5.84743958144063
218,302.267817694714,81.1286543307733,27.2411928899665,22.4639952994338,24.8269181424016,24.8729431710882,371.074732299589,1.50844386625916e-09,32.5737327581807,0.468258614532535,1.88734651203808e-09,72.3170148826912,0.38224382268285,2.23814685737456e-09,2657.73208139531,0.215385380913536,9.54703162337782e-10,2787.86176775363,0.355646103375665,2.2545816351692e-09,1267.60124147549,0.332293529636301,103.193830390776,32.474722086772,0.250250399732299,22.3201012815522,0.870213707380455,5.45735878993463,4.58078799291805,39.3479669981096,0.967028765099921,6.12687935973546,6.55443886392272,38.1661767457703,0.844377291569003,22.7061500539463,5.84743958144063
219,318.108735584414,95.6617847020671,29.9109144346166,21.6563598665761,22.9053138080346,23.1745928793603,373.668755637318,1.67636564433166e-09,37.6751979414157,0.443689950800562,1.94026499136272e-09,72.4858072377997,0.388532522537399,2.37076622397706e-09,2069.84509823089,0.21391854709867,1.18719464162574e-09,3403.849890883,0.34962255724952,2.00972022921718e-09,1290.64952575732,0.268411669490356,105.105546378897,34.3767428878799,0.578824286527856,21.7750365893917,0.977604398481682,7.6833137082723,3.05007643440194,38.8952185796471,0.862442801830226,5.47153557532223,3.52450480690174,39.6665502300051,0.920366583706681,27.9120322513208,7.83666240024802
219,318.108735584414,95.6617847020671,29.9109144346166,21.6563598665761,22.9053138080346,23.1745928793603,373.668755637318,1.67636564433166e-09,37.6751979414157,0.443689950800562,1.94026499136272e-09,72.4858072377997,0.388532522537399,2.37076622397706e-09,2069.84509823089,0.21391854709867,1.18719464162574e-09,3403.849890883,0.34962255724952,2.00972022921718e-09,1290.64952575732,0.268411669490356,105.105546378897,34.3767428878799,0.578824286527856,21.7750365893917,0.977604398481682,7.6833137082723,3.05007643440194,38.8952185796471,0.862442801830226,5.47153557532223,3.52450480690174,39.6665502300051,0.920366583706681,27.9120322513208,7.83666240024802
220,362.567802336055,91.5415232605206,20.0163528140766,27.8351729268622,29.4482376241195,23.0435804968373,384.002993978895,1.60268662257698e-09,39.5661258381487,0.449267527050128,1.88803957770891e-09,60.085675240993,0.438287026010187,2.10875930241218e-09,2536.20917034659,0.216351627822475,1.16276870850842e-09,3410.55313222401,0.30719404634925,2.05307736691088e-09,1237.90910182405,0.346364402946107,99.1589798583353,25.7051702946217,0.865757007579736,27.7502100360999,0.824059212706058,4.6735950568051,4.9629266907,33.6912324133304,0.795779034389047,3.13894208559371,3.86802553186907,43.2531721608884,0.822633348826543,25.6231038848524,7.84043398447899
220,362.567802336055,91.5415232605206,20.0163528140766,27.8351729268622,29.4482376241195,23.0435804968373,384.002993978895,1.60268662257698e-09,39.5661258381487,0.449267527050128,1.88803957770891e-09,60.085675240993,0.438287026010187,2.10875930241218e-09,2536.20917034659,0.216351627822475,1.16276870850842e-09,3410.55313222401,0.30719404634925,2.05307736691088e-09,1237.90910182405,0.346364402946107,99.1589798583353,25.7051702946217,0.865757007579736,27.7502100360999,0.824059212706058,4.6735950568051,4.9629266907,33.6912324133304,0.795779034389047,3.13894208559371,3.86802553186907,43.2531721608884,0.822633348826543,25.6231038848524,7.84043398447899
221,348.248537948343,87.3246863258929,28.650201739831,23.9955013865031,26.5910584594934,27.683212751093,324.567462879478,1.6762205756942e-09,37.3069019625625,0.417742268558126,1.93115810621002e-09,62.1867164026706,0.42268560883861,2.52924513696178e-09,2673.68790897246,0.206385919765983,8.3883407312882e-10,3486.83436012846,0.386703590577711,2.05359760742755e-09,1314.95586439436,0.347795704436129,112.904228957457,25.637718912496,0.973644691929374,26.983702597384,0.844760322157427,5.41294874261109,4.2104450659648,39.8019916999496,0.837047906645889,7.22293238062997,3.08077789376606,43.681882376249,0.892454483154662,29.4142722882489,7.96858958423911
221,348.248537948343,87.3246863258929,28.650201739831,23.9955013865031,26.5910584594934,27.683212751093,324.567462879478,1.6762205756942e-09,37.3069019625625,0.417742268558126,1.93115810621002e-09,62.1867164026706,0.42268560883861,2.52924513696178e-09,2673.68790897246,0.206385919765983,8.3883407312882e-10,3486.83436012846,0.386703590577711,2.05359760742755e-09,1314.95586439436,0.347795704436129,112.904228957457,25.637718912496,0.973644691929374,26.983702597384,0.844760322157427,5.41294874261109,4.2104450659648,39.8019916999496,0.837047906645889,7.22293238062997,3.08077789376606,43.681882376249,0.892454483154662,29.4142722882489,7.96858958423911
222,355.699718205999,90.6098323246443,23.3493768072184,25.0364540548389,21.0271387049772,22.7121857221819,334.612057222573,1.66638171097209e-09,30.2512932934903,0.464054718497097,1.72353011874487e-09,75.8453050341431,0.409108698390555,2.414316953174e-09,2095.30131182236,0.194943927800153,1.18662804062825e-09,2804.21039256328,0.388863068624387,2.05538641795053e-09,1464.63961374257,0.266257030303624,107.533065442796,29.5532939753652,0.195966976208197,20.1703193019154,0.791393447672372,4.58692714510034,2.20896345319541,31.4365904975488,0.844023725983244,3.87770987505121,6.04228033639089,36.9509652838222,0.99613762205941,22.128141852719,7.28066595902028
222,355.699718205999,90.6098323246443,23.3493768072184,25.0364540548389,21.0271387049772,22.7121857221819,334.612057222573,1.66638171097209e-09,30.2512932934903,0.464054718497097,1.72353011874487e-09,75.8453050341431,0.409108698390555,2.414316953174e-09,2095.30131182236,0.194943927800153,1.18662804062825e-09,2804.21039256328,0.388863068624387,2.05538641795053e-09,1464.63961374257,0.266257030303624,107.533065442796,29.5532939753652,0.195966976208197,20.1703193019154,0.791393447672372,4.58692714510034,2.20896345319541,31.4365904975488,0.844023725983244,3.87770987505121,6.04228033639089,36.9509652838222,0.99613762205941,22.128141852719,7.28066595902028
223,320.248342390832,115.243834180022,25.9462374010799,22.437586841053,24.9642212552054,22.0381571314513,357.787151718073,1.43775596603464e-09,36.2279103709067,0.445204617026778,1.76629592213685e-09,76.4177209183208,0.390578777656505,2.12037260013384e-09,2335.94095145893,0.197510630917268,9.6919638844666e-10,2500.96784720856,0.353524104059456,2.14080431199929e-09,1539.79355784726,0.284875852283648,109.820493808691,35.3354359415943,0.282008550788436,20.2459178968698,0.889700291113846,3.48951759371543,2.43179471310443,38.7410162861977,0.837589009089866,6.24385228017414,3.16848528842001,42.9528489817811,0.995541564820462,25.9774458932232,6.34471625570914
223,320.248342390832,115.243834180022,25.9462374010799,22.437586841053,24.9642212552054,22.0381571314513,357.787151718073,1.43775596603464e-09,36.2279103709067,0.445204617026778,1.76629592213685e-09,76.4177209183208,0.390578777656505,2.12037260013384e-09,2335.94095145893,0.197510630917268,9.6919638844666e-10,2500.96784720856,0.353524104059456,2.14080431199929e-09,1539.79355784726,0.284875852283648,109.820493808691,35.3354359415943,0.282008550788436,20.2459178968698,0.889700291113846,3.48951759371543,2.43179471310443,38.7410162861977,0.837589009089866,6.24385228017414,3.16848528842001,42.9528489817811,0.995541564820462,25.9774458932232,6.34471625570914
224,328.099462597966,108.616599614961,26.239497177392,21.9414054067654,22.6805298576257,24.2399754947696,386.21129953261,1.58826247170412e-09,37.0112347363713,0.435407843260781,1.62559989653243e-09,66.3017850679199,0.413923822593175,2.22138874570594e-09,2553.32466784238,0.185125334674951,1.02091121094441e-09,2623.06769815657,0.3869096516419,2.34673551987387e-09,1553.41133984207,0.327920080446472,93.3664155731701,37.9773040116244,0.496642158803442,21.8614066976608,0.917660273560236,4.29412828160345,3.59450962969979,30.8443347888483,0.917289616418716,4.14036797130852,4.6719242777919,39.8367628193636,0.843625550505707,29.4718865273365,7.47000503281891
224,328.099462597966,108.616599614961,26.239497177392,21.9414054067654,22.6805298576257,24.2399754947696,386.21129953261,1.58826247170412e-09,37.0112347363713,0.435407843260781,1.62559989653243e-09,66.3017850679199,0.413923822593175,2.22138874570594e-09,2553.32466784238,0.185125334674951,1.02091121094441e-09,2623.06769815657,0.3869096516419,2.34673551987387e-09,1553.41133984207,0.327920080446472,93.3664155731701,37.9773040116244,0.496642158803442,21.8614066976608,0.917660273560236,4.29412828160345,3.59450962969979,30.8443347888483,0.917289616418716,4.14036797130852,4.6719242777919,39.8367628193636,0.843625550505707,29.4718865273365,7.47000503281891
225,370.205658385166,110.738422384682,29.2769908542153,25.0828823524,20.8421190936273,29.3785705982109,322.848851443143,1.48969229861607e-09,31.6860293895904,0.448004253247181,1.97656659690042e-09,70.1267559269068,0.432769247635411,2.10757026913529e-09,2517.92443289835,0.197469558195573,1.18817105564617e-09,2790.63096388903,0.332958275983993,2.34247306478233e-09,1515.20941591807,0.306500615160931,94.0295169473361,36.986695419256,0.202618858805075,27.4716556312233,0.914821211856192,4.88828115170632,3.03286658803966,31.7209904556706,0.861488836580368,5.20225457114939,6.62195198358167,39.9688295102969,0.826891130343194,21.3559094964139,4.57181502926171
225,370.205658385166,110.738422384682,29.2769908542153,25.0828823524,20.8421190936273,29.3785705982109,322.848851443143,1.48969229861607e-09,31.6860293895904,0.448004253247181,1.97656659690042e-09,70.1267559269068,0.432769247635411,2.10757026913529e-09,2517.92443289835,0.197469558195573,1.18817105564617e-09,2790.63096388903,0.332958275983993,2.34247306478233e-09,1515.20941591807,0.306500615160931,94.0295169473361,36.986695419256,0.202618858805075,27.4716556312233,0.914821211856192,4.88828115170632,3.03286658803966,31.7209904556706,0.861488836580368,5.20225457114939,6.62195198358167,39.9688295102969,0.826891130343194,21.3559094964139,4.57181502926171
226,376.260334854283,95.6299695758015,29.7902585363268,21.7781788162049,21.2095236592547,21.9084527417643,360.511763235529,1.49584747632121e-09,38.2633697906191,0.427970086256942,1.76832914695137e-09,69.6481929557472,0.351118556765302,2.33423812100808e-09,2235.15415209974,0.207244014388505,9.07071661600449e-10,3172.04480860265,0.378799359286276,2.27168484985366e-09,1296.16594098704,0.331460541785309,85.2465267613832,38.2000956011456,0.790012911862429,21.5343426408696,0.843520924144738,6.67598646633519,2.73560776047746,31.9195585370106,0.874371303192808,5.79328157888548,3.12809656858638,35.4176543385011,0.95963256263759,24.9299421557416,6.41468969584561
226,376.260334854283,95.6299695758015,29.7902585363268,21.7781788162049,21.2095236592547,21.9084527417643,360.511763235529,1.49584747632121e-09,38.2633697906191,0.427970086256942,1.76832914695137e-09,69.6481929557472,0.351118556765302,2.33423812100808e-09,2235.15415209974,0.207244014388505,9.07071661600449e-10,3172.04480860265,0.378799359286276,2.27168484985366e-09,1296.16594098704,0.331460541785309,85.2465267613832,38.2000956011456,0.790012911862429,21.5343426408696,0.843520924144738,6.67598646633519,2.73560776047746,31.9195585370106,0.874371303192808,5.79328157888548,3.12809656858638,35.4176543385011,0.95963256263759,24.9299421557416,6.41468969584561
227,336.989305005972,99.8155830639585,23.1836446483521,22.4656379483295,28.6867220567553,22.4173241256986,392.848925585617,1.51132207938586e-09,38.954587065597,0.466008471048042,1.97663480790519e-09,75.0129509875121,0.378039044554387,2.20661168920792e-09,2648.98051564413,0.201037696648162,1.08385721252593e-09,3155.19806606943,0.36028286791773,2.23426569135591e-09,1491.56652856086,0.331244244876294,99.7526872937917,31.6069413743467,0.992278690408504,23.2012681176724,0.806716759702386,5.38064016460698,2.73689977395996,38.31328010924,0.943856620997098,4.878174986448,6.60306316179016,37.0218953478873,0.99820085180847,28.2662693481802,6.88629902117168
227,336.989305005972,99.8155830639585,23.1836446483521,22.4656379483295,28.6867220567553,22.4173241256986,392.848925585617,1.51132207938586e-09,38.954587065597,0.466008471048042,1.97663480790519e-09,75.0129509875121,0.378039044554387,2.20661168920792e-09,2648.98051564413,0.201037696648162,1.08385721252593e-09,3155.19806606943,0.36028286791773,2.23426569135591e-09,1491.56652856086,0.331244244876294,99.7526872937917,31.6069413743467,0.992278690408504,23.2012681176724,0.806716759702386,5.38064016460698,2.73689977395996,38.31328010924,0.943856620997098,4.878174986448,6.60306316179016,37.0218953478873,0.99820085180847,28.2662693481802,6.88629902117168
228,392.837306555359,115.041662149518,27.9047545224109,25.0252566169998,20.8637163721348,21.4850525392357,306.240699078935,1.5360778776331e-09,34.5473772019705,0.431592613791531,1.94902267002691e-09,75.542194618865,0.41813954578913,2.38424645388338e-09,2734.2942869411,0.213694244917048,9.21540581880567e-10,3037.14418882727,0.356723915947594,2.39309122396394e-09,1378.55949708146,0.280326733927848,108.432590854884,26.1142479154011,0.659486213674653,28.7553479737741,0.836529256218367,4.58614688142884,3.52416715801545,30.3460032971004,0.782619598430096,5.74622397847374,3.20508875737833,39.4595071415235,0.962408497691524,23.7569540570767,7.70378012011075
228,392.837306555359,115.041662149518,27.9047545224109,25.0252566169998,20.8637163721348,21.4850525392357,306.240699078935,1.5360778776331e-09,34.5473772019705,0.431592613791531,1.94902267002691e-09,75.542194618865,0.41813954578913,2.38424645388338e-09,2734.2942869411,0.213694244917048,9.21540581880567e-10,3037.14418882727,0.356723915947594,2.39309122396394e-09,1378.55949708146,0.280326733927848,108.432590854884,26.1142479154011,0.659486213674653,28.7553479737741,0.836529256218367,4.58614688142884,3.52416715801545,30.3460032971004,0.782619598430096,5.74622397847374,3.20508875737833,39.4595071415235,0.962408497691524,23.7569540570767,7.70378012011075
229,321.232085601264,97.8610742965997,29.4972446875173,23.7997535166718,22.3688120470568,22.1444772007366,376.265536261899,1.79017309576397e-09,39.9419725495626,0.473724006274681,1.96629623280513e-09,62.2667862035437,0.435267249096468,2.08860320856423e-09,2538.7613150676,0.201151343798224,8.69369146482272e-10,2889.83294082606,0.303439483366826,2.16696234242213e-09,1302.56264787921,0.300161666717862,101.381988958656,29.3344156000918,0.638334187850589,24.2036219752228,0.931228228291211,5.17615075889871,3.42869204191786,38.3214208338082,0.803919086365912,7.45399597100897,5.14068675981292,35.0060495351553,0.986593483202638,21.304816007756,4.71111187835981
229,321.232085601264,97.8610742965997,29.4972446875173,23.7997535166718,22.3688120470568,22.1444772007366,376.265536261899,1.79017309576397e-09,39.9419725495626,0.473724006274681,1.96629623280513e-09,62.2667862035437,0.435267249096468,2.08860320856423e-09,2538.7613150676,0.201151343798224,8.69369146482272e-10,2889.83294082606,0.303439483366826,2.16696234242213e-09,1302.56264787921,0.300161666717862,101.381988958656,29.3344156000918,0.638334187850589,24.2036219752228,0.931228228291211,5.17615075889871,3.42869204191786,38.3214208338082,0.803919086365912,7.45399597100897,5.14068675981292,35.0060495351553,0.986593483202638,21.304816007756,4.71111187835981
230,319.077470819203,92.215130067092,26.4772055694383,23.9595709481771,27.2469760755112,27.3195932557106,301.121532234415,1.68663593159147e-09,31.7260045763498,0.470507810100679,1.74402828427799e-09,78.4562753329622,0.374591103138106,2.07593587936101e-09,2635.67203001466,0.201827872039596,1.1589537272745e-09,3137.26596604407,0.305800933724322,2.07597649197056e-09,1368.79650926854,0.281683835649311,103.955024376081,22.2736152559974,0.0418832874319547,25.4984852926378,0.944688731900031,4.55295283099645,3.91455112848954,35.2652399264921,0.989260950065728,7.73086966486194,3.59800357359513,38.8818533430028,0.858790617206233,20.2689551146562,6.43956053134189
230,319.077470819203,92.215130067092,26.4772055694383,23.9595709481771,27.2469760755112,27.3195932557106,301.121532234415,1.68663593159147e-09,31.7260045763498,0.470507810100679,1.74402828427799e-09,78.4562753329622,0.374591103138106,2.07593587936101e-09,2635.67203001466,0.201827872039596,1.1589537272745e-09,3137.26596604407,0.305800933724322,2.07597649197056e-09,1368.79650926854,0.281683835649311,103.955024376081,22.2736152559974,0.0418832874319547,25.4984852926378,0.944688731900031,4.55295283099645,3.91455112848954,35.2652399264921,0.989260950065728,7.73086966486194,3.59800357359513,38.8818533430028,0.858790617206233,20.2689551146562,6.43956053134189
231,359.982879533878,107.81287251483,22.2618015640802,20.5102728623626,23.7427340391632,20.8341081992378,349.241703997805,1.60163368071632e-09,31.9021120497797,0.467505522407817,1.88475539411924e-09,64.2196936757963,0.423222713133219,2.48178027270454e-09,2168.93547626713,0.185911355935458,1.0647648696984e-09,3236.00987047543,0.360835529930657,2.11987824191286e-09,1572.94339985404,0.329850433416172,105.34518506038,21.820274357498,0.0128775265505319,28.4236275445017,0.782014048771871,6.21297001440198,2.05455775842208,37.6836721708978,0.849101988361884,3.58970942719646,6.95200044993338,36.647801466684,0.881901885838429,26.733686029862,6.51480331372821
231,359.982879533878,107.81287251483,22.2618015640802,20.5102728623626,23.7427340391632,20.8341081992378,349.241703997805,1.60163368071632e-09,31.9021120497797,0.467505522407817,1.88475539411924e-09,64.2196936757963,0.423222713133219,2.48178027270454e-09,2168.93547626713,0.185911355935458,1.0647648696984e-09,3236.00987047543,0.360835529930657,2.11987824191286e-09,1572.94339985404,0.329850433416172,105.34518506038,21.820274357498,0.0128775265505319,28.4236275445017,0.782014048771871,6.21297001440198,2.05455775842208,37.6836721708978,0.849101988361884,3.58970942719646,6.95200044993338,36.647801466684,0.881901885838429,26.733686029862,6.51480331372821
232,373.594538860053,98.6513285343726,26.6134843857098,21.1434641212171,22.7443406940313,22.3364117111601,350.960205463109,1.79533152505768e-09,39.3738862722252,0.422294824706574,1.73796221849522e-09,66.1972301290658,0.421867317632933,2.56841458281828e-09,2344.75182969383,0.214363694924962,1.16693917705711e-09,3466.58674302181,0.302184801959262,2.00560375755863e-09,1228.03271139323,0.260217660452807,115.731077939828,28.3436191544161,0.653798774176806,24.8569557953654,0.794437886686547,3.87299027229898,2.30417893979344,34.6548388479922,0.900066694014191,7.56466168576713,5.21387877801183,38.0506041014316,0.792284668007412,28.4216563806805,6.03647181389302
232,373.594538860053,98.6513285343726,26.6134843857098,21.1434641212171,22.7443406940313,22.3364117111601,350.960205463109,1.79533152505768e-09,39.3738862722252,0.422294824706574,1.73796221849522e-09,66.1972301290658,0.421867317632933,2.56841458281828e-09,2344.75182969383,0.214363694924962,1.16693917705711e-09,3466.58674302181,0.302184801959262,2.00560375755863e-09,1228.03271139323,0.260217660452807,115.731077939828,28.3436191544161,0.653798774176806,24.8569557953654,0.794437886686547,3.87299027229898,2.30417893979344,34.6548388479922,0.900066694014191,7.56466168576713,5.21387877801183,38.0506041014316,0.792284668007412,28.4216563806805,6.03647181389302
233,316.520487684673,98.802498677828,27.5718306971645,25.4869764309575,25.5771340626746,24.9396689907645,365.852539953627,1.53351634097696e-09,31.9458539990184,0.418984601752113,1.90359243238181e-09,75.5856614247647,0.427999104316467,2.29875540622251e-09,2032.98839139849,0.188037807447018,8.54416104308666e-10,3385.75830674564,0.395671641088656,2.25319241973108e-09,1474.90639935235,0.345363381122654,86.5960253230946,31.6418026564821,0.620614669312681,21.4320046698631,0.889115901115187,6.99445876489057,3.32212288827362,36.1320838685443,0.928652877899117,3.80243826811429,5.54253820945737,39.6217815914024,0.847447904598936,26.6425797738581,6.29791728615927
233,316.520487684673,98.802498677828,27.5718306971645,25.4869764309575,25.5771340626746,24.9396689907645,365.852539953627,1.53351634097696e-09,31.9458539990184,0.418984601752113,1.90359243238181e-09,75.5856614247647,0.427999104316467,2.29875540622251e-09,2032.98839139849,0.188037807447018,8.54416104308666e-10,3385.75830674564,0.395671641088656,2.25319241973108e-09,1474.90639935235,0.345363381122654,86.5960253230946,31.6418026564821,0.620614669312681,21.4320046698631,0.889115901115187,6.99445876489057,3.32212288827362,36.1320838685443,0.928652877899117,3.80243826811429,5.54253820945737,39.6217815914024,0.847447904598936,26.6425797738581,6.29791728615927
234,393.465760041763,117.4843627906,25.0745480378772,28.391577879844,24.9658431037266,24.1506729829644,345.686311796282,1.66542775642718e-09,33.6460409286702,0.425963345791049,1.60509104560248e-09,61.0383328459011,0.354092532861554,2.19853722483198e-09,2741.74645412878,0.207699290441073,8.75503031511776e-10,2722.73957064722,0.351658804277901,2.17816959591253e-09,1468.48979268431,0.342873130396222,116.190107439186,29.4483995956303,0.722428882550392,21.0428763344546,0.791529571790458,6.66302315153044,2.22159674058249,30.6183906683905,0.97713678828175,4.16386730648156,6.64897206412163,41.6998733435983,0.919517376728845,29.9907388377085,4.26895035992307
234,393.465760041763,117.4843627906,25.0745480378772,28.391577879844,24.9658431037266,24.1506729829644,345.686311796282,1.66542775642718e-09,33.6460409286702,0.425963345791049,1.60509104560248e-09,61.0383328459011,0.354092532861554,2.19853722483198e-09,2741.74645412878,0.207699290441073,8.75503031511776e-10,2722.73957064722,0.351658804277901,2.17816959591253e-09,1468.48979268431,0.342873130396222,116.190107439186,29.4483995956303,0.722428882550392,21.0428763344546,0.791529571790458,6.66302315153044,2.22159674058249,30.6183906683905,0.97713678828175,4.16386730648156,6.64897206412163,41.6998733435983,0.919517376728845,29.9907388377085,4.26895035992307
235,354.131677962128,82.6412140082473,28.0444871462729,23.9085901462156,28.1710934600822,28.6593020869246,314.912554349198,1.43312834515114e-09,37.6375862895246,0.459089189765166,1.84867710805537e-09,75.6472422434448,0.449795136690683,2.02745617617492e-09,2340.05734093127,0.206028669984223,9.67974294330215e-10,3019.38544946369,0.322395709643053,2.05571997168248e-09,1476.00225192557,0.286753284509133,82.69806786563,24.2323105242687,0.488637789384668,20.018573191218,0.888749964437161,7.42694808894465,3.05186361535048,34.5967826524877,0.785337815122176,7.48207473604103,6.85818571585766,41.7026753668774,0.788207662265675,22.0760492092442,4.80501109214582
235,354.131677962128,82.6412140082473,28.0444871462729,23.9085901462156,28.1710934600822,28.6593020869246,314.912554349198,1.43312834515114e-09,37.6375862895246,0.459089189765166,1.84867710805537e-09,75.6472422434448,0.449795136690683,2.02745617617492e-09,2340.05734093127,0.206028669984223,9.67974294330215e-10,3019.38544946369,0.322395709643053,2.05571997168248e-09,1476.00225192557,0.286753284509133,82.69806786563,24.2323105242687,0.488637789384668,20.018573191218,0.888749964437161,7.42694808894465,3.05186361535048,34.5967826524877,0.785337815122176,7.48207473604103,6.85818571585766,41.7026753668774,0.788207662265675,22.0760492092442,4.80501109214582
236,383.418886045587,108.102527612869,20.5787947182385,24.3753850793657,29.0265110128571,20.644378695011,366.345633843311,1.79461610537895e-09,32.6737598094161,0.414466743343545,1.72105517021854e-09,66.7704638180547,0.377656844572712,2.37696395701882e-09,2237.35425555684,0.198633941981658,1.08432240039681e-09,3103.23750563341,0.325408582646924,2.05256862178876e-09,1583.16271938883,0.279329374135901,82.9769231077727,35.2112383150075,0.928793393645577,21.461889852684,0.896492206461738,7.93294473325569,2.32381195743454,34.5625721279839,0.917033298481939,3.74580544202928,4.75745614623461,37.6758172064166,0.949122142078416,28.5157414331776,7.99894632182775
236,383.418886045587,108.102527612869,20.5787947182385,24.3753850793657,29.0265110128571,20.644378695011,366.345633843311,1.79461610537895e-09,32.6737598094161,0.414466743343545,1.72105517021854e-09,66.7704638180547,0.377656844572712,2.37696395701882e-09,2237.35425555684,0.198633941981658,1.08432240039681e-09,3103.23750563341,0.325408582646924,2.05256862178876e-09,1583.16271938883,0.279329374135901,82.9769231077727,35.2112383150075,0.928793393645577,21.461889852684,0.896492206461738,7.93294473325569,2.32381195743454,34.5625721279839,0.917033298481939,3.74580544202928,4.75745614623461,37.6758172064166,0.949122142078416,28.5157414331776,7.99894632182775
237,395.070438453372,114.998865653464,29.91459924445,21.3109942257745,23.8043908510553,21.7731799610472,352.761353043947,1.76848467552748e-09,31.597342240344,0.442178910358257,1.72245146505548e-09,78.648674305447,0.374159500610416,2.5426521982057e-09,2097.70717818617,0.185078816932076,1.14182105699817e-09,3356.30425799216,0.31326890938969,2.17359225804809e-09,1217.56503146104,0.318493438255263,115.457738849808,26.5958797019991,0.944578333256633,25.415847892257,0.959506864280238,4.08068491688193,3.26731706306133,37.7263851993658,0.982615759952027,5.29820145946939,3.97931048912878,41.3584920497858,0.904083238966199,23.8661350898442,5.50818163194406
237,395.070438453372,114.998865653464,29.91459924445,21.3109942257745,23.8043908510553,21.7731799610472,352.761353043947,1.76848467552748e-09,31.597342240344,0.442178910358257,1.72245146505548e-09,78.648674305447,0.374159500610416,2.5426521982057e-09,2097.70717818617,0.185078816932076,1.14182105699817e-09,3356.30425799216,0.31326890938969,2.17359225804809e-09,1217.56503146104,0.318493438255263,115.457738849808,26.5958797019991,0.944578333256633,25.415847892257,0.959506864280238,4.08068491688193,3.26731706306133,37.7263851993658,0.982615759952027,5.29820145946939,3.97931048912878,41.3584920497858,0.904083238966199,23.8661350898442,5.50818163194406
238,348.853488414561,104.058394634784,21.8911552152003,21.867793817783,20.6976093012458,26.0520442408648,381.135016868699,1.7836079133323e-09,30.2428652088304,0.436866085896458,1.75537576409764e-09,71.8266513726446,0.380046657907229,2.49087975975667e-09,2019.72900197234,0.193734269008445,1.13921314488786e-09,3001.81329402665,0.362574650491554,2.34357405971688e-09,1230.46850082547,0.328287544005751,118.824322260863,34.9019553604861,0.444672225602752,23.0431498205938,0.970803286203207,7.17009291997883,4.8900663146853,33.8728590854169,0.896403781476086,6.1945483325959,5.85243675977971,41.9601124221076,0.996657951039407,28.9124836649941,4.5413172827922
238,348.853488414561,104.058394634784,21.8911552152003,21.867793817783,20.6976093012458,26.0520442408648,381.135016868699,1.7836079133323e-09,30.2428652088304,0.436866085896458,1.75537576409764e-09,71.8266513726446,0.380046657907229,2.49087975975667e-09,2019.72900197234,0.193734269008445,1.13921314488786e-09,3001.81329402665,0.362574650491554,2.34357405971688e-09,1230.46850082547,0.328287544005751,118.824322260863,34.9019553604861,0.444672225602752,23.0431498205938,0.970803286203207,7.17009291997883,4.8900663146853,33.8728590854169,0.896403781476086,6.1945483325959,5.85243675977971,41.9601124221076,0.996657951039407,28.9124836649941,4.5413172827922
239,316.444190487358,95.1479236655803,24.1651719769263,27.4564864795382,27.2758265865684,29.1865702074736,333.028847770427,1.78068029273793e-09,30.5162899416776,0.446898853309588,1.94085839498956e-09,66.7610366577047,0.421998787651115,2.50733998513657e-09,2755.51371279611,0.187488546036234,9.58848234096994e-10,2895.00999076723,0.305918368771467,2.12591039222615e-09,1204.8562996696,0.314989465329602,93.4991817297477,31.7335197838418,0.317576754412944,20.517885361383,0.81291997617146,6.24170836717543,2.76303190467856,33.3994445889512,0.991205642832262,5.72548176444137,5.764611567622,37.2523107021847,0.901096539635612,22.0150014239621,7.18239507035045
239,316.444190487358,95.1479236655803,24.1651719769263,27.4564864795382,27.2758265865684,29.1865702074736,333.028847770427,1.78068029273793e-09,30.5162899416776,0.446898853309588,1.94085839498956e-09,66.7610366577047,0.421998787651115,2.50733998513657e-09,2755.51371279611,0.187488546036234,9.58848234096994e-10,2895.00999076723,0.305918368771467,2.12591039222615e-09,1204.8562996696,0.314989465329602,93.4991817297477,31.7335197838418,0.317576754412944,20.517885361383,0.81291997617146,6.24170836717543,2.76303190467856,33.3994445889512,0.991205642832262,5.72548176444137,5.764611567622,37.2523107021847,0.901096539635612,22.0150014239621,7.18239507035045
240,325.924085854394,106.182307143065,28.7947715067391,22.4777640038193,23.1454879924025,28.0632946689041,329.872458950725,1.4390693462216e-09,37.1048761893995,0.446137142646989,1.65644606943526e-09,79.0702974031154,0.396401072982651,2.24520778770139e-09,2125.07635051733,0.19699115699243,9.35617652119999e-10,2510.86876999766,0.370338243578072,2.33225845985618e-09,1565.45381577579,0.304516408424828,85.0586163780485,38.3112522414795,0.567500326709227,26.6273467223886,0.878241353029443,5.94820058934694,4.40831871692211,33.1096444195238,0.866909119876458,5.48600345020467,6.20696288570019,35.7878196374801,0.870790703089625,22.5253914338454,6.0031826751567
240,325.924085854394,106.182307143065,28.7947715067391,22.4777640038193,23.1454879924025,28.0632946689041,329.872458950725,1.4390693462216e-09,37.1048761893995,0.446137142646989,1.65644606943526e-09,79.0702974031154,0.396401072982651,2.24520778770139e-09,2125.07635051733,0.19699115699243,9.35617652119999e-10,2510.86876999766,0.370338243578072,2.33225845985618e-09,1565.45381577579,0.304516408424828,85.0586163780485,38.3112522414795,0.567500326709227,26.6273467223886,0.878241353029443,5.94820058934694,4.40831871692211,33.1096444195238,0.866909119876458,5.48600345020467,6.20696288570019,35.7878196374801,0.870790703089625,22.5253914338454,6.0031826751567
241,375.383422614281,82.2586182208594,20.167729775451,28.4466222411836,20.74163831878,24.9835078730573,302.620847061562,1.58824508028417e-09,37.4239567603401,0.474622035919281,1.74125347062704e-09,64.4816193776434,0.446271519681641,2.0728260411335e-09,2384.87919410462,0.182020884476947,1.13969327315978e-09,3118.83920740522,0.35439933549441,2.35779675485284e-09,1541.5434884764,0.288474211202349,113.280666974948,39.231998517662,0.745061769386891,23.4389499303285,0.958157186052348,6.48084903272624,2.66907534301487,32.4223688214372,0.780737861890768,7.72449680200166,6.6325087267491,39.4211027803456,0.786390425467752,25.2905396041899,4.9097618105095
241,375.383422614281,82.2586182208594,20.167729775451,28.4466222411836,20.74163831878,24.9835078730573,302.620847061562,1.58824508028417e-09,37.4239567603401,0.474622035919281,1.74125347062704e-09,64.4816193776434,0.446271519681641,2.0728260411335e-09,2384.87919410462,0.182020884476947,1.13969327315978e-09,3118.83920740522,0.35439933549441,2.35779675485284e-09,1541.5434884764,0.288474211202349,113.280666974948,39.231998517662,0.745061769386891,23.4389499303285,0.958157186052348,6.48084903272624,2.66907534301487,32.4223688214372,0.780737861890768,7.72449680200166,6.6325087267491,39.4211027803456,0.786390425467752,25.2905396041899,4.9097618105095
242,304.652283944675,97.2340619138091,29.0203837855018,25.2660273836509,24.8895538548821,25.8565745287661,304.751129055259,1.76568545670864e-09,32.1334895131939,0.451408598196127,1.92934729266457e-09,76.1717072837874,0.359215754359267,2.3851424056814e-09,2665.19942929888,0.198957458673688,1.03365322597977e-09,3430.14158608576,0.330836538385186,2.36781721806868e-09,1428.78106873986,0.284893947014772,94.1811776388882,34.786640548225,0.802598544421549,28.1939212496512,0.904045352553702,6.45428034423283,2.23636032720961,36.5819787325334,0.972208736856841,4.09591714420198,6.23085680667183,42.6045543699777,0.898861123735009,20.9290637844024,5.1728485205941
242,304.652283944675,97.2340619138091,29.0203837855018,25.2660273836509,24.8895538548821,25.8565745287661,304.751129055259,1.76568545670864e-09,32.1334895131939,0.451408598196127,1.92934729266457e-09,76.1717072837874,0.359215754359267,2.3851424056814e-09,2665.19942929888,0.198957458673688,1.03365322597977e-09,3430.14158608576,0.330836538385186,2.36781721806868e-09,1428.78106873986,0.284893947014772,94.1811776388882,34.786640548225,0.802598544421549,28.1939212496512,0.904045352553702,6.45428034423283,2.23636032720961,36.5819787325334,0.972208736856841,4.09591714420198,6.23085680667183,42.6045543699777,0.898861123735009,20.9290637844024,5.1728485205941
243,363.812551076371,106.318035016239,22.5493484603744,24.0564303647483,29.9293490964383,25.1562227073596,387.94693988981,1.67700437241619e-09,37.8404543097548,0.405268697860897,1.79277549859893e-09,73.8113786305565,0.446242396764436,2.02222178903655e-09,2217.20775286604,0.217775192801701,9.2116362584531e-10,2933.22199710321,0.367116559157915,2.09920483997531e-09,1575.8059673766,0.268405346659082,93.0192989977457,32.4674340928996,0.132703204954373,29.6146764956004,0.838153108369469,7.22024942224033,4.07196250989962,30.0529033235512,0.914849828132916,5.09215279379752,3.05126938310859,35.2475654354428,0.971478145766068,20.2924486335968,5.92463401664332
243,363.812551076371,106.318035016239,22.5493484603744,24.0564303647483,29.9293490964383,25.1562227073596,387.94693988981,1.67700437241619e-09,37.8404543097548,0.405268697860897,1.79277549859893e-09,73.8113786305565,0.446242396764436,2.02222178903655e-09,2217.20775286604,0.217775192801701,9.2116362584531e-10,2933.22199710321,0.367116559157915,2.09920483997531e-09,1575.8059673766,0.268405346659082,93.0192989977457,32.4674340928996,0.132703204954373,29.6146764956004,0.838153108369469,7.22024942224033,4.07196250989962,30.0529033235512,0.914849828132916,5.09215279379752,3.05126938310859,35.2475654354428,0.971478145766068,20.2924486335968,5.92463401664332
244,342.186508997343,83.6585408755589,24.4230349508925,26.2547583670057,25.0614302583134,24.6293800667771,345.13643121005,1.43188723097204e-09,31.5802131745384,0.419888633786744,1.62047796819675e-09,65.5155971997503,0.405125780340773,2.23574512437197e-09,2328.38356790713,0.192829335217417,8.74278431842404e-10,2642.07152044261,0.300736443768562,2.27770662639075e-09,1351.96706034687,0.26154583079261,114.9592195311,36.5310281196654,0.117986386085185,21.8919815570151,0.797202870394981,4.97191637085008,3.81057840747991,38.4583743986983,0.952382647344647,6.01152913599236,6.99842177081171,40.1165393298957,0.78452619370854,22.702798108866,6.48497770395589
244,342.186508997343,83.6585408755589,24.4230349508925,26.2547583670057,25.0614302583134,24.6293800667771,345.13643121005,1.43188723097204e-09,31.5802131745384,0.419888633786744,1.62047796819675e-09,65.5155971997503,0.405125780340773,2.23574512437197e-09,2328.38356790713,0.192829335217417,8.74278431842404e-10,2642.07152044261,0.300736443768562,2.27770662639075e-09,1351.96706034687,0.26154583079261,114.9592195311,36.5310281196654,0.117986386085185,21.8919815570151,0.797202870394981,4.97191637085008,3.81057840747991,38.4583743986983,0.952382647344647,6.01152913599236,6.99842177081171,40.1165393298957,0.78452619370854,22.702798108866,6.48497770395589
245,322.833747751525,93.1656339050921,28.9340738379738,22.0502213348284,29.310451761382,25.4533950679516,377.355722675741,1.48942352696594e-09,31.150077146025,0.461818485354338,1.85072632212803e-09,73.1069046790555,0.422305437136471,2.44949866161892e-09,2344.72845538091,0.194145635391958,1.06331793090319e-09,3156.57407747984,0.399728194763679,2.38062703322893e-09,1560.1361308989,0.298140038108184,102.305981087918,30.6956888357496,0.31961807050817,28.3335533969242,0.893094056662704,5.43516034597065,4.69528059962632,30.4558685874085,0.877219994886784,7.98319794785588,6.22627799622291,36.4860146208045,0.844175419535892,23.3581256179852,5.43343208463924
245,322.833747751525,93.1656339050921,28.9340738379738,22.0502213348284,29.310451761382,25.4533950679516,377.355722675741,1.48942352696594e-09,31.150077146025,0.461818485354338,1.85072632212803e-09,73.1069046790555,0.422305437136471,2.44949866161892e-09,2344.72845538091,0.194145635391958,1.06331793090319e-09,3156.57407747984,0.399728194763679,2.38062703322893e-09,1560.1361308989,0.298140038108184,102.305981087918,30.6956888357496,0.31961807050817,28.3335533969242,0.893094056662704,5.43516034597065,4.69528059962632,30.4558685874085,0.877219994886784,7.98319794785588,6.22627799622291,36.4860146208045,0.844175419535892,23.3581256179852,5.43343208463924
246,342.261996487093,86.0610133174665,26.6541523504212,28.6911474718999,25.2398166791259,20.2339367271783,353.764956153225,1.4490475846761e-09,35.6935790270943,0.475204034931692,1.97376464568035e-09,75.8142876413197,0.398204950890739,2.23307625557994e-09,2172.35177123044,0.213656010313272,1.12168028818196e-09,3466.6459331998,0.390568031443259,2.32818819779156e-09,1369.04239521139,0.340211411750091,97.9051533365079,22.4147027620609,0.583620195922103,22.2751626147017,0.979125765354843,4.3314799065441,3.82344768210699,36.7975607197997,0.804270411867326,4.4493020884094,4.27086506594156,36.5865528114839,0.9349774769344,23.0572553476768,5.94515639287556
246,342.261996487093,86.0610133174665,26.6541523504212,28.6911474718999,25.2398166791259,20.2339367271783,353.764956153225,1.4490475846761e-09,35.6935790270943,0.475204034931692,1.97376464568035e-09,75.8142876413197,0.398204950890739,2.23307625557994e-09,2172.35177123044,0.213656010313272,1.12168028818196e-09,3466.6459331998,0.390568031443259,2.32818819779156e-09,1369.04239521139,0.340211411750091,97.9051533365079,22.4147027620609,0.583620195922103,22.2751626147017,0.979125765354843,4.3314799065441,3.82344768210699,36.7975607197997,0.804270411867326,4.4493020884094,4.27086506594156,36.5865528114839,0.9349774769344,23.0572553476768,5.94515639287556
247,348.462069918524,112.467746785214,20.7730514219747,29.1504273788104,22.9843352486818,26.3007267647119,352.422180645179,1.42548931681616e-09,34.7487949043821,0.465065577633087,1.93849740256234e-09,67.4867838200659,0.376192072142399,2.14933566815248e-09,2277.24343208384,0.207770096173652,9.30470054833071e-10,3334.93511740379,0.351572157819189,2.11185252204815e-09,1455.14502463722,0.335023334782789,113.28548612596,30.1644858463278,0.879078268078449,25.7513356028922,0.884076082261743,6.06311398829063,3.46166481549787,34.6590494100489,0.894049306768576,4.51175006504489,4.95494043776153,42.0780169134005,0.901976217836644,21.9606459953736,4.47232373890317
247,348.462069918524,112.467746785214,20.7730514219747,29.1504273788104,22.9843352486818,26.3007267647119,352.422180645179,1.42548931681616e-09,34.7487949043821,0.465065577633087,1.93849740256234e-09,67.4867838200659,0.376192072142399,2.14933566815248e-09,2277.24343208384,0.207770096173652,9.30470054833071e-10,3334.93511740379,0.351572157819189,2.11185252204815e-09,1455.14502463722,0.335023334782789,113.28548612596,30.1644858463278,0.879078268078449,25.7513356028922,0.884076082261743,6.06311398829063,3.46166481549787,34.6590494100489,0.894049306768576,4.51175006504489,4.95494043776153,42.0780169134005,0.901976217836644,21.9606459953736,4.47232373890317
248,388.128798208,109.600340786616,28.2794849565145,21.1886266247115,29.9425417615279,26.1655234296622,316.77377784521,1.50548318574628e-09,38.1629383794214,0.438548762710059,1.78703782681358e-09,60.7105985190154,0.434165481092524,2.1750433506145e-09,2065.54579385936,0.187361501781613,1.18686129678978e-09,3376.26988658354,0.312259757856427,2.07332218225682e-09,1313.57937984385,0.322336950738361,102.657615758256,22.9344793686341,0.555366785710951,23.3165786747366,0.849988686123736,6.68776822740191,2.6244823446216,31.6750070547739,0.898937979682698,3.70832505501063,6.42529136176542,38.323570490125,0.939839614113173,29.047111746119,6.78872021214965
248,388.128798208,109.600340786616,28.2794849565145,21.1886266247115,29.9425417615279,26.1655234296622,316.77377784521,1.50548318574628e-09,38.1629383794214,0.438548762710059,1.78703782681358e-09,60.7105985190154,0.434165481092524,2.1750433506145e-09,2065.54579385936,0.187361501781613,1.18686129678978e-09,3376.26988658354,0.312259757856427,2.07332218225682e-09,1313.57937984385,0.322336950738361,102.657615758256,22.9344793686341,0.555366785710951,23.3165786747366,0.849988686123736,6.68776822740191,2.6244823446216,31.6750070547739,0.898937979682698,3.70832505501063,6.42529136176542,38.323570490125,0.939839614113173,29.047111746119,6.78872021214965
249,393.373658709075,113.213944509079,20.5206171836497,23.6550144275113,20.8882284374545,26.9821860059811,390.189797398629,1.44676000856822e-09,34.2367107635086,0.402431762446281,1.85491486815921e-09,72.275915725002,0.406177933564832,2.06462492736395e-09,2550.38881822165,0.199552366203734,8.05567840597885e-10,2538.73099440963,0.347477153078887,2.27868588432666e-09,1403.22136321207,0.283364345856686,100.77435654529,35.2323567666676,0.370002876234272,29.7434189962899,0.868964473743915,3.53327615160678,2.51269181207679,39.083280192183,0.892940243312034,6.85633642505762,4.76538356913769,38.2388619877465,0.936071595929286,21.0270170121605,5.38703819861712
249,393.373658709075,113.213944509079,20.5206171836497,23.6550144275113,20.8882284374545,26.9821860059811,390.189797398629,1.44676000856822e-09,34.2367107635086,0.402431762446281,1.85491486815921e-09,72.275915725002,0.406177933564832,2.06462492736395e-09,2550.38881822165,0.199552366203734,8.05567840597885e-10,2538.73099440963,0.347477153078887,2.27868588432666e-09,1403.22136321207,0.283364345856686,100.77435654529,35.2323567666676,0.370002876234272,29.7434189962899,0.868964473743915,3.53327615160678,2.51269181207679,39.083280192183,0.892940243312034,6.85633642505762,4.76538356913769,38.2388619877465,0.936071595929286,21.0270170121605,5.38703819861712
250,354.855526646796,100.423332925061,28.8533107588436,23.4507039714697,28.5943435535308,21.6109093101721,383.169995411445,1.53262084936029e-09,31.6132124208913,0.45106912819649,1.62485604413425e-09,60.38688944192,0.38638713970373,2.10848827771538e-09,2620.83873583983,0.194910350855165,1.08300974757231e-09,3210.16028423548,0.367729138137548,2.20869444394653e-09,1280.86171225466,0.314493902998734,87.8930734410939,33.7609960291678,0.619551936338277,29.8642118737781,0.999953472751732,7.4354043079063,4.51949055372435,36.8460615086751,0.813419981430464,4.52346649179086,5.24777988093778,39.9286102988422,0.835598090740841,21.6819134277096,6.86448759188592
250,354.855526646796,100.423332925061,28.8533107588436,23.4507039714697,28.5943435535308,21.6109093101721,383.169995411445,1.53262084936029e-09,31.6132124208913,0.45106912819649,1.62485604413425e-09,60.38688944192,0.38638713970373,2.10848827771538e-09,2620.83873583983,0.194910350855165,1.08300974757231e-09,3210.16028423548,0.367729138137548,2.20869444394653e-09,1280.86171225466,0.314493902998734,87.8930734410939,33.7609960291678,0.619551936338277,29.8642118737781,0.999953472751732,7.4354043079063,4.51949055372435,36.8460615086751,0.813419981430464,4.52346649179086,5.24777988093778,39.9286102988422,0.835598090740841,21.6819134277096,6.86448759188592
251,303.638288088346,116.319407966467,29.9600339250711,23.8112435223924,24.0272894452958,25.3701764091231,324.888004646919,1.72851220703324e-09,37.9914910302864,0.400187372832789,1.99852637051379e-09,71.1354841797744,0.360535774226944,2.05172172635891e-09,2489.83944557632,0.187714947865501,1.02609157789264e-09,3086.90907123078,0.36184140892185,2.24529974212148e-09,1280.04305152414,0.266644037133,119.914112148466,25.094010133252,0.563972315181009,26.4078004258846,0.971858161387313,5.01445898126076,4.59379596344933,32.9137033352297,0.79001016412141,7.24579989729959,4.77651522402658,38.7969094168878,0.829145883108356,29.7021260439798,4.11241897185631
251,303.638288088346,116.319407966467,29.9600339250711,23.8112435223924,24.0272894452958,25.3701764091231,324.888004646919,1.72851220703324e-09,37.9914910302864,0.400187372832789,1.99852637051379e-09,71.1354841797744,0.360535774226944,2.05172172635891e-09,2489.83944557632,0.187714947865501,1.02609157789264e-09,3086.90907123078,0.36184140892185,2.24529974212148e-09,1280.04305152414,0.266644037133,119.914112148466,25.094010133252,0.563972315181009,26.4078004258846,0.971858161387313,5.01445898126076,4.59379596344933,32.9137033352297,0.79001016412141,7.24579989729959,4.77651522402658,38.7969094168878,0.829145883108356,29.7021260439798,4.11241897185631
252,381.674596725826,103.846676372328,27.3792748332369,27.8263980569326,29.8872255112434,22.6533786885498,373.97508108185,1.5383997455054e-09,34.8408869181302,0.466327684290966,1.69081615935774e-09,77.3933397624547,0.395273427137143,2.25957294283372e-09,2009.72371755586,0.198289253483708,9.72717480979687e-10,2620.8930819568,0.345231173969125,2.20842794978693e-09,1368.18272077104,0.294152457475838,114.303461032936,33.1169039624842,0.787953947345079,27.7118031627226,0.933740257486315,5.56111426151615,2.56530732498143,31.681503841939,0.783827982533827,4.13320468798231,4.42838985141405,44.8128916740298,0.805322130382695,29.962168902864,4.56907884744747
252,381.674596725826,103.846676372328,27.3792748332369,27.8263980569326,29.8872255112434,22.6533786885498,373.97508108185,1.5383997455054e-09,34.8408869181302,0.466327684290966,1.69081615935774e-09,77.3933397624547,0.395273427137143,2.25957294283372e-09,2009.72371755586,0.198289253483708,9.72717480979687e-10,2620.8930819568,0.345231173969125,2.20842794978693e-09,1368.18272077104,0.294152457475838,114.303461032936,33.1169039624842,0.787953947345079,27.7118031627226,0.933740257486315,5.56111426151615,2.56530732498143,31.681503841939,0.783827982533827,4.13320468798231,4.42838985141405,44.8128916740298,0.805322130382695,29.962168902864,4.56907884744747
253,338.007096689059,117.152068196188,20.9584715407517,22.8250640946519,21.3982176817151,24.2474772521753,307.705047020164,1.72267052623927e-09,34.6418558197063,0.41618450705855,1.95246365131011e-09,71.5232236217663,0.371881566474592,2.50566070558845e-09,2633.44058820573,0.18972751691768,1.07895834151412e-09,3194.91374681177,0.339938710746081,2.23808921666822e-09,1279.59815701639,0.267440693383084,96.2106580204944,20.7130346748319,0.947264313001203,22.9662450217648,0.839645187493825,4.90693267447594,4.17387644392195,33.8140182714406,0.849964797606503,3.89714900059206,6.34454942004243,36.0109836101127,0.958679611526234,24.8616625491061,6.16186951468193
253,338.007096689059,117.152068196188,20.9584715407517,22.8250640946519,21.3982176817151,24.2474772521753,307.705047020164,1.72267052623927e-09,34.6418558197063,0.41618450705855,1.95246365131011e-09,71.5232236217663,0.371881566474592,2.50566070558845e-09,2633.44058820573,0.18972751691768,1.07895834151412e-09,3194.91374681177,0.339938710746081,2.23808921666822e-09,1279.59815701639,0.267440693383084,96.2106580204944,20.7130346748319,0.947264313001203,22.9662450217648,0.839645187493825,4.90693267447594,4.17387644392195,33.8140182714406,0.849964797606503,3.89714900059206,6.34454942004243,36.0109836101127,0.958679611526234,24.8616625491061,6.16186951468193
254,345.1721548406,90.9995867662648,21.5194158040342,20.3334681357425,24.2866923637801,21.0085459379663,349.382588087787,1.73459161968245e-09,37.0060326291122,0.437846131767807,1.67546736668656e-09,61.4589594957611,0.434821335303162,2.44588378050957e-09,2752.0954102781,0.200184977234323,9.70393745199481e-10,3159.33981550258,0.333755632693194,2.14513163844907e-09,1474.02279518554,0.345772810177281,88.5996588059244,24.4064226400713,0.202760496066778,25.1693402283595,0.970330404750346,3.1293076486404,4.61753161036364,31.3054543053888,0.865251031372429,7.24760769021533,6.49707185917167,41.386505733714,0.796335565786584,28.560065894821,4.35984932073838
254,345.1721548406,90.9995867662648,21.5194158040342,20.3334681357425,24.2866923637801,21.0085459379663,349.382588087787,1.73459161968245e-09,37.0060326291122,0.437846131767807,1.67546736668656e-09,61.4589594957611,0.434821335303162,2.44588378050957e-09,2752.0954102781,0.200184977234323,9.70393745199481e-10,3159.33981550258,0.333755632693194,2.14513163844907e-09,1474.02279518554,0.345772810177281,88.5996588059244,24.4064226400713,0.202760496066778,25.1693402283595,0.970330404750346,3.1293076486404,4.61753161036364,31.3054543053888,0.865251031372429,7.24760769021533,6.49707185917167,41.386505733714,0.796335565786584,28.560065894821,4.35984932073838
255,385.141110264323,113.737754258577,21.6048469651933,29.2750677299281,28.7853430957286,29.4165618945204,311.147090686188,1.79354879408872e-09,30.0315559574263,0.428565796391406,1.65191883572544e-09,73.0308261208892,0.363881776643467,2.21762721670354e-09,2472.01945939522,0.20647578985785,1.07046402406537e-09,2874.61559853699,0.324967968886559,2.14318238628552e-09,1355.2396178416,0.319411115953776,115.883466950666,30.5116330034011,0.735473978348869,27.863537640427,0.92282617085687,4.79881901072437,3.10720779110229,33.8950612771739,0.882627126804654,5.55363304266832,6.4335130744802,41.8977312327669,0.842395100946933,22.983519588132,7.55728248436902
255,385.141110264323,113.737754258577,21.6048469651933,29.2750677299281,28.7853430957286,29.4165618945204,311.147090686188,1.79354879408872e-09,30.0315559574263,0.428565796391406,1.65191883572544e-09,73.0308261208892,0.363881776643467,2.21762721670354e-09,2472.01945939522,0.20647578985785,1.07046402406537e-09,2874.61559853699,0.324967968886559,2.14318238628552e-09,1355.2396178416,0.319411115953776,115.883466950666,30.5116330034011,0.735473978348869,27.863537640427,0.92282617085687,4.79881901072437,3.10720779110229,33.8950612771739,0.882627126804654,5.55363304266832,6.4335130744802,41.8977312327669,0.842395100946933,22.983519588132,7.55728248436902
256,389.595042696182,98.3749751592659,20.2926338072388,28.2945179316841,20.4941138215194,25.9078102975878,398.820157155507,1.44197994849158e-09,35.2127460471695,0.414671366560013,1.98794114547734e-09,62.2852318833922,0.377450825988619,2.31688819583989e-09,2799.48611748523,0.183994523730688,1.02792283807833e-09,3119.24482234217,0.326740972406016,2.27144472686634e-09,1574.78199438692,0.251448835268011,117.621539521052,26.7252047830984,0.591815253988389,26.1325989089725,0.972236070975517,6.884019399691,4.90917950415907,35.7350687845677,0.906844304603125,4.13912582003669,6.87861120963548,38.3272782489347,0.789519169568887,29.6606020925127,4.0074834430214
256,389.595042696182,98.3749751592659,20.2926338072388,28.2945179316841,20.4941138215194,25.9078102975878,398.820157155507,1.44197994849158e-09,35.2127460471695,0.414671366560013,1.98794114547734e-09,62.2852318833922,0.377450825988619,2.31688819583989e-09,2799.48611748523,0.183994523730688,1.02792283807833e-09,3119.24482234217,0.326740972406016,2.27144472686634e-09,1574.78199438692,0.251448835268011,117.621539521052,26.7252047830984,0.591815253988389,26.1325989089725,0.972236070975517,6.884019399691,4.90917950415907,35.7350687845677,0.906844304603125,4.13912582003669,6.87861120963548,38.3272782489347,0.789519169568887,29.6606020925127,4.0074834430214
257,308.065045330346,102.149666902311,26.896653112218,27.773416613798,29.4883441201544,26.283865003095,342.112911328356,1.69168579754722e-09,31.426364027715,0.452000251895769,1.95652685464328e-09,73.1610049425688,0.357324901431799,2.06552609794728e-09,2071.99456916173,0.201511492020565,1.04856948783977e-09,2610.8510852677,0.396428254615703,2.34189148523349e-09,1405.97717770848,0.275282681759085,97.5942288485305,25.1280344137641,0.30149232173138,28.8642155385441,0.825233560011321,4.59680838339877,3.16197387452417,37.0178980920707,0.842055529541302,4.49684646917725,3.79710501878372,38.6422699532473,0.966671353901475,27.9647516880721,7.22397653701195
257,308.065045330346,102.149666902311,26.896653112218,27.773416613798,29.4883441201544,26.283865003095,342.112911328356,1.69168579754722e-09,31.426364027715,0.452000251895769,1.95652685464328e-09,73.1610049425688,0.357324901431799,2.06552609794728e-09,2071.99456916173,0.201511492020565,1.04856948783977e-09,2610.8510852677,0.396428254615703,2.34189148523349e-09,1405.97717770848,0.275282681759085,97.5942288485305,25.1280344137641,0.30149232173138,28.8642155385441,0.825233560011321,4.59680838339877,3.16197387452417,37.0178980920707,0.842055529541302,4.49684646917725,3.79710501878372,38.6422699532473,0.966671353901475,27.9647516880721,7.22397653701195
258,387.211195740442,80.97807332436,29.6857927936472,25.7748034256498,29.0358796675794,27.7659015919057,381.630414923514,1.56391768209087e-09,31.1635034661367,0.427194650021085,1.78190236097024e-09,72.1710531294252,0.399261446960434,2.33475888840102e-09,2211.56136045505,0.209394631649388,1.0180216249977e-09,3205.37311909455,0.39561255015712,2.26388772284777e-09,1325.05674473049,0.301137391772956,94.2284262028031,30.0178077452417,0.391289789696134,26.6155810699413,0.856293968728937,4.25802643195477,3.95574096215669,39.4533694142215,0.855356492303997,7.21415288276607,4.38714288690865,36.9395801049795,0.881570677968179,21.6533803917295,4.00173070703634
258,387.211195740442,80.97807332436,29.6857927936472,25.7748034256498,29.0358796675794,27.7659015919057,381.630414923514,1.56391768209087e-09,31.1635034661367,0.427194650021085,1.78190236097024e-09,72.1710531294252,0.399261446960434,2.33475888840102e-09,2211.56136045505,0.209394631649388,1.0180216249977e-09,3205.37311909455,0.39561255015712,2.26388772284777e-09,1325.05674473049,0.301137391772956,94.2284262028031,30.0178077452417,0.391289789696134,26.6155810699413,0.856293968728937,4.25802643195477,3.95574096215669,39.4533694142215,0.855356492303997,7.21415288276607,4.38714288690865,36.9395801049795,0.881570677968179,21.6533803917295,4.00173070703634
259,330.180113319489,85.7207468032066,25.8429425659781,20.980352588405,29.469020976471,27.7018686109881,398.646988171094,1.75241023859982e-09,33.6077129497441,0.437741982181742,1.62498760098301e-09,65.1579757268885,0.407066517583909,2.19555232270671e-09,2649.10777305688,0.18685629253955,1.14219999133944e-09,2667.73125383938,0.316652382327956,2.15903742634888e-09,1245.36851150747,0.34831158929423,98.5174291369368,29.1844402737748,0.240287200057469,28.626046810262,0.915588407653736,3.03306346321919,2.34451461688534,32.7662967997521,0.850439935768719,4.43314706221989,5.98473845047907,44.4898728745463,0.983058111093587,29.1800984817289,4.34310804695573
259,330.180113319489,85.7207468032066,25.8429425659781,20.980352588405,29.469020976471,27.7018686109881,398.646988171094,1.75241023859982e-09,33.6077129497441,0.437741982181742,1.62498760098301e-09,65.1579757268885,0.407066517583909,2.19555232270671e-09,2649.10777305688,0.18685629253955,1.14219999133944e-09,2667.73125383938,0.316652382327956,2.15903742634888e-09,1245.36851150747,0.34831158929423,98.5174291369368,29.1844402737748,0.240287200057469,28.626046810262,0.915588407653736,3.03306346321919,2.34451461688534,32.7662967997521,0.850439935768719,4.43314706221989,5.98473845047907,44.4898728745463,0.983058111093587,29.1800984817289,4.34310804695573
260,372.818659596241,112.973252900652,20.5144431225959,21.1456184167846,26.6553160191581,20.2866763259435,313.964018751091,1.68172970716727e-09,31.0803343853243,0.401992182603458,1.95576018118208e-09,62.9538707244847,0.414577519236156,2.25331222639176e-09,2375.51895731773,0.187870993964919,1.17148064395084e-09,3467.05420223626,0.397180181753053,2.15290762155723e-09,1529.95011740312,0.328115927034291,83.7345159212012,32.2421461223434,0.603120743959889,22.6451923231453,0.934924562707401,7.43861491432565,3.73673836659191,32.5297528742616,0.937314582363142,6.39617956197182,4.61059872393693,39.9520558261878,0.921025671400219,21.5786584010873,7.01695120687649
260,372.818659596241,112.973252900652,20.5144431225959,21.1456184167846,26.6553160191581,20.2866763259435,313.964018751091,1.68172970716727e-09,31.0803343853243,0.401992182603458,1.95576018118208e-09,62.9538707244847,0.414577519236156,2.25331222639176e-09,2375.51895731773,0.187870993964919,1.17148064395084e-09,3467.05420223626,0.397180181753053,2.15290762155723e-09,1529.95011740312,0.328115927034291,83.7345159212012,32.2421461223434,0.603120743959889,22.6451923231453,0.934924562707401,7.43861491432565,3.73673836659191,32.5297528742616,0.937314582363142,6.39617956197182,4.61059872393693,39.9520558261878,0.921025671400219,21.5786584010873,7.01695120687649
261,388.946774161454,83.3123634579868,22.907508008571,27.4252464246945,24.0237978782835,21.7946652629951,367.701531085689,1.68451876710793e-09,39.6929973321846,0.42149914806411,1.87162978752686e-09,64.3112586992059,0.439524761585816,2.37066638213282e-09,2746.32540940966,0.210011136347041,1.17205350925572e-09,2839.0998401067,0.317034421335584,2.0149364255003e-09,1534.44063584129,0.28172520998543,112.425294079422,35.1854861106473,0.956835159808135,22.1320384658691,0.931828534507689,7.16849872390556,4.70181512587291,31.9862190344815,0.894825912356291,6.127519006506,4.76037868230737,40.9353528447166,0.914489212026687,25.4453883184232,5.85535278170599
261,388.946774161454,83.3123634579868,22.907508008571,27.4252464246945,24.0237978782835,21.7946652629951,367.701531085689,1.68451876710793e-09,39.6929973321846,0.42149914806411,1.87162978752686e-09,64.3112586992059,0.439524761585816,2.37066638213282e-09,2746.32540940966,0.210011136347041,1.17205350925572e-09,2839.0998401067,0.317034421335584,2.0149364255003e-09,1534.44063584129,0.28172520998543,112.425294079422,35.1854861106473,0.956835159808135,22.1320384658691,0.931828534507689,7.16849872390556,4.70181512587291,31.9862190344815,0.894825912356291,6.127519006506,4.76037868230737,40.9353528447166,0.914489212026687,25.4453883184232,5.85535278170599
262,330.906540174771,82.6439537211781,28.8236690023239,23.9875237362022,28.6975186369272,21.8750112455526,371.496185045972,1.72700438463631e-09,31.2477514337635,0.4193776171661,1.70144371967045e-09,77.5540231604885,0.382553868769562,2.52410490506326e-09,2652.56153412371,0.198445238787549,8.20509210622096e-10,2575.8299028955,0.359786034878635,2.18520784774643e-09,1206.27950530192,0.25590407492891,112.401142598926,34.5063711154671,0.279675734183644,28.5895042610173,0.795337216826456,7.31396621738152,2.33167841546995,39.8123309009545,0.843457741748426,6.06154911462979,4.90955507522163,37.0342920655555,0.904131974890573,26.162364949505,7.94525242997824
262,330.906540174771,82.6439537211781,28.8236690023239,23.9875237362022,28.6975186369272,21.8750112455526,371.496185045972,1.72700438463631e-09,31.2477514337635,0.4193776171661,1.70144371967045e-09,77.5540231604885,0.382553868769562,2.52410490506326e-09,2652.56153412371,0.198445238787549,8.20509210622096e-10,2575.8299028955,0.359786034878635,2.18520784774643e-09,1206.27950530192,0.25590407492891,112.401142598926,34.5063711154671,0.279675734183644,28.5895042610173,0.795337216826456,7.31396621738152,2.33167841546995,39.8123309009545,0.843457741748426,6.06154911462979,4.90955507522163,37.0342920655555,0.904131974890573,26.162364949505,7.94525242997824
263,327.807368741369,115.829145719725,20.1732575710068,25.4298736912445,28.940898008956,22.6968555672179,343.628475809814,1.62229402752142e-09,33.7105519363355,0.444864221927703,1.72483065768572e-09,70.2188786840164,0.392017467072629,2.12451707195128e-09,2696.25765882717,0.204069333544307,1.14477920059506e-09,3356.31243591819,0.384467792492956,2.01257555976606e-09,1458.47661434135,0.337805120058692,113.837073910815,22.1093006424362,0.0858019309692419,27.9805937882489,0.876871664367349,4.33881457202619,4.82384682547442,32.5144691376694,0.786920994893391,5.38038102978145,3.38238123134961,43.6129927727479,0.820740852905508,26.3158251208921,7.09854673689105
263,327.807368741369,115.829145719725,20.1732575710068,25.4298736912445,28.940898008956,22.6968555672179,343.628475809814,1.62229402752142e-09,33.7105519363355,0.444864221927703,1.72483065768572e-09,70.2188786840164,0.392017467072629,2.12451707195128e-09,2696.25765882717,0.204069333544307,1.14477920059506e-09,3356.31243591819,0.384467792492956,2.01257555976606e-09,1458.47661434135,0.337805120058692,113.837073910815,22.1093006424362,0.0858019309692419,27.9805937882489,0.876871664367349,4.33881457202619,4.82384682547442,32.5144691376694,0.786920994893391,5.38038102978145,3.38238123134961,43.6129927727479,0.820740852905508,26.3158251208921,7.09854673689105
264,353.217906337623,113.980020687142,28.9006064087086,27.3360255823093,26.9929120205009,27.0693764865617,358.755252233047,1.67509335794457e-09,31.3748187611528,0.429596376055015,1.78902546387422e-09,69.1281788278811,0.415123585640932,2.52696322901756e-09,2169.35384116755,0.211730182945179,1.14515036384955e-09,3424.20439974996,0.321032327708073,2.39225495435243e-09,1494.71972088806,0.277419878714151,80.9814706195437,23.6820638774297,0.438899855888593,27.3316342630304,0.94569931686856,4.93617342783336,2.94865072031768,34.8588242233681,0.931224663132131,7.99428984130491,3.45938974205832,36.7560178021381,0.860457334428188,26.6983755175028,4.37793112492503
264,353.217906337623,113.980020687142,28.9006064087086,27.3360255823093,26.9929120205009,27.0693764865617,358.755252233047,1.67509335794457e-09,31.3748187611528,0.429596376055015,1.78902546387422e-09,69.1281788278811,0.415123585640932,2.52696322901756e-09,2169.35384116755,0.211730182945179,1.14515036384955e-09,3424.20439974996,0.321032327708073,2.39225495435243e-09,1494.71972088806,0.277419878714151,80.9814706195437,23.6820638774297,0.438899855888593,27.3316342630304,0.94569931686856,4.93617342783336,2.94865072031768,34.8588242233681,0.931224663132131,7.99428984130491,3.45938974205832,36.7560178021381,0.860457334428188,26.6983755175028,4.37793112492503
265,338.63427996056,111.35838815882,22.0250850020932,21.3362908052973,27.234987431635,28.8375024014276,375.675311369242,1.72886871762142e-09,31.6544165267919,0.479460347299669,1.70094975619314e-09,65.353298767508,0.371998959790136,2.01538148481611e-09,2071.84477587948,0.20251338682009,1.07220619593623e-09,3035.90733197155,0.306417313628182,2.14834843487994e-09,1308.88806596725,0.280205392489961,94.8832363460832,33.261530866215,0.380005738974376,29.6112933719014,0.895648221426148,6.32486121468425,3.19962156236417,39.0441310065339,0.879239495338693,6.66590719652772,4.95167153848719,44.0460986339767,0.880516831591204,25.0194669154873,7.00072685296995
265,338.63427996056,111.35838815882,22.0250850020932,21.3362908052973,27.234987431635,28.8375024014276,375.675311369242,1.72886871762142e-09,31.6544165267919,0.479460347299669,1.70094975619314e-09,65.353298767508,0.371998959790136,2.01538148481611e-09,2071.84477587948,0.20251338682009,1.07220619593623e-09,3035.90733197155,0.306417313628182,2.14834843487994e-09,1308.88806596725,0.280205392489961,94.8832363460832,33.261530866215,0.380005738974376,29.6112933719014,0.895648221426148,6.32486121468425,3.19962156236417,39.0441310065339,0.879239495338693,6.66590719652772,4.95167153848719,44.0460986339767,0.880516831591204,25.0194669154873,7.00072685296995
266,373.969688120409,118.174509494067,24.4652806549672,21.9604878424699,29.7069560840309,21.1382114170266,346.591823461507,1.69552555364381e-09,32.6113679461071,0.462430918219132,1.89007500654059e-09,76.9552172270861,0.449128599241023,2.4913093658375e-09,2775.08460345702,0.210783443184211,1.18094589018677e-09,2953.37977198738,0.399942629187143,2.15477943189058e-09,1455.31009526121,0.323621465416823,116.911577707135,34.7554792432424,0.10361982730053,21.8258715752678,0.793866637791868,6.75580132744078,3.20793373479233,34.9953998934291,0.904039390800015,7.7837132993135,4.56918495320229,37.356738823622,0.921820806140224,27.2312880593992,7.75991061846291
266,373.969688120409,118.174509494067,24.4652806549672,21.9604878424699,29.7069560840309,21.1382114170266,346.591823461507,1.69552555364381e-09,32.6113679461071,0.462430918219132,1.89007500654059e-09,76.9552172270861,0.449128599241023,2.4913093658375e-09,2775.08460345702,0.210783443184211,1.18094589018677e-09,2953.37977198738,0.399942629187143,2.15477943189058e-09,1455.31009526121,0.323621465416823,116.911577707135,34.7554792432424,0.10361982730053,21.8258715752678,0.793866637791868,6.75580132744078,3.20793373479233,34.9953998934291,0.904039390800015,7.7837132993135,4.56918495320229,37.356738823622,0.921820806140224,27.2312880593992,7.75991061846291
267,334.929337576279,116.764883291137,22.8311111062314,22.9375147916886,27.2432233965438,26.5279572621228,367.337306495473,1.70125683002965e-09,31.4566620853193,0.441686384900959,1.7583683821557e-09,64.2672791966099,0.36795887499823,2.17759845149852e-09,2478.53340100756,0.201391572591918,9.2207123775761e-10,3450.98747806912,0.394332296133461,2.20212823287079e-09,1251.37490860597,0.276268352035109,105.646848007269,22.0360292701026,0.579752606810955,26.7798629870852,0.802932268981661,3.33492842534772,3.13956428954095,37.234728465662,0.836546608540078,7.80509148954267,5.78814420976098,41.0763703528555,0.971291573570259,25.254564514808,4.81267331233518
267,334.929337576279,116.764883291137,22.8311111062314,22.9375147916886,27.2432233965438,26.5279572621228,367.337306495473,1.70125683002965e-09,31.4566620853193,0.441686384900959,1.7583683821557e-09,64.2672791966099,0.36795887499823,2.17759845149852e-09,2478.53340100756,0.201391572591918,9.2207123775761e-10,3450.98747806912,0.394332296133461,2.20212823287079e-09,1251.37490860597,0.276268352035109,105.646848007269,22.0360292701026,0.579752606810955,26.7798629870852,0.802932268981661,3.33492842534772,3.13956428954095,37.234728465662,0.836546608540078,7.80509148954267,5.78814420976098,41.0763703528555,0.971291573570259,25.254564514808,4.81267331233518
268,350.778694575505,110.773741553333,26.3384363981225,26.8083935815101,24.438584611257,27.3171818882177,334.285223934521,1.64824112232604e-09,33.3200836356151,0.477559824672062,1.6210538128953e-09,70.1678833784802,0.409035410204972,2.49104615244985e-09,2766.40959665388,0.180094123097862,1.0128509570598e-09,3040.08473504288,0.386108748165216,2.03997433312718e-09,1482.87436207193,0.30845128448099,115.789883190751,39.9808495235229,0.105870941473773,20.8302551924214,0.871020104882496,4.13097475251185,4.5906561840229,36.5590030495703,0.839159210673489,5.60472452656534,3.46554560399449,40.9988282999443,0.823111193878759,28.4026682026945,4.75173630737672
268,350.778694575505,110.773741553333,26.3384363981225,26.8083935815101,24.438584611257,27.3171818882177,334.285223934521,1.64824112232604e-09,33.3200836356151,0.477559824672062,1.6210538128953e-09,70.1678833784802,0.409035410204972,2.49104615244985e-09,2766.40959665388,0.180094123097862,1.0128509570598e-09,3040.08473504288,0.386108748165216,2.03997433312718e-09,1482.87436207193,0.30845128448099,115.789883190751,39.9808495235229,0.105870941473773,20.8302551924214,0.871020104882496,4.13097475251185,4.5906561840229,36.5590030495703,0.839159210673489,5.60472452656534,3.46554560399449,40.9988282999443,0.823111193878759,28.4026682026945,4.75173630737672
269,313.312386428083,83.3133770311317,26.9988692099707,21.5727858238393,26.2223468609916,26.6785687336248,337.688855787211,1.51129554011824e-09,36.192373498451,0.458411026932146,1.83573562833861e-09,73.6790062598503,0.357882920592374,2.26293576587425e-09,2682.17789813933,0.183463981879314,9.40623147021166e-10,3316.19637059485,0.392556213847653,2.04696844589511e-09,1546.20102872623,0.264257690396575,82.1756982761484,29.5822478954906,0.196094110799141,28.8275533405362,0.788126930827517,5.98996820851424,4.30297172322964,33.1185689198641,0.907746371822018,7.7633235859442,6.26137477920405,35.2875677852015,0.790656813131768,28.1193930582641,7.99574312647574
269,313.312386428083,83.3133770311317,26.9988692099707,21.5727858238393,26.2223468609916,26.6785687336248,337.688855787211,1.51129554011824e-09,36.192373498451,0.458411026932146,1.83573562833861e-09,73.6790062598503,0.357882920592374,2.26293576587425e-09,2682.17789813933,0.183463981879314,9.40623147021166e-10,3316.19637059485,0.392556213847653,2.04696844589511e-09,1546.20102872623,0.264257690396575,82.1756982761484,29.5822478954906,0.196094110799141,28.8275533405362,0.788126930827517,5.98996820851424,4.30297172322964,33.1185689198641,0.907746371822018,7.7633235859442,6.26137477920405,35.2875677852015,0.790656813131768,28.1193930582641,7.99574312647574
270,317.816220643154,113.230174084105,24.8563299087463,20.8964227812116,25.9112419248905,22.2016908469807,306.589366598256,1.43592105566398e-09,31.7139183163377,0.447786920021797,1.79411237920075e-09,66.7529621686399,0.368603879366533,2.53805857987783e-09,2261.16333565772,0.181787004192892,1.15203998911668e-09,3410.88741832167,0.332621320404326,2.17366519650638e-09,1585.18070790481,0.27309095994023,108.690309528792,27.9526687080571,0.521327721761914,21.6216732316939,0.9439436582481,6.62724379934881,3.83420202718958,33.3465878928625,0.942614399723124,4.75458514332766,4.94674452170444,36.0301547613423,0.837419602668622,24.294144631587,6.40028702153331
270,317.816220643154,113.230174084105,24.8563299087463,20.8964227812116,25.9112419248905,22.2016908469807,306.589366598256,1.43592105566398e-09,31.7139183163377,0.447786920021797,1.79411237920075e-09,66.7529621686399,0.368603879366533,2.53805857987783e-09,2261.16333565772,0.181787004192892,1.15203998911668e-09,3410.88741832167,0.332621320404326,2.17366519650638e-09,1585.18070790481,0.27309095994023,108.690309528792,27.9526687080571,0.521327721761914,21.6216732316939,0.9439436582481,6.62724379934881,3.83420202718958,33.3465878928625,0.942614399723124,4.75458514332766,4.94674452170444,36.0301547613423,0.837419602668622,24.294144631587,6.40028702153331
271,384.650856245753,114.524097578842,29.0063547009531,22.0250912963972,25.2029829248299,23.0321437741917,390.245303131018,1.79042031092388e-09,35.9758801347113,0.422913051538587,1.77380560479758e-09,65.1289115598297,0.400968637965629,2.0399718821593e-09,2380.73679305075,0.182854700284147,1.14299722074389e-09,2995.17883310301,0.317615224318458,2.30170919436284e-09,1299.83007448666,0.28104415680679,99.8931540560018,39.746176689034,0.0190391770181095,29.0086542407038,0.884843715922299,7.56496509346707,4.12292199010696,34.3850893942584,0.958985476651083,3.87657083340712,5.30545040281762,37.3074422557765,0.845366002190926,27.4644576712705,6.26924188631467
271,384.650856245753,114.524097578842,29.0063547009531,22.0250912963972,25.2029829248299,23.0321437741917,390.245303131018,1.79042031092388e-09,35.9758801347113,0.422913051538587,1.77380560479758e-09,65.1289115598297,0.400968637965629,2.0399718821593e-09,2380.73679305075,0.182854700284147,1.14299722074389e-09,2995.17883310301,0.317615224318458,2.30170919436284e-09,1299.83007448666,0.28104415680679,99.8931540560018,39.746176689034,0.0190391770181095,29.0086542407038,0.884843715922299,7.56496509346707,4.12292199010696,34.3850893942584,0.958985476651083,3.87657083340712,5.30545040281762,37.3074422557765,0.845366002190926,27.4644576712705,6.26924188631467
272,356.526695874032,91.0746673122414,21.4935918444245,21.7974690076777,20.3275040185332,28.7827688755601,316.255669183167,1.79119798521818e-09,32.1987396950028,0.428839417989466,1.79233421751457e-09,76.9718716569287,0.428150768789411,2.22074349027117e-09,2586.85761972437,0.181697270122601,9.35208992638671e-10,3200.09793396555,0.375283139971124,2.22770940481405e-09,1409.51505028691,0.311321593002837,105.363469000061,33.2231231466461,0.231043364734903,27.3171832673185,0.837939390598236,5.82154390619588,4.31910557902291,30.819012223705,0.88865443256108,3.30049764760153,4.00758386078893,43.939459418608,0.832669049506308,26.3506580855688,7.60055604401257
272,356.526695874032,91.0746673122414,21.4935918444245,21.7974690076777,20.3275040185332,28.7827688755601,316.255669183167,1.79119798521818e-09,32.1987396950028,0.428839417989466,1.79233421751457e-09,76.9718716569287,0.428150768789411,2.22074349027117e-09,2586.85761972437,0.181697270122601,9.35208992638671e-10,3200.09793396555,0.375283139971124,2.22770940481405e-09,1409.51505028691,0.311321593002837,105.363469000061,33.2231231466461,0.231043364734903,27.3171832673185,0.837939390598236,5.82154390619588,4.31910557902291,30.819012223705,0.88865443256108,3.30049764760153,4.00758386078893,43.939459418608,0.832669049506308,26.3506580855688,7.60055604401257
273,366.903872779131,102.603653347204,23.4329648124976,26.5821532730373,29.5444033039837,22.1755008836354,341.652265540513,1.75551118824538e-09,34.5162486864825,0.466278383839498,1.95174807412415e-09,70.7038359094497,0.395188131361929,2.17939131205457e-09,2110.08141995879,0.187531528793197,1.18897184604622e-09,3334.01462435711,0.371881923177355,2.2548188092944e-09,1259.68785747327,0.332273708262287,118.737496585819,28.3929127840683,0.201583632642447,23.7264632273061,0.989628909365283,7.51422808490965,2.96084705670147,38.7180020599297,0.844629742897182,3.338394335131,5.445259014957,44.2131307256088,0.882102139429951,27.4957606786352,6.33336812986695
273,366.903872779131,102.603653347204,23.4329648124976,26.5821532730373,29.5444033039837,22.1755008836354,341.652265540513,1.75551118824538e-09,34.5162486864825,0.466278383839498,1.95174807412415e-09,70.7038359094497,0.395188131361929,2.17939131205457e-09,2110.08141995879,0.187531528793197,1.18897184604622e-09,3334.01462435711,0.371881923177355,2.2548188092944e-09,1259.68785747327,0.332273708262287,118.737496585819,28.3929127840683,0.201583632642447,23.7264632273061,0.989628909365283,7.51422808490965,2.96084705670147,38.7180020599297,0.844629742897182,3.338394335131,5.445259014957,44.2131307256088,0.882102139429951,27.4957606786352,6.33336812986695
274,365.388341346904,102.184385244649,24.9673865910982,25.214720766127,29.7580706213701,21.3243193646147,314.047767856335,1.58460510612324e-09,35.0269429239164,0.400474506190592,1.77722573109143e-09,78.3000171053893,0.366180418618572,2.35957367212118e-09,2603.21046931674,0.198150273376167,1.01940677537385e-09,3297.6731014955,0.314766862712171,2.37193281536139e-09,1316.968419874,0.344922867112453,106.023272544857,34.7376899127545,0.910075654950128,24.2855090059653,0.964186014095922,7.24261412922777,3.74900198240676,31.8961648970574,0.783129060331796,4.7040422214184,3.66418453128241,38.1735179233077,0.976621976392701,23.8155106005953,6.2113071118502
274,365.388341346904,102.184385244649,24.9673865910982,25.214720766127,29.7580706213701,21.3243193646147,314.047767856335,1.58460510612324e-09,35.0269429239164,0.400474506190592,1.77722573109143e-09,78.3000171053893,0.366180418618572,2.35957367212118e-09,2603.21046931674,0.198150273376167,1.01940677537385e-09,3297.6731014955,0.314766862712171,2.37193281536139e-09,1316.968419874,0.344922867112453,106.023272544857,34.7376899127545,0.910075654950128,24.2855090059653,0.964186014095922,7.24261412922777,3.74900198240676,31.8961648970574,0.783129060331796,4.7040422214184,3.66418453128241,38.1735179233077,0.976621976392701,23.8155106005953,6.2113071118502
275,385.062966146039,108.830800211155,21.8054862030502,22.5709726766443,26.2236279826104,28.9396817920854,304.618143910096,1.57322412706191e-09,39.0921544787923,0.478627411459309,1.84505836193495e-09,72.0895853285646,0.434596469528071,2.59225534097517e-09,2767.41960114488,0.187229507949424,9.02585379765372e-10,3035.54635562851,0.377718889356606,2.34702298716929e-09,1548.79634314938,0.250362723808395,93.0555462989077,31.7382350976111,0.987509340792637,25.5797440336551,0.824329413226916,5.41372525481105,2.6781736031984,31.9784725543502,0.963986303791885,3.60524824750756,3.85116629501811,36.9242272148891,0.791334506445911,28.6328789995187,7.29174338402351
275,385.062966146039,108.830800211155,21.8054862030502,22.5709726766443,26.2236279826104,28.9396817920854,304.618143910096,1.57322412706191e-09,39.0921544787923,0.478627411459309,1.84505836193495e-09,72.0895853285646,0.434596469528071,2.59225534097517e-09,2767.41960114488,0.187229507949424,9.02585379765372e-10,3035.54635562851,0.377718889356606,2.34702298716929e-09,1548.79634314938,0.250362723808395,93.0555462989077,31.7382350976111,0.987509340792637,25.5797440336551,0.824329413226916,5.41372525481105,2.6781736031984,31.9784725543502,0.963986303791885,3.60524824750756,3.85116629501811,36.9242272148891,0.791334506445911,28.6328789995187,7.29174338402351
276,320.376155719994,96.9273205357201,25.5287298751411,29.9182684685956,26.5718447630717,25.1226056663274,316.059435591234,1.52815427014237e-09,30.4933434224647,0.423157078791022,1.84897451783982e-09,72.6957046905665,0.410385804175084,2.52140063380593e-09,2798.88008967814,0.215539214789695,1.00137640714359e-09,2540.39517324374,0.356748709647422,2.0335615314681e-09,1321.11157780117,0.302010681796269,109.614684135096,30.5696472200311,0.199109195030385,26.4078783550835,0.868149114864961,4.77176536796502,2.28458029173082,31.1748868217757,0.850549478524246,3.1656480195887,6.69664045214139,36.9122650928342,0.848766176738117,21.5180434634061,4.16308958397635
276,320.376155719994,96.9273205357201,25.5287298751411,29.9182684685956,26.5718447630717,25.1226056663274,316.059435591234,1.52815427014237e-09,30.4933434224647,0.423157078791022,1.84897451783982e-09,72.6957046905665,0.410385804175084,2.52140063380593e-09,2798.88008967814,0.215539214789695,1.00137640714359e-09,2540.39517324374,0.356748709647422,2.0335615314681e-09,1321.11157780117,0.302010681796269,109.614684135096,30.5696472200311,0.199109195030385,26.4078783550835,0.868149114864961,4.77176536796502,2.28458029173082,31.1748868217757,0.850549478524246,3.1656480195887,6.69664045214139,36.9122650928342,0.848766176738117,21.5180434634061,4.16308958397635
277,344.667359066793,119.088553319223,23.4721779945282,29.7419116598343,21.6521548056097,27.198580608835,397.530602229327,1.59310433104936e-09,35.7104463234394,0.439408032944122,1.71914296769151e-09,71.6555201502572,0.416471429178403,2.22905952114485e-09,2508.98738213593,0.185237926908805,8.71594905256291e-10,2514.91754252274,0.339456895184937,2.05613015062112e-09,1421.33317639119,0.345132845597759,92.2915100423629,34.9502893450337,0.458992590262224,26.0733201464456,0.912397414790921,7.47740344905701,4.57008406570841,37.2601334070164,0.927848443850008,6.76197828049293,4.1402841096232,36.2288227055319,0.949082002835016,21.1200362866566,5.23970361283676
277,344.667359066793,119.088553319223,23.4721779945282,29.7419116598343,21.6521548056097,27.198580608835,397.530602229327,1.59310433104936e-09,35.7104463234394,0.439408032944122,1.71914296769151e-09,71.6555201502572,0.416471429178403,2.22905952114485e-09,2508.98738213593,0.185237926908805,8.71594905256291e-10,2514.91754252274,0.339456895184937,2.05613015062112e-09,1421.33317639119,0.345132845597759,92.2915100423629,34.9502893450337,0.458992590262224,26.0733201464456,0.912397414790921,7.47740344905701,4.57008406570841,37.2601334070164,0.927848443850008,6.76197828049293,4.1402841096232,36.2288227055319,0.949082002835016,21.1200362866566,5.23970361283676
278,315.978953748938,89.5190364547154,22.4545500278929,25.153011628501,26.9149682567263,28.4859975031713,317.678078306259,1.68928302664042e-09,37.2204059365817,0.434031502583744,1.97199583407915e-09,70.7612334193885,0.376103583164013,2.21244568013996e-09,2070.93781876401,0.183939720096368,8.19857772405831e-10,2896.66946198351,0.3968371599736,2.05256802754743e-09,1405.3827508478,0.27834614956273,92.1817860475405,20.2188170756654,0.363815035123706,20.7928181283859,0.78481720313001,3.81835057453731,2.81989784686131,39.4373197326302,0.984984403851404,4.46142817911669,6.7286966331157,36.9330565032476,0.959213923804514,23.4121145340972,7.67511378484237
278,315.978953748938,89.5190364547154,22.4545500278929,25.153011628501,26.9149682567263,28.4859975031713,317.678078306259,1.68928302664042e-09,37.2204059365817,0.434031502583744,1.97199583407915e-09,70.7612334193885,0.376103583164013,2.21244568013996e-09,2070.93781876401,0.183939720096368,8.19857772405831e-10,2896.66946198351,0.3968371599736,2.05256802754743e-09,1405.3827508478,0.27834614956273,92.1817860475405,20.2188170756654,0.363815035123706,20.7928181283859,0.78481720313001,3.81835057453731,2.81989784686131,39.4373197326302,0.984984403851404,4.46142817911669,6.7286966331157,36.9330565032476,0.959213923804514,23.4121145340972,7.67511378484237
279,329.637835566927,104.692464976164,21.2731884638465,24.0283607986706,20.234835745601,28.8587646150722,372.933184899902,1.44134861732683e-09,30.9637523277329,0.4324413259687,1.76415724829321e-09,76.0472778099671,0.389800667051155,2.1322837928005e-09,2069.87702207573,0.193455402564342,1.07981630568752e-09,2783.38478373172,0.348936043839197,2.01935294160462e-09,1277.47086623078,0.308317557756025,85.8481602858041,25.284399136096,0.306703595894888,21.5789221744225,0.840419122406632,4.84374745154978,2.06865841857845,39.8212024711173,0.995327996512064,3.27539153860581,6.1570722624089,43.357449665635,0.792892037231393,26.5035138532612,5.09489387967703
279,329.637835566927,104.692464976164,21.2731884638465,24.0283607986706,20.234835745601,28.8587646150722,372.933184899902,1.44134861732683e-09,30.9637523277329,0.4324413259687,1.76415724829321e-09,76.0472778099671,0.389800667051155,2.1322837928005e-09,2069.87702207573,0.193455402564342,1.07981630568752e-09,2783.38478373172,0.348936043839197,2.01935294160462e-09,1277.47086623078,0.308317557756025,85.8481602858041,25.284399136096,0.306703595894888,21.5789221744225,0.840419122406632,4.84374745154978,2.06865841857845,39.8212024711173,0.995327996512064,3.27539153860581,6.1570722624089,43.357449665635,0.792892037231393,26.5035138532612,5.09489387967703
280,320.733862838154,109.60221109,29.2773416379582,25.8787331756015,25.5279888932251,23.6947661046782,332.266606017866,1.57622629413669e-09,39.022102218904,0.437294934507414,1.84953959631546e-09,71.0474029993189,0.393453697364644,2.34299372734613e-09,2460.11949615013,0.192959608649063,8.1929915789591e-10,3296.39023956293,0.320600800021195,2.26514281163465e-09,1343.63965171054,0.313759659414072,80.2075343485732,32.4989343691347,0.368811916269951,28.6097584593805,0.862447837658828,4.59426832616086,4.15915378555846,36.6770363667904,0.93099850512373,6.30665314851778,6.20685880876659,36.1176985341339,0.914278500906208,29.1711829810549,7.55121764484486
280,320.733862838154,109.60221109,29.2773416379582,25.8787331756015,25.5279888932251,23.6947661046782,332.266606017866,1.57622629413669e-09,39.022102218904,0.437294934507414,1.84953959631546e-09,71.0474029993189,0.393453697364644,2.34299372734613e-09,2460.11949615013,0.192959608649063,8.1929915789591e-10,3296.39023956293,0.320600800021195,2.26514281163465e-09,1343.63965171054,0.313759659414072,80.2075343485732,32.4989343691347,0.368811916269951,28.6097584593805,0.862447837658828,4.59426832616086,4.15915378555846,36.6770363667904,0.93099850512373,6.30665314851778,6.20685880876659,36.1176985341339,0.914278500906208,29.1711829810549,7.55121764484486
281,303.326829543008,89.3481263555902,22.1264746160809,28.9307256946086,25.82175572706,21.1914051953495,369.983598688195,1.52328166308702e-09,30.9993590884986,0.452036270365335,1.64437865175055e-09,71.1075861514173,0.445109636567211,2.110432369085e-09,2458.10410557957,0.199015703675673,1.18799083354672e-09,3252.82949642543,0.361691604617636,2.2029551397111e-09,1504.10093038427,0.336581834853769,80.5171472591876,38.4245151508039,0.56622200489179,29.6181151730496,0.817018873310362,4.21833662129904,2.84978621060244,36.1907110287706,0.79732181899929,7.56706247944035,3.92517591479194,41.3082332595058,0.829032708530029,25.3739212436636,6.92414327536241
281,303.326829543008,89.3481263555902,22.1264746160809,28.9307256946086,25.82175572706,21.1914051953495,369.983598688195,1.52328166308702e-09,30.9993590884986,0.452036270365335,1.64437865175055e-09,71.1075861514173,0.445109636567211,2.110432369085e-09,2458.10410557957,0.199015703675673,1.18799083354672e-09,3252.82949642543,0.361691604617636,2.2029551397111e-09,1504.10093038427,0.336581834853769,80.5171472591876,38.4245151508039,0.56622200489179,29.6181151730496,0.817018873310362,4.21833662129904,2.84978621060244,36.1907110287706,0.79732181899929,7.56706247944035,3.92517591479194,41.3082332595058,0.829032708530029,25.3739212436636,6.92414327536241
282,348.017818277848,112.491151464622,28.7819724595489,21.653579617448,27.2459498888449,20.6314928637821,327.72246601721,1.58590656178073e-09,35.4542509368378,0.477478649188397,1.86209609911587e-09,67.7760972352227,0.415436581850739,2.5913098259208e-09,2334.65962659402,0.203419773496961,1.13577086488259e-09,3140.05176552843,0.353971164500641,2.32542852321351e-09,1308.51696561639,0.285960916397676,89.1645865600725,20.7361606424761,0.545667834661644,21.3635809027628,0.991261051745352,6.46466334556634,2.83574580872653,32.1618908412096,0.95690407288422,4.39449204670886,4.51904202676204,39.6212982886244,0.848475415796262,28.1515214721615,6.55495380960237
282,348.017818277848,112.491151464622,28.7819724595489,21.653579617448,27.2459498888449,20.6314928637821,327.72246601721,1.58590656178073e-09,35.4542509368378,0.477478649188397,1.86209609911587e-09,67.7760972352227,0.415436581850739,2.5913098259208e-09,2334.65962659402,0.203419773496961,1.13577086488259e-09,3140.05176552843,0.353971164500641,2.32542852321351e-09,1308.51696561639,0.285960916397676,89.1645865600725,20.7361606424761,0.545667834661644,21.3635809027628,0.991261051745352,6.46466334556634,2.83574580872653,32.1618908412096,0.95690407288422,4.39449204670886,4.51904202676204,39.6212982886244,0.848475415796262,28.1515214721615,6.55495380960237
283,303.291172359059,115.102963789863,24.0011930412334,27.4486667471755,27.6464467394735,22.5238206030571,328.548374500469,1.55174620103813e-09,34.4745419357616,0.431991494170032,1.83975871284232e-09,74.4890052115449,0.41950815298089,2.00105568927741e-09,2436.00938014373,0.20344082960793,8.76967250895808e-10,2557.88272575943,0.32900784049613,2.15347781121576e-09,1589.04006371502,0.318628265819873,109.270422007507,21.6402456694804,0.873828075819512,21.1414041502233,0.990833733571522,5.02696994888335,3.31387298868434,37.1613083608418,0.928607360887244,5.5117078447831,3.79947846990482,35.326513085905,0.917352505207583,29.3691972863314,7.32639459071223
283,303.291172359059,115.102963789863,24.0011930412334,27.4486667471755,27.6464467394735,22.5238206030571,328.548374500469,1.55174620103813e-09,34.4745419357616,0.431991494170032,1.83975871284232e-09,74.4890052115449,0.41950815298089,2.00105568927741e-09,2436.00938014373,0.20344082960793,8.76967250895808e-10,2557.88272575943,0.32900784049613,2.15347781121576e-09,1589.04006371502,0.318628265819873,109.270422007507,21.6402456694804,0.873828075819512,21.1414041502233,0.990833733571522,5.02696994888335,3.31387298868434,37.1613083608418,0.928607360887244,5.5117078447831,3.79947846990482,35.326513085905,0.917352505207583,29.3691972863314,7.32639459071223
284,383.422859166265,97.0465288100006,23.7397129912429,27.147664199296,21.3503412585332,29.9690248103894,327.704754483109,1.47599626876767e-09,35.3263971815773,0.449020529177492,1.75218945781125e-09,73.1161766395869,0.354236220455428,2.09978016653721e-09,2696.37991292794,0.211788541101387,1.16090255087349e-09,3411.15555774252,0.3771780704881,2.14681904514758e-09,1318.29584376465,0.309092189797426,103.178023145539,36.6082088400693,0.476051503536582,23.5379046307014,0.843102264384137,5.72900462730959,3.30458269347126,30.5520860375611,0.790102449432621,4.0293863497738,6.76076218712957,42.6825693553664,0.813962205877259,27.6181218439114,7.79467747682377
284,383.422859166265,97.0465288100006,23.7397129912429,27.147664199296,21.3503412585332,29.9690248103894,327.704754483109,1.47599626876767e-09,35.3263971815773,0.449020529177492,1.75218945781125e-09,73.1161766395869,0.354236220455428,2.09978016653721e-09,2696.37991292794,0.211788541101387,1.16090255087349e-09,3411.15555774252,0.3771780704881,2.14681904514758e-09,1318.29584376465,0.309092189797426,103.178023145539,36.6082088400693,0.476051503536582,23.5379046307014,0.843102264384137,5.72900462730959,3.30458269347126,30.5520860375611,0.790102449432621,4.0293863497738,6.76076218712957,42.6825693553664,0.813962205877259,27.6181218439114,7.79467747682377
285,338.119211526074,97.671387809578,23.7795150243359,26.8635667866885,24.8273774579105,29.3731771564676,309.878177923955,1.48966624506125e-09,35.0923373577119,0.42641634420233,1.76261925840395e-09,61.0427055099094,0.438205565832047,2.5090033907893e-09,2040.76504389205,0.193755749502458,1.06733039404956e-09,3289.6676211697,0.342361738204143,2.34891175834401e-09,1314.99532224794,0.296846813635789,83.5259188035013,20.4308830876012,0.375898756127159,20.8086719215558,0.892803553139933,5.53922845061295,3.6322636910408,34.491707739408,0.932335674705437,3.68749287595377,3.19396275515048,35.6995202361103,0.98668517949142,20.1724412602291,5.21764460725727
285,338.119211526074,97.671387809578,23.7795150243359,26.8635667866885,24.8273774579105,29.3731771564676,309.878177923955,1.48966624506125e-09,35.0923373577119,0.42641634420233,1.76261925840395e-09,61.0427055099094,0.438205565832047,2.5090033907893e-09,2040.76504389205,0.193755749502458,1.06733039404956e-09,3289.6676211697,0.342361738204143,2.34891175834401e-09,1314.99532224794,0.296846813635789,83.5259188035013,20.4308830876012,0.375898756127159,20.8086719215558,0.892803553139933,5.53922845061295,3.6322636910408,34.491707739408,0.932335674705437,3.68749287595377,3.19396275515048,35.6995202361103,0.98668517949142,20.1724412602291,5.21764460725727
286,376.873521125496,80.7975491665953,29.0692656950414,27.3755577311369,24.7316888448845,29.9738863106515,339.523161385539,1.71958670796667e-09,36.6625665041303,0.438293240503002,1.7598519059876e-09,65.8015322688619,0.355394863296213,2.4273675745565e-09,2433.24032379338,0.205193320685181,1.07469178313718e-09,3327.1243156167,0.310935493916964,2.14543496959427e-09,1525.56813553874,0.304775322299132,107.469783828201,38.8933404905908,0.165525291626508,28.5769182398982,0.798883395429228,5.72706994297106,3.88727734224723,33.580346660821,0.813440187557017,4.60075980624424,3.66334145931707,44.9819813839086,0.940823480029471,22.8150600909066,7.14591707913463
286,376.873521125496,80.7975491665953,29.0692656950414,27.3755577311369,24.7316888448845,29.9738863106515,339.523161385539,1.71958670796667e-09,36.6625665041303,0.438293240503002,1.7598519059876e-09,65.8015322688619,0.355394863296213,2.4273675745565e-09,2433.24032379338,0.205193320685181,1.07469178313718e-09,3327.1243156167,0.310935493916964,2.14543496959427e-09,1525.56813553874,0.304775322299132,107.469783828201,38.8933404905908,0.165525291626508,28.5769182398982,0.798883395429228,5.72706994297106,3.88727734224723,33.580346660821,0.813440187557017,4.60075980624424,3.66334145931707,44.9819813839086,0.940823480029471,22.8150600909066,7.14591707913463
287,309.151988791158,84.2510265702023,23.9218887579564,23.6965095081833,22.2955852579521,24.9331434115166,332.657059290203,1.4710605375519e-09,31.4361424443192,0.458311199527615,1.85291610885523e-09,69.1382368777854,0.423750972066088,2.38463163875034e-09,2336.43959678541,0.196286376018526,1.06887518595568e-09,2901.93017754642,0.37395392117434,2.18761237416379e-09,1395.94183784062,0.257356737725027,100.601058704055,24.6307697720486,0.998758675157801,28.0341721205045,0.939909467847817,7.04941053129333,4.51967377643471,32.9919895996835,0.983153434473678,7.0156839441128,5.46527121266661,42.5942140049311,0.803885178822594,25.6760689017169,4.64227582711741
287,309.151988791158,84.2510265702023,23.9218887579564,23.6965095081833,22.2955852579521,24.9331434115166,332.657059290203,1.4710605375519e-09,31.4361424443192,0.458311199527615,1.85291610885523e-09,69.1382368777854,0.423750972066088,2.38463163875034e-09,2336.43959678541,0.196286376018526,1.06887518595568e-09,2901.93017754642,0.37395392117434,2.18761237416379e-09,1395.94183784062,0.257356737725027,100.601058704055,24.6307697720486,0.998758675157801,28.0341721205045,0.939909467847817,7.04941053129333,4.51967377643471,32.9919895996835,0.983153434473678,7.0156839441128,5.46527121266661,42.5942140049311,0.803885178822594,25.6760689017169,4.64227582711741
288,368.039968908485,98.5588538705617,27.4716386538768,23.8094277332724,25.6799132094542,23.4014724537245,375.885342529119,1.54519866360154e-09,33.2837384729725,0.402397635940227,1.87421796326377e-09,68.0218985192846,0.441973919028084,2.17431710516336e-09,2247.42679452138,0.196881692561265,1.03771819492842e-09,2964.78236510654,0.323833469541044,2.10135848272725e-09,1524.82812647298,0.252280644277182,107.562908281969,33.434782713307,0.258319922300252,22.4589816235157,0.785894100408521,5.6418636974324,4.55940466769968,31.0944540338346,0.89497140210746,6.75187891344866,4.66965323623306,44.9901004822206,0.915539136955197,22.9197232696298,7.50536693727329
288,368.039968908485,98.5588538705617,27.4716386538768,23.8094277332724,25.6799132094542,23.4014724537245,375.885342529119,1.54519866360154e-09,33.2837384729725,0.402397635940227,1.87421796326377e-09,68.0218985192846,0.441973919028084,2.17431710516336e-09,2247.42679452138,0.196881692561265,1.03771819492842e-09,2964.78236510654,0.323833469541044,2.10135848272725e-09,1524.82812647298,0.252280644277182,107.562908281969,33.434782713307,0.258319922300252,22.4589816235157,0.785894100408521,5.6418636974324,4.55940466769968,31.0944540338346,0.89497140210746,6.75187891344866,4.66965323623306,44.9901004822206,0.915539136955197,22.9197232696298,7.50536693727329
289,358.367679715093,87.0183337899642,29.1340145886672,23.780780919476,25.8390431640703,24.9535565554728,379.332517340339,1.68995211366761e-09,31.46567973247,0.416755500404856,1.63117314186412e-09,74.612120044224,0.434523099835357,2.54360130908871e-09,2725.07186521599,0.194931832340106,1.09225541518262e-09,2995.37847442569,0.303742519388713,2.26514768909164e-09,1384.45872718089,0.331259667335834,109.06035311392,37.3476043527855,0.632418657712603,27.0129647736749,0.863061500674995,6.60874881023597,2.25375691817789,33.6188033719315,0.979703520535429,7.79030199294967,3.70622936528264,35.4592094498236,0.877666004295143,29.0894775983524,6.27382887994732
289,358.367679715093,87.0183337899642,29.1340145886672,23.780780919476,25.8390431640703,24.9535565554728,379.332517340339,1.68995211366761e-09,31.46567973247,0.416755500404856,1.63117314186412e-09,74.612120044224,0.434523099835357,2.54360130908871e-09,2725.07186521599,0.194931832340106,1.09225541518262e-09,2995.37847442569,0.303742519388713,2.26514768909164e-09,1384.45872718089,0.331259667335834,109.06035311392,37.3476043527855,0.632418657712603,27.0129647736749,0.863061500674995,6.60874881023597,2.25375691817789,33.6188033719315,0.979703520535429,7.79030199294967,3.70622936528264,35.4592094498236,0.877666004295143,29.0894775983524,6.27382887994732
290,346.942129567548,95.7916180596502,29.564016330198,20.2166923696958,28.4009851210725,25.8729643692274,342.929177310878,1.75634736132905e-09,39.6410931919845,0.437920215574858,1.98832893734963e-09,68.9192713328859,0.353588603115913,2.50869425789395e-09,2252.97171638982,0.181097596923919,9.2093708667286e-10,3012.9425663993,0.328183001380033,2.1263976044361e-09,1422.89672171731,0.333024135579297,85.325966271434,23.7148537438155,0.862237327379486,29.1345068684497,0.85165906246854,4.17583540214689,4.31953831250804,30.557556661499,0.804028821404173,4.67840061154178,5.75454476312807,41.9132913317994,0.93678730241364,21.6536535456714,4.6755580806499
290,346.942129567548,95.7916180596502,29.564016330198,20.2166923696958,28.4009851210725,25.8729643692274,342.929177310878,1.75634736132905e-09,39.6410931919845,0.437920215574858,1.98832893734963e-09,68.9192713328859,0.353588603115913,2.50869425789395e-09,2252.97171638982,0.181097596923919,9.2093708667286e-10,3012.9425663993,0.328183001380033,2.1263976044361e-09,1422.89672171731,0.333024135579297,85.325966271434,23.7148537438155,0.862237327379486,29.1345068684497,0.85165906246854,4.17583540214689,4.31953831250804,30.557556661499,0.804028821404173,4.67840061154178,5.75454476312807,41.9132913317994,0.93678730241364,21.6536535456714,4.6755580806499
291,307.982941743001,110.229987078505,27.1403593025509,28.2442798413391,29.3747083928946,20.2558947768957,387.429586626851,1.61193918496004e-09,36.1767299081635,0.462855587107335,1.72719933331211e-09,77.5772025918102,0.434183332321954,2.05285367130554e-09,2694.37148932783,0.213511542568968,1.00214649812013e-09,2958.48860005073,0.331892383371172,2.27339312299833e-09,1585.88569187662,0.302938249136801,98.4751751498296,38.2079281732283,0.279625629447512,28.1151421843431,0.934334576785366,4.09278755343022,4.61075898735945,37.6633242254647,0.817814985565774,3.08415168060158,3.54632630628666,35.6505074266588,0.912037219815389,21.8250424363905,4.50448858036557
291,307.982941743001,110.229987078505,27.1403593025509,28.2442798413391,29.3747083928946,20.2558947768957,387.429586626851,1.61193918496004e-09,36.1767299081635,0.462855587107335,1.72719933331211e-09,77.5772025918102,0.434183332321954,2.05285367130554e-09,2694.37148932783,0.213511542568968,1.00214649812013e-09,2958.48860005073,0.331892383371172,2.27339312299833e-09,1585.88569187662,0.302938249136801,98.4751751498296,38.2079281732283,0.279625629447512,28.1151421843431,0.934334576785366,4.09278755343022,4.61075898735945,37.6633242254647,0.817814985565774,3.08415168060158,3.54632630628666,35.6505074266588,0.912037219815389,21.8250424363905,4.50448858036557
292,320.939381255152,103.553641083573,29.3219994419122,23.7456408004728,26.7836042493675,25.870102515937,397.809985288222,1.77166055771392e-09,37.5080362185766,0.467881249318088,1.63765455365553e-09,64.8299760457759,0.371377613039327,2.17030180489156e-09,2251.54347875847,0.198882364562191,8.70354862493878e-10,2531.82565150952,0.325843099879036,2.29319047610906e-09,1486.38744147249,0.271697917379787,82.6600253689449,30.8234556356083,0.30934843747527,24.3328729027813,0.969174730440003,4.18869345564266,3.93190619018526,38.118271589417,0.828760097191325,7.2664816579654,3.28763195579997,38.7862412365746,0.856451347747317,25.7121937458853,4.63503040795426
292,320.939381255152,103.553641083573,29.3219994419122,23.7456408004728,26.7836042493675,25.870102515937,397.809985288222,1.77166055771392e-09,37.5080362185766,0.467881249318088,1.63765455365553e-09,64.8299760457759,0.371377613039327,2.17030180489156e-09,2251.54347875847,0.198882364562191,8.70354862493878e-10,2531.82565150952,0.325843099879036,2.29319047610906e-09,1486.38744147249,0.271697917379787,82.6600253689449,30.8234556356083,0.30934843747527,24.3328729027813,0.969174730440003,4.18869345564266,3.93190619018526,38.118271589417,0.828760097191325,7.2664816579654,3.28763195579997,38.7862412365746,0.856451347747317,25.7121937458853,4.63503040795426
293,357.415674054272,112.460963556012,25.4656333268275,21.2144524439548,25.7275922143484,24.5643755923129,369.439379742289,1.48287247199635e-09,34.3493594821005,0.423575867625787,1.64085352812232e-09,65.0939615105099,0.38374883989063,2.16853315703839e-09,2384.29034782231,0.189068803118134,9.12327744482926e-10,3083.84002748875,0.317361938676306,2.09296164580464e-09,1529.27623951987,0.341840177616299,105.417903722654,37.2719633050085,0.390349526676086,20.1057852692306,0.801126516435675,7.0613592093547,2.71978754747709,36.2204001776615,0.975479349876135,7.08868839883436,5.25967584049202,35.294290049605,0.881786952666312,26.8847974280712,7.92785030580431
293,357.415674054272,112.460963556012,25.4656333268275,21.2144524439548,25.7275922143484,24.5643755923129,369.439379742289,1.48287247199635e-09,34.3493594821005,0.423575867625787,1.64085352812232e-09,65.0939615105099,0.38374883989063,2.16853315703839e-09,2384.29034782231,0.189068803118134,9.12327744482926e-10,3083.84002748875,0.317361938676306,2.09296164580464e-09,1529.27623951987,0.341840177616299,105.417903722654,37.2719633050085,0.390349526676086,20.1057852692306,0.801126516435675,7.0613592093547,2.71978754747709,36.2204001776615,0.975479349876135,7.08868839883436,5.25967584049202,35.294290049605,0.881786952666312,26.8847974280712,7.92785030580431
294,339.475752069825,107.572276588712,23.2564214678838,22.995355191891,25.975671570077,29.928215675994,355.665245293259,1.57625612003307e-09,39.0841791574532,0.431635683715811,1.78325884168891e-09,66.0608655993254,0.401518984655406,2.20880073780803e-09,2099.95934148835,0.209456830082811,9.75808179490023e-10,3207.31418857935,0.360632866678658,2.33435553413012e-09,1530.05174147898,0.28704498496959,95.6551633093546,35.1503629004536,0.122909213499213,26.9961218290506,0.897226992841251,7.41273024502923,3.25638045731701,38.1555116432255,0.942636147383237,5.55473114655845,5.08392754641908,43.3261156175207,0.899360251965654,28.8031050602487,7.23656177640476
294,339.475752069825,107.572276588712,23.2564214678838,22.995355191891,25.975671570077,29.928215675994,355.665245293259,1.57625612003307e-09,39.0841791574532,0.431635683715811,1.78325884168891e-09,66.0608655993254,0.401518984655406,2.20880073780803e-09,2099.95934148835,0.209456830082811,9.75808179490023e-10,3207.31418857935,0.360632866678658,2.33435553413012e-09,1530.05174147898,0.28704498496959,95.6551633093546,35.1503629004536,0.122909213499213,26.9961218290506,0.897226992841251,7.41273024502923,3.25638045731701,38.1555116432255,0.942636147383237,5.55473114655845,5.08392754641908,43.3261156175207,0.899360251965654,28.8031050602487,7.23656177640476
295,347.086936080404,91.3680729466447,25.7320108460593,24.6879371232564,25.5564536500698,27.1113750388784,322.171143228702,1.76776443358133e-09,39.0965674325183,0.479848799298855,1.77290878722415e-09,61.9350976574386,0.356470357584731,2.31189870804029e-09,2444.56921600019,0.186727047593646,9.45409503236507e-10,3402.60833465845,0.388205165667139,2.00019489257882e-09,1446.20960682563,0.347699642059193,80.8028995194873,21.463158526515,0.0522858503211847,28.4459324801261,0.993986473673884,6.57405900317339,2.47934868520066,37.8462668258984,0.805598399464945,5.98533540721728,5.88510172457542,39.0274082727531,0.945985277049006,23.8265456882127,7.03071646395624
295,347.086936080404,91.3680729466447,25.7320108460593,24.6879371232564,25.5564536500698,27.1113750388784,322.171143228702,1.76776443358133e-09,39.0965674325183,0.479848799298855,1.77290878722415e-09,61.9350976574386,0.356470357584731,2.31189870804029e-09,2444.56921600019,0.186727047593646,9.45409503236507e-10,3402.60833465845,0.388205165667139,2.00019489257882e-09,1446.20960682563,0.347699642059193,80.8028995194873,21.463158526515,0.0522858503211847,28.4459324801261,0.993986473673884,6.57405900317339,2.47934868520066,37.8462668258984,0.805598399464945,5.98533540721728,5.88510172457542,39.0274082727531,0.945985277049006,23.8265456882127,7.03071646395624
296,324.920418895932,113.533286631532,20.9860256561523,23.1921947082164,21.4285543006814,22.3982773620184,309.508642231425,1.47936020297575e-09,38.6222756505278,0.456481491495059,1.81035658855449e-09,75.4766135475125,0.39568396059371,2.04307883144792e-09,2134.40394223799,0.213853866820092,1.03545674019444e-09,3118.88158485479,0.375910099788985,2.34139689713671e-09,1418.54788399099,0.328225578469717,109.14724351765,30.8955102925957,0.0996163615777739,25.4074876298294,0.911579166695454,4.77366627659021,2.14094684375323,32.2866811330852,0.879930870415257,6.22746081942836,4.62054068156105,40.8182834243937,0.849989361249146,23.8647436196921,7.91128618814432
296,324.920418895932,113.533286631532,20.9860256561523,23.1921947082164,21.4285543006814,22.3982773620184,309.508642231425,1.47936020297575e-09,38.6222756505278,0.456481491495059,1.81035658855449e-09,75.4766135475125,0.39568396059371,2.04307883144792e-09,2134.40394223799,0.213853866820092,1.03545674019444e-09,3118.88158485479,0.375910099788985,2.34139689713671e-09,1418.54788399099,0.328225578469717,109.14724351765,30.8955102925957,0.0996163615777739,25.4074876298294,0.911579166695454,4.77366627659021,2.14094684375323,32.2866811330852,0.879930870415257,6.22746081942836,4.62054068156105,40.8182834243937,0.849989361249146,23.8647436196921,7.91128618814432
297,338.142958483068,111.267892650234,21.8994337412481,25.47440472295,23.4667081169788,26.4712589790988,352.936383311723,1.63052373017245e-09,39.9199745393212,0.476619634025286,1.90139201584609e-09,64.3167003951651,0.370744828344761,2.17562137612626e-09,2093.0886351563,0.195663240620546,1.11824768193262e-09,3224.05290126277,0.373229178874205,2.38924441412303e-09,1504.64823046613,0.303127927931804,97.9390064552403,34.6812424322142,0.488286370729899,25.5200482465919,0.789954915062308,7.77700513429579,3.73279116721281,39.5477503055893,0.800278682460118,7.78749257593584,5.98738029063972,42.7209704983568,0.846710473069272,23.2714671945209,6.02417781187286
297,338.142958483068,111.267892650234,21.8994337412481,25.47440472295,23.4667081169788,26.4712589790988,352.936383311723,1.63052373017245e-09,39.9199745393212,0.476619634025286,1.90139201584609e-09,64.3167003951651,0.370744828344761,2.17562137612626e-09,2093.0886351563,0.195663240620546,1.11824768193262e-09,3224.05290126277,0.373229178874205,2.38924441412303e-09,1504.64823046613,0.303127927931804,97.9390064552403,34.6812424322142,0.488286370729899,25.5200482465919,0.789954915062308,7.77700513429579,3.73279116721281,39.5477503055893,0.800278682460118,7.78749257593584,5.98738029063972,42.7209704983568,0.846710473069272,23.2714671945209,6.02417781187286
298,385.817253575188,89.2692411034763,20.9064871255975,28.4669347312382,24.2944977022557,25.273168344834,311.459710083232,1.51906605242624e-09,32.5718839208185,0.461496678595238,1.73493770311882e-09,78.5547083770302,0.360866542823253,2.13716067301231e-09,2560.26301944476,0.18514623547694,8.36218464000292e-10,3113.15894506566,0.35667413164001,2.1772272915706e-09,1323.91133130916,0.344976238412388,112.940302071605,33.3382378938773,0.495741072176081,27.5478273587562,0.836784028759685,3.19329307800437,3.90308543350699,33.011370805269,0.853842971812773,3.18996932065739,4.23540040639021,43.5193735086225,0.824311976065794,28.0766018496762,7.49185756991361
298,385.817253575188,89.2692411034763,20.9064871255975,28.4669347312382,24.2944977022557,25.273168344834,311.459710083232,1.51906605242624e-09,32.5718839208185,0.461496678595238,1.73493770311882e-09,78.5547083770302,0.360866542823253,2.13716067301231e-09,2560.26301944476,0.18514623547694,8.36218464000292e-10,3113.15894506566,0.35667413164001,2.1772272915706e-09,1323.91133130916,0.344976238412388,112.940302071605,33.3382378938773,0.495741072176081,27.5478273587562,0.836784028759685,3.19329307800437,3.90308543350699,33.011370805269,0.853842971812773,3.18996932065739,4.23540040639021,43.5193735086225,0.824311976065794,28.0766018496762,7.49185756991361
299,349.700600758804,107.596904740468,21.0344827352241,24.7736692793189,23.1755041086046,21.7221298378695,357.530144605689,1.61888557887114e-09,35.0224937832673,0.479238868249821,1.86142937607142e-09,67.277589352152,0.352849512110945,2.26672276375966e-09,2547.85347481176,0.183213185426322,1.03739629379271e-09,2887.91952441493,0.372942141767859,2.02825637262278e-09,1336.14034665126,0.319752414221566,94.3966525188937,27.8403058958539,0.449276777379102,24.142012243212,0.781158912342993,7.76281717868772,4.53491662203304,34.1538702215524,0.996553265027344,3.26752942451753,3.15507950576137,41.9647762076178,0.883690078233963,23.0913204979235,5.20541043322442
299,349.700600758804,107.596904740468,21.0344827352241,24.7736692793189,23.1755041086046,21.7221298378695,357.530144605689,1.61888557887114e-09,35.0224937832673,0.479238868249821,1.86142937607142e-09,67.277589352152,0.352849512110945,2.26672276375966e-09,2547.85347481176,0.183213185426322,1.03739629379271e-09,2887.91952441493,0.372942141767859,2.02825637262278e-09,1336.14034665126,0.319752414221566,94.3966525188937,27.8403058958539,0.449276777379102,24.142012243212,0.781158912342993,7.76281717868772,4.53491662203304,34.1538702215524,0.996553265027344,3.26752942451753,3.15507950576137,41.9647762076178,0.883690078233963,23.0913204979235,5.20541043322442
300,300.473362857096,117.806121368139,20.6906450320314,27.1422451984656,24.8607668721486,21.4887836156491,387.852564425903,1.437218451993e-09,37.1523765874841,0.435753869567597,1.85003969450199e-09,71.9266675020741,0.445231336925312,2.25624072125424e-09,2226.50719736161,0.19280881590009,9.46146253816453e-10,3494.8783341921,0.310538281022121,2.02398982076374e-09,1545.25641860416,0.304201735597105,100.20016413017,25.57525601327,0.490536863324087,24.1850827132214,0.924949232755618,6.19708859859622,4.18370064288141,32.3361215961286,0.834679575340911,5.92722875472927,4.36704814749763,37.0217087626214,0.865142457724673,22.1379950971143,4.03255905227395
300,300.473362857096,117.806121368139,20.6906450320314,27.1422451984656,24.8607668721486,21.4887836156491,387.852564425903,1.437218451993e-09,37.1523765874841,0.435753869567597,1.85003969450199e-09,71.9266675020741,0.445231336925312,2.25624072125424e-09,2226.50719736161,0.19280881590009,9.46146253816453e-10,3494.8783341921,0.310538281022121,2.02398982076374e-09,1545.25641860416,0.304201735597105,100.20016413017,25.57525601327,0.490536863324087,24.1850827132214,0.924949232755618,6.19708859859622,4.18370064288141,32.3361215961286,0.834679575340911,5.92722875472927,4.36704814749763,37.0217087626214,0.865142457724673,22.1379950971143,4.03255905227395
301,358.924298866027,89.8090790628376,25.0278185919017,25.1002870310664,25.2694209387913,23.1053844658775,339.821134503489,1.58421048127306e-09,36.3896836822782,0.454286815808693,1.71543356013444e-09,71.0422507230848,0.425653842252082,2.10982712839247e-09,2073.81446325305,0.187532566440382,8.21954861505957e-10,2612.32376652355,0.386667717241169,2.07052152751484e-09,1322.30353849406,0.255617245494839,89.9340800887176,38.1305379015205,0.807251337238694,27.3939378591074,0.879447806506411,5.01715352864511,4.40799721430651,30.7121430252508,0.848438068753099,7.49531838423889,4.30277355335418,36.6434864142409,0.854527150837006,22.2632202235695,6.53809886624918
301,358.924298866027,89.8090790628376,25.0278185919017,25.1002870310664,25.2694209387913,23.1053844658775,339.821134503489,1.58421048127306e-09,36.3896836822782,0.454286815808693,1.71543356013444e-09,71.0422507230848,0.425653842252082,2.10982712839247e-09,2073.81446325305,0.187532566440382,8.21954861505957e-10,2612.32376652355,0.386667717241169,2.07052152751484e-09,1322.30353849406,0.255617245494839,89.9340800887176,38.1305379015205,0.807251337238694,27.3939378591074,0.879447806506411,5.01715352864511,4.40799721430651,30.7121430252508,0.848438068753099,7.49531838423889,4.30277355335418,36.6434864142409,0.854527150837006,22.2632202235695,6.53809886624918
302,394.869587204915,116.158946721272,21.5497780288195,28.8512988424824,21.6237808181966,28.9743564076153,329.817690813625,1.59778836995278e-09,39.3793321238564,0.426515480386062,1.66401858428665e-09,73.5643210730161,0.359109850355997,2.34577872309189e-09,2345.3816214265,0.199227492804498,1.09853135550544e-09,3078.01044506572,0.319369452990176,2.08835101326086e-09,1262.57803436895,0.33023753747264,98.8920426344361,36.4978913222932,0.150277725805678,21.1050805969194,0.935605952187117,6.06929575691344,2.37382910664887,31.0747893930609,0.83733007362679,5.02693599315262,3.54835218580952,38.9325776435111,0.993057887635862,23.0225032321505,4.38606052864297
302,394.869587204915,116.158946721272,21.5497780288195,28.8512988424824,21.6237808181966,28.9743564076153,329.817690813625,1.59778836995278e-09,39.3793321238564,0.426515480386062,1.66401858428665e-09,73.5643210730161,0.359109850355997,2.34577872309189e-09,2345.3816214265,0.199227492804498,1.09853135550544e-09,3078.01044506572,0.319369452990176,2.08835101326086e-09,1262.57803436895,0.33023753747264,98.8920426344361,36.4978913222932,0.150277725805678,21.1050805969194,0.935605952187117,6.06929575691344,2.37382910664887,31.0747893930609,0.83733007362679,5.02693599315262,3.54835218580952,38.9325776435111,0.993057887635862,23.0225032321505,4.38606052864297
303,385.542112079305,108.97063583546,21.9095792844211,20.0921805553029,22.5269636497383,22.8691255042137,379.23807591141,1.73986050278864e-09,39.6510318861223,0.45650997407921,1.60224930181058e-09,78.0702886719723,0.352995047582417,2.33298658968223e-09,2002.10493175677,0.200197874706455,9.46505627651338e-10,3183.9533887705,0.308566647291999,2.21337180101512e-09,1599.84010591262,0.255880443055736,107.901795998762,34.4325030230366,0.808115833260528,21.216189422461,0.840497877091001,5.13204831754806,3.65229025650936,37.000202831101,0.953353211274491,7.44102649753078,4.76871963717423,36.1710475084551,0.992172388961485,23.6809183719433,6.08644043942673
303,385.542112079305,108.97063583546,21.9095792844211,20.0921805553029,22.5269636497383,22.8691255042137,379.23807591141,1.73986050278864e-09,39.6510318861223,0.45650997407921,1.60224930181058e-09,78.0702886719723,0.352995047582417,2.33298658968223e-09,2002.10493175677,0.200197874706455,9.46505627651338e-10,3183.9533887705,0.308566647291999,2.21337180101512e-09,1599.84010591262,0.255880443055736,107.901795998762,34.4325030230366,0.808115833260528,21.216189422461,0.840497877091001,5.13204831754806,3.65229025650936,37.000202831101,0.953353211274491,7.44102649753078,4.76871963717423,36.1710475084551,0.992172388961485,23.6809183719433,6.08644043942673
304,362.451112224272,102.053107009454,27.8395338878181,27.483320653713,24.027692188688,25.1636001339248,350.481205634906,1.6200938864468e-09,36.3732846688096,0.416793047594939,1.69625350242568e-09,77.071074456549,0.434258914542783,2.48187630777337e-09,2291.79984423892,0.215519715510134,8.66647982134439e-10,2507.7818437134,0.375895813086643,2.0661251498299e-09,1379.80278917293,0.272310414640371,119.996114878885,27.8111377237922,0.246144763650954,24.3124690723087,0.795164255042145,7.17224749039289,4.8922518021911,34.4570565112562,0.818192908393203,6.39267016452011,5.87666893213556,41.2376890308614,0.927092122819292,23.6126461522035,4.17733965839115
304,362.451112224272,102.053107009454,27.8395338878181,27.483320653713,24.027692188688,25.1636001339248,350.481205634906,1.6200938864468e-09,36.3732846688096,0.416793047594939,1.69625350242568e-09,77.071074456549,0.434258914542783,2.48187630777337e-09,2291.79984423892,0.215519715510134,8.66647982134439e-10,2507.7818437134,0.375895813086643,2.0661251498299e-09,1379.80278917293,0.272310414640371,119.996114878885,27.8111377237922,0.246144763650954,24.3124690723087,0.795164255042145,7.17224749039289,4.8922518021911,34.4570565112562,0.818192908393203,6.39267016452011,5.87666893213556,41.2376890308614,0.927092122819292,23.6126461522035,4.17733965839115
305,363.930834021238,86.6706510746187,23.8697712336727,24.3831586873131,22.2034933416145,24.1993496501946,386.404532168663,1.62355128303627e-09,33.2247807976742,0.440266579537891,1.71015690963844e-09,66.8777934935978,0.367096695980491,2.02903582665466e-09,2431.96745090974,0.202324660663622,1.00180082777452e-09,2712.85527728639,0.348528969258891,2.36681158163007e-09,1574.03388128049,0.286906397518672,112.377780465643,28.544491721437,0.106547245331075,25.304317904536,0.802420569154928,6.60024046842717,2.19284217492888,37.2497717495247,0.995453291333208,5.28706384195055,5.29187395267296,39.1866872322095,0.829220186005459,27.5997333277763,5.84142526282928
305,363.930834021238,86.6706510746187,23.8697712336727,24.3831586873131,22.2034933416145,24.1993496501946,386.404532168663,1.62355128303627e-09,33.2247807976742,0.440266579537891,1.71015690963844e-09,66.8777934935978,0.367096695980491,2.02903582665466e-09,2431.96745090974,0.202324660663622,1.00180082777452e-09,2712.85527728639,0.348528969258891,2.36681158163007e-09,1574.03388128049,0.286906397518672,112.377780465643,28.544491721437,0.106547245331075,25.304317904536,0.802420569154928,6.60024046842717,2.19284217492888,37.2497717495247,0.995453291333208,5.28706384195055,5.29187395267296,39.1866872322095,0.829220186005459,27.5997333277763,5.84142526282928
306,303.859006770176,117.286659998369,22.8032801600327,29.5774792882232,26.4291567656426,28.932515491942,339.353858319715,1.40402434585761e-09,31.958380234546,0.460541969039276,1.8869847758543e-09,67.5963379611094,0.350480866341531,2.22496838087778e-09,2304.15548425257,0.212048092189411,8.1572991885448e-10,2616.08956959474,0.348892330822245,2.08752528862444e-09,1246.05073409568,0.27760148885031,116.158464645107,29.5398727160707,0.374143543505046,22.5824291749231,0.849507661085523,4.46941175091086,2.9626230111373,35.7793430703455,0.809631975733874,6.19621503528752,3.75068605324021,44.5979692684702,0.817517096574321,29.8308671916796,4.8512515210968
306,303.859006770176,117.286659998369,22.8032801600327,29.5774792882232,26.4291567656426,28.932515491942,339.353858319715,1.40402434585761e-09,31.958380234546,0.460541969039276,1.8869847758543e-09,67.5963379611094,0.350480866341531,2.22496838087778e-09,2304.15548425257,0.212048092189411,8.1572991885448e-10,2616.08956959474,0.348892330822245,2.08752528862444e-09,1246.05073409568,0.27760148885031,116.158464645107,29.5398727160707,0.374143543505046,22.5824291749231,0.849507661085523,4.46941175091086,2.9626230111373,35.7793430703455,0.809631975733874,6.19621503528752,3.75068605324021,44.5979692684702,0.817517096574321,29.8308671916796,4.8512515210968
307,307.669753690412,107.864042479179,23.1464884417728,29.803115515322,27.7737320295311,28.4549396386786,394.219091986331,1.70623279105978e-09,37.3733058993294,0.430833456339875,1.87584848645234e-09,72.3285986290231,0.433760439865806,2.5942489989154e-09,2122.00868497075,0.189103440722823,1.02666271103238e-09,3008.1810844195,0.354876349715015,2.08716144432001e-09,1499.05143911403,0.28293369231057,95.2145727671196,30.2544433018584,0.459435786073492,28.067641355794,0.986730734469822,7.3191483702026,3.27511800596964,37.3681007645952,0.949189903535666,5.29421450252296,4.75270178672209,39.5653912359396,0.864101093985084,27.3334701538436,7.83012478538585
307,307.669753690412,107.864042479179,23.1464884417728,29.803115515322,27.7737320295311,28.4549396386786,394.219091986331,1.70623279105978e-09,37.3733058993294,0.430833456339875,1.87584848645234e-09,72.3285986290231,0.433760439865806,2.5942489989154e-09,2122.00868497075,0.189103440722823,1.02666271103238e-09,3008.1810844195,0.354876349715015,2.08716144432001e-09,1499.05143911403,0.28293369231057,95.2145727671196,30.2544433018584,0.459435786073492,28.067641355794,0.986730734469822,7.3191483702026,3.27511800596964,37.3681007645952,0.949189903535666,5.29421450252296,4.75270178672209,39.5653912359396,0.864101093985084,27.3334701538436,7.83012478538585
308,397.685172036331,114.210781200855,22.1070648455043,24.415381932781,20.7357516244093,27.6821939020294,380.835481299569,1.53017059327444e-09,38.6386743833485,0.41567690036286,1.62131508722329e-09,65.0866350401162,0.38355562497743,2.29961976197248e-09,2350.0127628481,0.197739081774662,1.00148923936153e-09,2839.50831754823,0.399793934300177,2.211318197992e-09,1588.84938443352,0.348707459721911,83.1812722310024,26.9643267173443,0.82910441630934,27.4222356887186,0.972360359897483,4.71287025199581,2.09805391141841,35.9847438771199,0.853920492976585,4.15895011519166,5.94576086889133,35.0059240730819,0.814726427179804,24.0539291443001,5.22406887379159
308,397.685172036331,114.210781200855,22.1070648455043,24.415381932781,20.7357516244093,27.6821939020294,380.835481299569,1.53017059327444e-09,38.6386743833485,0.41567690036286,1.62131508722329e-09,65.0866350401162,0.38355562497743,2.29961976197248e-09,2350.0127628481,0.197739081774662,1.00148923936153e-09,2839.50831754823,0.399793934300177,2.211318197992e-09,1588.84938443352,0.348707459721911,83.1812722310024,26.9643267173443,0.82910441630934,27.4222356887186,0.972360359897483,4.71287025199581,2.09805391141841,35.9847438771199,0.853920492976585,4.15895011519166,5.94576086889133,35.0059240730819,0.814726427179804,24.0539291443001,5.22406887379159
309,374.733722705215,104.670153357208,27.2210960027329,22.4571689144517,25.3002610441371,20.7310089701614,387.995366297804,1.77721242680326e-09,33.3718661810222,0.476175111874405,1.93299461362673e-09,72.1849847957163,0.409738266531476,2.53005671668477e-09,2403.21706472745,0.192718791191768,1.05103427346563e-09,2834.54146489851,0.323381703292431,2.27189012442573e-09,1331.48870469118,0.278217891018761,108.017950036694,28.180875319712,0.223505791686711,24.1121064295508,0.993912304116987,4.05059517398472,4.55886296719614,37.9892341825118,0.85105917193498,5.37043219316546,6.78707081979828,39.931124355698,0.838651368277391,21.4525581500926,5.20936754913127
309,374.733722705215,104.670153357208,27.2210960027329,22.4571689144517,25.3002610441371,20.7310089701614,387.995366297804,1.77721242680326e-09,33.3718661810222,0.476175111874405,1.93299461362673e-09,72.1849847957163,0.409738266531476,2.53005671668477e-09,2403.21706472745,0.192718791191768,1.05103427346563e-09,2834.54146489851,0.323381703292431,2.27189012442573e-09,1331.48870469118,0.278217891018761,108.017950036694,28.180875319712,0.223505791686711,24.1121064295508,0.993912304116987,4.05059517398472,4.55886296719614,37.9892341825118,0.85105917193498,5.37043219316546,6.78707081979828,39.931124355698,0.838651368277391,21.4525581500926,5.20936754913127
310,386.177800883745,119.125255333241,28.0631725083649,20.383728083939,23.7234247155713,24.3390609758873,352.001785199551,1.68322442859878e-09,36.2403071734303,0.419123090659699,1.71687552897084e-09,63.3502257434919,0.411830018683842,2.1546640306388e-09,2032.18355466933,0.205913918597605,1.00533955040631e-09,2830.03596666129,0.358539698625885,2.10481378104846e-09,1517.02618146155,0.287122013416631,115.802283594514,33.0212778941822,0.943663267713537,23.2017031924222,0.959512106064238,3.9647124706372,3.59609294365715,38.0508744821567,0.857846004137095,5.12502689560466,6.98215533547263,41.9681394548998,0.83886475303984,24.935729025167,4.06188722596001
310,386.177800883745,119.125255333241,28.0631725083649,20.383728083939,23.7234247155713,24.3390609758873,352.001785199551,1.68322442859878e-09,36.2403071734303,0.419123090659699,1.71687552897084e-09,63.3502257434919,0.411830018683842,2.1546640306388e-09,2032.18355466933,0.205913918597605,1.00533955040631e-09,2830.03596666129,0.358539698625885,2.10481378104846e-09,1517.02618146155,0.287122013416631,115.802283594514,33.0212778941822,0.943663267713537,23.2017031924222,0.959512106064238,3.9647124706372,3.59609294365715,38.0508744821567,0.857846004137095,5.12502689560466,6.98215533547263,41.9681394548998,0.83886475303984,24.935729025167,4.06188722596001
311,314.019575320185,99.2141900005805,26.1179320290416,22.6891694230139,26.3906753120272,27.5509901531252,330.991342165339,1.60659566236693e-09,30.4151929395267,0.425681494342197,1.60804638826199e-09,70.1124997545102,0.429961762704522,2.21408791950681e-09,2316.71641291949,0.182122751807056,1.16094545786287e-09,2680.70402887768,0.378180551837415,2.02195766815995e-09,1459.52610738054,0.31793734119695,111.58190892487,34.9021586241318,0.985733317050202,22.0831740036501,0.783232570645919,6.52558304932807,2.94670461701252,37.0313370048148,0.860003041765898,4.507400059092,4.04371177419534,44.3078318133529,0.813720565760215,21.5720092133265,6.8918086384402
311,314.019575320185,99.2141900005805,26.1179320290416,22.6891694230139,26.3906753120272,27.5509901531252,330.991342165339,1.60659566236693e-09,30.4151929395267,0.425681494342197,1.60804638826199e-09,70.1124997545102,0.429961762704522,2.21408791950681e-09,2316.71641291949,0.182122751807056,1.16094545786287e-09,2680.70402887768,0.378180551837415,2.02195766815995e-09,1459.52610738054,0.31793734119695,111.58190892487,34.9021586241318,0.985733317050202,22.0831740036501,0.783232570645919,6.52558304932807,2.94670461701252,37.0313370048148,0.860003041765898,4.507400059092,4.04371177419534,44.3078318133529,0.813720565760215,21.5720092133265,6.8918086384402
312,378.718580766776,103.904634013418,22.6809673386824,29.7464492447951,29.8521051555175,28.9243501759349,338.232170637936,1.78823310898989e-09,32.4070772608997,0.405683393841527,1.64270157490197e-09,66.1784279670494,0.442507459642287,2.58845460836925e-09,2417.8958319585,0.190895504159454,1.03138477459416e-09,3382.78638862203,0.362516086969427,2.10073938449691e-09,1590.27805041222,0.28410644596064,85.0686343188026,22.827758939617,0.12776256359179,20.4664871263569,0.82221633101905,4.93093673625325,4.76235552004341,37.8807907095144,0.952340069125273,7.87800408481963,5.5571967770578,42.3033009172015,0.821522670953565,26.9991122329049,5.20580169447012
312,378.718580766776,103.904634013418,22.6809673386824,29.7464492447951,29.8521051555175,28.9243501759349,338.232170637936,1.78823310898989e-09,32.4070772608997,0.405683393841527,1.64270157490197e-09,66.1784279670494,0.442507459642287,2.58845460836925e-09,2417.8958319585,0.190895504159454,1.03138477459416e-09,3382.78638862203,0.362516086969427,2.10073938449691e-09,1590.27805041222,0.28410644596064,85.0686343188026,22.827758939617,0.12776256359179,20.4664871263569,0.82221633101905,4.93093673625325,4.76235552004341,37.8807907095144,0.952340069125273,7.87800408481963,5.5571967770578,42.3033009172015,0.821522670953565,26.9991122329049,5.20580169447012
313,386.512720215594,88.5048775631676,20.824881126932,23.0948328569123,24.0035321754076,21.7660544954922,328.561104243572,1.60102941048086e-09,30.4609045235171,0.456890236214484,1.80451263815725e-09,69.8278908246498,0.43948817247682,2.33982461314144e-09,2251.25987000956,0.199354770425101,1.05260919933832e-09,3175.25460408492,0.39804731746462,2.09017195395361e-09,1534.88575030827,0.340020147846815,87.8465951218307,35.8798082625696,0.886000276547513,21.4129285161416,0.842011365612311,5.03038492721867,2.32329427295268,31.8632783720181,0.854051665208746,6.3336252982289,4.58386409874864,42.6904440534688,0.885233735322771,20.7878982035811,5.25248621609001
313,386.512720215594,88.5048775631676,20.824881126932,23.0948328569123,24.0035321754076,21.7660544954922,328.561104243572,1.60102941048086e-09,30.4609045235171,0.456890236214484,1.80451263815725e-09,69.8278908246498,0.43948817247682,2.33982461314144e-09,2251.25987000956,0.199354770425101,1.05260919933832e-09,3175.25460408492,0.39804731746462,2.09017195395361e-09,1534.88575030827,0.340020147846815,87.8465951218307,35.8798082625696,0.886000276547513,21.4129285161416,0.842011365612311,5.03038492721867,2.32329427295268,31.8632783720181,0.854051665208746,6.3336252982289,4.58386409874864,42.6904440534688,0.885233735322771,20.7878982035811,5.25248621609001
314,392.803883415946,83.0048382770866,28.8935004109358,24.9729482394004,25.9249915066176,22.5383677846434,307.104507997986,1.40018749328656e-09,31.9066311150493,0.408029054526783,1.92473390584465e-09,63.0043103329193,0.361643149837512,2.12454566830866e-09,2462.11940181013,0.191589439138242,1.04974268112627e-09,2615.45616529566,0.342501650261922,2.22840198293923e-09,1550.07969111771,0.281128370032402,101.906209948305,23.9215453571167,0.0198292848982993,24.6227821267094,0.915146676126844,7.10558983831186,2.14066740658656,31.315570520681,0.977434758056662,7.79343182305744,6.62628043434139,36.6334772588196,0.855532170875543,28.7116394002061,6.05318845048018
314,392.803883415946,83.0048382770866,28.8935004109358,24.9729482394004,25.9249915066176,22.5383677846434,307.104507997986,1.40018749328656e-09,31.9066311150493,0.408029054526783,1.92473390584465e-09,63.0043103329193,0.361643149837512,2.12454566830866e-09,2462.11940181013,0.191589439138242,1.04974268112627e-09,2615.45616529566,0.342501650261922,2.22840198293923e-09,1550.07969111771,0.281128370032402,101.906209948305,23.9215453571167,0.0198292848982993,24.6227821267094,0.915146676126844,7.10558983831186,2.14066740658656,31.315570520681,0.977434758056662,7.79343182305744,6.62628043434139,36.6334772588196,0.855532170875543,28.7116394002061,6.05318845048018
315,326.836647605201,88.4022181687661,25.7462318416058,22.4799835326428,24.0207913434683,27.3939036863134,336.675088161355,1.69755291412836e-09,39.6698146792133,0.408530633532387,1.72349952715972e-09,69.5090381290308,0.40341610071953,2.23029366204297e-09,2792.46612769373,0.216193184014106,9.60441545427921e-10,3454.31785242269,0.315259641574994,2.29874928389886e-09,1427.96980327447,0.304716560958658,89.3981611470431,37.205146487068,0.409829159279751,26.2908351835124,0.915321283378746,7.1130185220031,4.36027451900508,39.5669428900712,0.864406391116657,4.95095780333881,4.12962144258329,43.1841085389726,0.799139420977464,25.3031808545438,6.48459050365418
315,326.836647605201,88.4022181687661,25.7462318416058,22.4799835326428,24.0207913434683,27.3939036863134,336.675088161355,1.69755291412836e-09,39.6698146792133,0.408530633532387,1.72349952715972e-09,69.5090381290308,0.40341610071953,2.23029366204297e-09,2792.46612769373,0.216193184014106,9.60441545427921e-10,3454.31785242269,0.315259641574994,2.29874928389886e-09,1427.96980327447,0.304716560958658,89.3981611470431,37.205146487068,0.409829159279751,26.2908351835124,0.915321283378746,7.1130185220031,4.36027451900508,39.5669428900712,0.864406391116657,4.95095780333881,4.12962144258329,43.1841085389726,0.799139420977464,25.3031808545438,6.48459050365418
316,345.981622440563,116.120393368938,20.7653284176299,20.7158974994204,28.1272667229238,21.2388003609733,340.064531496686,1.54135270370612e-09,30.4170760649042,0.460479987878195,1.67380911604058e-09,73.3161414955214,0.366019863455215,2.46019066119417e-09,2350.80123629982,0.215996978610007,1.17411430588378e-09,2963.49761601608,0.311716543937547,2.12160135804405e-09,1238.51725192739,0.26449416990764,81.0287249693881,37.1476384775002,0.21358010761462,22.3454428275387,0.919939829344523,4.09482752263678,4.18026529268465,35.858488784749,0.9897421835991,4.3899395129916,5.76681047933299,42.5784521617393,0.876086711262503,23.3486894737984,6.73353194482679
316,345.981622440563,116.120393368938,20.7653284176299,20.7158974994204,28.1272667229238,21.2388003609733,340.064531496686,1.54135270370612e-09,30.4170760649042,0.460479987878195,1.67380911604058e-09,73.3161414955214,0.366019863455215,2.46019066119417e-09,2350.80123629982,0.215996978610007,1.17411430588378e-09,2963.49761601608,0.311716543937547,2.12160135804405e-09,1238.51725192739,0.26449416990764,81.0287249693881,37.1476384775002,0.21358010761462,22.3454428275387,0.919939829344523,4.09482752263678,4.18026529268465,35.858488784749,0.9897421835991,4.3899395129916,5.76681047933299,42.5784521617393,0.876086711262503,23.3486894737984,6.73353194482679
317,310.55158258847,107.206327936692,21.9407558853322,29.3378157552151,24.0947024464294,20.7376523743579,357.556308504986,1.50719519092933e-09,31.1289889917755,0.403572311995581,1.74639057070533e-09,70.7747216015941,0.433095895111142,2.52813753362745e-09,2581.21718495329,0.211058721516918,1.1244279894532e-09,3115.00585576753,0.336933081309715,2.16619091168536e-09,1396.16361721591,0.345651967962625,98.9446369836133,34.104072304135,0.0128515706658818,21.2722941572592,0.868914833492423,6.9140408061503,3.97809636696429,35.2722543835034,0.787559268739508,3.55304126101921,4.44413745668261,38.9418844052237,0.787700568695913,28.902310720315,4.40707647738011
317,310.55158258847,107.206327936692,21.9407558853322,29.3378157552151,24.0947024464294,20.7376523743579,357.556308504986,1.50719519092933e-09,31.1289889917755,0.403572311995581,1.74639057070533e-09,70.7747216015941,0.433095895111142,2.52813753362745e-09,2581.21718495329,0.211058721516918,1.1244279894532e-09,3115.00585576753,0.336933081309715,2.16619091168536e-09,1396.16361721591,0.345651967962625,98.9446369836133,34.104072304135,0.0128515706658818,21.2722941572592,0.868914833492423,6.9140408061503,3.97809636696429,35.2722543835034,0.787559268739508,3.55304126101921,4.44413745668261,38.9418844052237,0.787700568695913,28.902310720315,4.40707647738011
318,317.536742035199,104.390871752742,24.3383811616939,27.0631882809883,25.2658257472337,28.5666748695276,347.683118593908,1.54396287396057e-09,32.1278563358076,0.460700511202639,1.80544957175169e-09,71.1859852948619,0.393762274601076,2.57860849971026e-09,2266.51991519677,0.2138628327918,8.66866218117635e-10,3298.39697803777,0.373334488804868,2.38734383317789e-09,1241.715186819,0.336711633942217,114.630222367622,36.0525039619995,0.896240237209969,21.0687046112295,0.81815989570174,6.25481059540034,4.47361843188791,38.7105816931726,0.835956404608385,7.13381732065185,5.65786140801087,42.7136827876111,0.84435681137603,26.0623108425409,4.40953728980175
318,317.536742035199,104.390871752742,24.3383811616939,27.0631882809883,25.2658257472337,28.5666748695276,347.683118593908,1.54396287396057e-09,32.1278563358076,0.460700511202639,1.80544957175169e-09,71.1859852948619,0.393762274601076,2.57860849971026e-09,2266.51991519677,0.2138628327918,8.66866218117635e-10,3298.39697803777,0.373334488804868,2.38734383317789e-09,1241.715186819,0.336711633942217,114.630222367622,36.0525039619995,0.896240237209969,21.0687046112295,0.81815989570174,6.25481059540034,4.47361843188791,38.7105816931726,0.835956404608385,7.13381732065185,5.65786140801087,42.7136827876111,0.84435681137603,26.0623108425409,4.40953728980175
319,341.788855409192,89.048582391227,21.7033256127725,23.6017236524913,22.1603210024366,20.6074794864897,331.181671459166,1.48339158730652e-09,35.8276861271282,0.452355197553638,1.71433940851202e-09,70.1379860499787,0.360958847870758,2.11190297170264e-09,2796.51286314634,0.184978161007338,1.05592078452125e-09,2651.16639016286,0.397163018762569,2.21396955750197e-09,1200.58098304871,0.299605452518919,111.440378212211,39.6327690126343,0.168880677914998,24.9205849243546,0.886882088734499,6.13530516625749,2.65217009772444,33.8123359884944,0.918176117443303,5.16889991412615,6.77409408011756,37.46785407522,0.93930596790734,26.8637949986127,4.73686955446992
319,341.788855409192,89.048582391227,21.7033256127725,23.6017236524913,22.1603210024366,20.6074794864897,331.181671459166,1.48339158730652e-09,35.8276861271282,0.452355197553638,1.71433940851202e-09,70.1379860499787,0.360958847870758,2.11190297170264e-09,2796.51286314634,0.184978161007338,1.05592078452125e-09,2651.16639016286,0.397163018762569,2.21396955750197e-09,1200.58098304871,0.299605452518919,111.440378212211,39.6327690126343,0.168880677914998,24.9205849243546,0.886882088734499,6.13530516625749,2.65217009772444,33.8123359884944,0.918176117443303,5.16889991412615,6.77409408011756,37.46785407522,0.93930596790734,26.8637949986127,4.73686955446992
320,333.388304082669,85.7816054624215,24.1468336809487,23.181859096648,28.6550472419226,24.6936362919521,371.574248813763,1.6114052432933e-09,35.9171381858071,0.414362451156211,1.83241296195648e-09,61.2354796062684,0.385560541158775,2.475690507793e-09,2266.70869601895,0.186500965966666,1.14132814997087e-09,3060.80749054932,0.329520889428063,2.29521645701532e-09,1284.71857177214,0.325534195697081,111.387387437337,39.1827815824332,0.297303731073038,21.149658562828,0.910954152165084,3.16337524475335,4.02376027371801,39.094109259491,0.78223442879608,7.1743308481951,3.5877719817628,36.1352472121807,0.831933776581533,26.5703563776862,7.36361165442791
320,333.388304082669,85.7816054624215,24.1468336809487,23.181859096648,28.6550472419226,24.6936362919521,371.574248813763,1.6114052432933e-09,35.9171381858071,0.414362451156211,1.83241296195648e-09,61.2354796062684,0.385560541158775,2.475690507793e-09,2266.70869601895,0.186500965966666,1.14132814997087e-09,3060.80749054932,0.329520889428063,2.29521645701532e-09,1284.71857177214,0.325534195697081,111.387387437337,39.1827815824332,0.297303731073038,21.149658562828,0.910954152165084,3.16337524475335,4.02376027371801,39.094109259491,0.78223442879608,7.1743308481951,3.5877719817628,36.1352472121807,0.831933776581533,26.5703563776862,7.36361165442791
321,374.058140879896,118.732651153727,29.2782292711417,26.8966953397851,24.0278783893532,28.8133811689898,325.693251446183,1.51351779819553e-09,33.1458672009953,0.402902067097059,1.8871553722234e-09,78.6626178028385,0.420552146973582,2.2461471733428e-09,2316.04513706593,0.18113599604223,1.16744525971625e-09,2725.81636166213,0.383686601646653,2.24708560725031e-09,1304.54427744087,0.276955249502503,118.474809957198,25.1901045051759,0.215212089682493,23.8604277990291,0.835625703707133,5.17128579819272,3.16287660156602,34.3526390400897,0.816494182479264,4.83419629692495,5.58248629490158,37.760720092224,0.820934850753765,23.2828941002175,5.1351703554609
321,374.058140879896,118.732651153727,29.2782292711417,26.8966953397851,24.0278783893532,28.8133811689898,325.693251446183,1.51351779819553e-09,33.1458672009953,0.402902067097059,1.8871553722234e-09,78.6626178028385,0.420552146973582,2.2461471733428e-09,2316.04513706593,0.18113599604223,1.16744525971625e-09,2725.81636166213,0.383686601646653,2.24708560725031e-09,1304.54427744087,0.276955249502503,118.474809957198,25.1901045051759,0.215212089682493,23.8604277990291,0.835625703707133,5.17128579819272,3.16287660156602,34.3526390400897,0.816494182479264,4.83419629692495,5.58248629490158,37.760720092224,0.820934850753765,23.2828941002175,5.1351703554609
322,360.855904471318,115.959109724779,20.6689863436898,21.0622923664681,23.7451502229644,20.500274625467,325.77335448748,1.54963957191203e-09,39.3577866884111,0.477278048649866,1.70255611364794e-09,79.5985893880133,0.411823193683487,2.58049000084863e-09,2496.20672472,0.204120153594977,1.04622765046589e-09,3087.9763786373,0.307059151244928,2.19687142193177e-09,1202.19661412482,0.304669080093835,102.520625879317,30.9416670563834,0.482544003457786,28.7798096433285,0.828915325743903,3.57312106155102,2.621840441561,36.1519575528538,0.79320420828915,3.08713957671447,6.44848496894026,35.2566640256398,0.902837137310614,25.423089753067,7.97674736209143
322,360.855904471318,115.959109724779,20.6689863436898,21.0622923664681,23.7451502229644,20.500274625467,325.77335448748,1.54963957191203e-09,39.3577866884111,0.477278048649866,1.70255611364794e-09,79.5985893880133,0.411823193683487,2.58049000084863e-09,2496.20672472,0.204120153594977,1.04622765046589e-09,3087.9763786373,0.307059151244928,2.19687142193177e-09,1202.19661412482,0.304669080093835,102.520625879317,30.9416670563834,0.482544003457786,28.7798096433285,0.828915325743903,3.57312106155102,2.621840441561,36.1519575528538,0.79320420828915,3.08713957671447,6.44848496894026,35.2566640256398,0.902837137310614,25.423089753067,7.97674736209143
323,347.107938118682,83.5977395518829,24.7496154536295,20.3615237050408,28.5029276196085,24.5572857021179,354.440777176173,1.73010392027319e-09,30.8161113763163,0.428776161562964,1.77127235648722e-09,66.1150259284841,0.408907566146354,2.37532508330295e-09,2685.55580333274,0.215841775627712,1.12319815990472e-09,3416.78506962116,0.396514173036083,2.28716592983041e-09,1266.89951094947,0.288177904604944,102.222528679749,25.7819539410808,0.822193592127563,27.8749942277729,0.943779594582533,7.43266090637729,4.75882403172737,31.6425774697563,0.81854501512927,4.56964934789118,4.55741189053927,42.4369551324215,0.878091713973614,28.1439664354212,5.19692055498252
323,347.107938118682,83.5977395518829,24.7496154536295,20.3615237050408,28.5029276196085,24.5572857021179,354.440777176173,1.73010392027319e-09,30.8161113763163,0.428776161562964,1.77127235648722e-09,66.1150259284841,0.408907566146354,2.37532508330295e-09,2685.55580333274,0.215841775627712,1.12319815990472e-09,3416.78506962116,0.396514173036083,2.28716592983041e-09,1266.89951094947,0.288177904604944,102.222528679749,25.7819539410808,0.822193592127563,27.8749942277729,0.943779594582533,7.43266090637729,4.75882403172737,31.6425774697563,0.81854501512927,4.56964934789118,4.55741189053927,42.4369551324215,0.878091713973614,28.1439664354212,5.19692055498252
324,369.2543417304,110.938716861719,27.1852091824339,22.0207149080028,20.2890186504852,20.0972694011467,385.538130481993,1.55774064758357e-09,36.6292087208317,0.404738116896022,1.71293572442884e-09,68.9972103797087,0.369854475960561,2.5018657246341e-09,2340.91946456945,0.216224074733227,1.18693875286168e-09,3176.75445530986,0.357129037960672,2.16872752132771e-09,1360.46229406162,0.282496492606384,92.1196494562669,24.903158775322,0.829126917046049,21.9653947187498,0.803771783668977,4.6734090279656,4.92563538236248,36.8056717458032,0.867411853604321,3.36718753043657,4.74526707834578,43.794197930129,0.929903890704047,29.8834470050943,5.33608411389298
324,369.2543417304,110.938716861719,27.1852091824339,22.0207149080028,20.2890186504852,20.0972694011467,385.538130481993,1.55774064758357e-09,36.6292087208317,0.404738116896022,1.71293572442884e-09,68.9972103797087,0.369854475960561,2.5018657246341e-09,2340.91946456945,0.216224074733227,1.18693875286168e-09,3176.75445530986,0.357129037960672,2.16872752132771e-09,1360.46229406162,0.282496492606384,92.1196494562669,24.903158775322,0.829126917046049,21.9653947187498,0.803771783668977,4.6734090279656,4.92563538236248,36.8056717458032,0.867411853604321,3.36718753043657,4.74526707834578,43.794197930129,0.929903890704047,29.8834470050943,5.33608411389298
325,354.294905874472,81.7241247840745,22.4365686032601,22.0535585564875,21.0921139036184,27.2897543730763,302.831553081787,1.77513912349166e-09,30.952237398869,0.456586300388417,1.96644850938554e-09,60.0404294728972,0.418688793840617,2.19622264969561e-09,2027.8972585836,0.214466741124793,1.09800808802074e-09,3175.494534222,0.349689628505245,2.0037513856667e-09,1449.72436172844,0.277016181845663,115.937293894867,31.7871781865793,0.894253648635203,20.497029595157,0.84085754074096,6.47254515309906,4.07319178981585,30.9675839189015,0.817163845566415,5.39516544596548,6.51563320439319,35.5827394988998,0.864013158938873,22.7513491177807,4.89143718858849
325,354.294905874472,81.7241247840745,22.4365686032601,22.0535585564875,21.0921139036184,27.2897543730763,302.831553081787,1.77513912349166e-09,30.952237398869,0.456586300388417,1.96644850938554e-09,60.0404294728972,0.418688793840617,2.19622264969561e-09,2027.8972585836,0.214466741124793,1.09800808802074e-09,3175.494534222,0.349689628505245,2.0037513856667e-09,1449.72436172844,0.277016181845663,115.937293894867,31.7871781865793,0.894253648635203,20.497029595157,0.84085754074096,6.47254515309906,4.07319178981585,30.9675839189015,0.817163845566415,5.39516544596548,6.51563320439319,35.5827394988998,0.864013158938873,22.7513491177807,4.89143718858849
326,303.064055155274,87.8754362685223,23.9864016911358,21.4729080972769,21.4977132743756,23.3081631009887,335.58291453078,1.50218941804758e-09,36.7537586202723,0.407953641075111,1.73557221832597e-09,74.0499406361436,0.407740017868378,2.07369502851318e-09,2625.7355854051,0.184520923418931,9.78422919374789e-10,2931.52194966284,0.314496723407778,2.24251509622926e-09,1239.15772421981,0.252138160627227,96.541980084231,36.62488431531,0.883998694655226,20.0407747973912,0.941326061122759,3.51504247463248,3.56009328350822,35.6331881638966,0.859309024117474,7.14463493558366,6.20939483771985,35.5416809797591,0.93702675597442,22.8479682533429,7.67677575307302
326,303.064055155274,87.8754362685223,23.9864016911358,21.4729080972769,21.4977132743756,23.3081631009887,335.58291453078,1.50218941804758e-09,36.7537586202723,0.407953641075111,1.73557221832597e-09,74.0499406361436,0.407740017868378,2.07369502851318e-09,2625.7355854051,0.184520923418931,9.78422919374789e-10,2931.52194966284,0.314496723407778,2.24251509622926e-09,1239.15772421981,0.252138160627227,96.541980084231,36.62488431531,0.883998694655226,20.0407747973912,0.941326061122759,3.51504247463248,3.56009328350822,35.6331881638966,0.859309024117474,7.14463493558366,6.20939483771985,35.5416809797591,0.93702675597442,22.8479682533429,7.67677575307302
327,312.271805986449,83.1259047244262,29.9229267468024,23.2059327917864,27.8300960175729,22.8532915912465,391.196667479192,1.49981629723363e-09,39.5168272967629,0.405520939190739,1.80599935104247e-09,61.9189788007224,0.407992682506445,2.55388553723194e-09,2008.55367470373,0.19593774616734,1.19464368064399e-09,2548.77756496773,0.332287909941179,2.170065721506e-09,1533.63251817043,0.327749397313031,117.591980234747,32.5579959834104,0.48340368736879,29.9909049316456,0.909938938692429,6.64904183680978,2.15818757061539,32.4546176006512,0.92303530824684,3.89836411927654,4.05481304788749,43.0679759753175,0.785477785544321,24.5311693661119,7.76292490724446
327,312.271805986449,83.1259047244262,29.9229267468024,23.2059327917864,27.8300960175729,22.8532915912465,391.196667479192,1.49981629723363e-09,39.5168272967629,0.405520939190739,1.80599935104247e-09,61.9189788007224,0.407992682506445,2.55388553723194e-09,2008.55367470373,0.19593774616734,1.19464368064399e-09,2548.77756496773,0.332287909941179,2.170065721506e-09,1533.63251817043,0.327749397313031,117.591980234747,32.5579959834104,0.48340368736879,29.9909049316456,0.909938938692429,6.64904183680978,2.15818757061539,32.4546176006512,0.92303530824684,3.89836411927654,4.05481304788749,43.0679759753175,0.785477785544321,24.5311693661119,7.76292490724446
328,389.124286320284,99.8823679448059,27.9125842188673,29.3757076574932,28.564509096158,27.6311855098997,362.44432189226,1.69843740299887e-09,32.1073162899096,0.429302195890184,1.82604905451224e-09,62.6685226315054,0.367401855909386,2.11078958651653e-09,2039.93118526269,0.195444840315318,8.52998124547136e-10,3214.96121792995,0.301940695428781,2.13009909055172e-09,1349.20641901682,0.274082470663377,80.3954400410434,25.511608126664,0.247367464427513,27.6526217935348,0.930339237978961,6.97772806722735,4.47631551487571,38.3112253859619,0.921752814044843,5.48855135215175,3.00876434398888,38.5948891399734,0.906720793833022,29.1957405213333,6.38810157176269
328,389.124286320284,99.8823679448059,27.9125842188673,29.3757076574932,28.564509096158,27.6311855098997,362.44432189226,1.69843740299887e-09,32.1073162899096,0.429302195890184,1.82604905451224e-09,62.6685226315054,0.367401855909386,2.11078958651653e-09,2039.93118526269,0.195444840315318,8.52998124547136e-10,3214.96121792995,0.301940695428781,2.13009909055172e-09,1349.20641901682,0.274082470663377,80.3954400410434,25.511608126664,0.247367464427513,27.6526217935348,0.930339237978961,6.97772806722735,4.47631551487571,38.3112253859619,0.921752814044843,5.48855135215175,3.00876434398888,38.5948891399734,0.906720793833022,29.1957405213333,6.38810157176269
329,390.680746706091,80.0678045619425,23.7642136880274,23.010525835151,28.8375184940959,25.2162299408739,329.803376555648,1.51936910820347e-09,30.301833524468,0.424198242053,1.77544542664427e-09,76.1652533687632,0.427524280208019,2.26208022950855e-09,2511.19142008,0.201676480580143,9.12011633819406e-10,2660.87371739414,0.325516838940743,2.16531852617627e-09,1357.72363248878,0.344703715100589,111.248967752952,33.6144979551467,0.619998347604522,26.2178056145782,0.998125039281858,3.73853986537996,3.37442651405167,34.5334917877966,0.826781736520617,6.66183099839828,6.42943001996289,37.4235031802698,0.807108300860975,24.6704906257222,7.23149297181773
329,390.680746706091,80.0678045619425,23.7642136880274,23.010525835151,28.8375184940959,25.2162299408739,329.803376555648,1.51936910820347e-09,30.301833524468,0.424198242053,1.77544542664427e-09,76.1652533687632,0.427524280208019,2.26208022950855e-09,2511.19142008,0.201676480580143,9.12011633819406e-10,2660.87371739414,0.325516838940743,2.16531852617627e-09,1357.72363248878,0.344703715100589,111.248967752952,33.6144979551467,0.619998347604522,26.2178056145782,0.998125039281858,3.73853986537996,3.37442651405167,34.5334917877966,0.826781736520617,6.66183099839828,6.42943001996289,37.4235031802698,0.807108300860975,24.6704906257222,7.23149297181773
330,388.836176599235,83.7478801031216,23.5348675392738,23.3313563056891,20.0103450207914,20.1304899922839,324.285484977286,1.4221662167946e-09,31.2029158670733,0.4653116514949,1.70588800490025e-09,70.429318435264,0.429924784988637,2.36986450874375e-09,2279.04809147414,0.190743327299772,8.64899771429329e-10,3008.28728769254,0.379939586374365,2.13534525801052e-09,1283.97411757372,0.253775804628908,119.566852720175,23.5259697083529,0.211468614377441,26.9345520432444,0.980186730801999,6.51584442217195,4.29425919007365,38.2379689882736,0.960214219502732,5.27413935366928,4.70277337692395,43.5674939686855,0.942246613920365,25.8621668539802,6.05682363580796
330,388.836176599235,83.7478801031216,23.5348675392738,23.3313563056891,20.0103450207914,20.1304899922839,324.285484977286,1.4221662167946e-09,31.2029158670733,0.4653116514949,1.70588800490025e-09,70.429318435264,0.429924784988637,2.36986450874375e-09,2279.04809147414,0.190743327299772,8.64899771429329e-10,3008.28728769254,0.379939586374365,2.13534525801052e-09,1283.97411757372,0.253775804628908,119.566852720175,23.5259697083529,0.211468614377441,26.9345520432444,0.980186730801999,6.51584442217195,4.29425919007365,38.2379689882736,0.960214219502732,5.27413935366928,4.70277337692395,43.5674939686855,0.942246613920365,25.8621668539802,6.05682363580796
331,392.313468995544,83.4786605527371,23.5446057360177,21.2628589788287,22.0557656931377,22.7143456338544,323.146110234545,1.7039083916516e-09,39.1714413399095,0.415514951188787,1.60866939834704e-09,67.9167449170356,0.356892783468082,2.31880925292032e-09,2638.21328143703,0.181801820482689,1.17544874670355e-09,2608.46135133881,0.345542982730884,2.20312822798676e-09,1544.62998950594,0.267417525026296,109.18705068106,33.0421741561091,0.547585963053969,28.7868952823261,0.945384373815706,4.04536440749555,3.28999216907172,30.2707473516252,0.968169457181286,7.3488856553371,4.87096807256723,43.6942881813568,0.874527401195861,24.0559584443324,4.98624142099985
331,392.313468995544,83.4786605527371,23.5446057360177,21.2628589788287,22.0557656931377,22.7143456338544,323.146110234545,1.7039083916516e-09,39.1714413399095,0.415514951188787,1.60866939834704e-09,67.9167449170356,0.356892783468082,2.31880925292032e-09,2638.21328143703,0.181801820482689,1.17544874670355e-09,2608.46135133881,0.345542982730884,2.20312822798676e-09,1544.62998950594,0.267417525026296,109.18705068106,33.0421741561091,0.547585963053969,28.7868952823261,0.945384373815706,4.04536440749555,3.28999216907172,30.2707473516252,0.968169457181286,7.3488856553371,4.87096807256723,43.6942881813568,0.874527401195861,24.0559584443324,4.98624142099985
332,332.5898263299,116.96334535821,27.1980659066963,26.5253839169517,20.7946194624174,27.5448427449209,373.121440381282,1.55427251648735e-09,33.8626473152671,0.460369803664388,1.96732127672119e-09,71.492523945374,0.35368624986021,2.33187098487641e-09,2588.86719952764,0.184900146558577,1.00429990461656e-09,3430.74182783114,0.307116842276333,2.33181249690954e-09,1210.85917796785,0.277391534125421,111.122854689397,36.0250171293057,0.379740510291296,28.5833387851096,0.845680696282818,5.70401598385193,2.77986281082957,37.263915955282,0.936516977826994,6.55376924200723,5.57566936017157,42.9242914540832,0.95436262111275,28.132619002471,6.14919443980716
332,332.5898263299,116.96334535821,27.1980659066963,26.5253839169517,20.7946194624174,27.5448427449209,373.121440381282,1.55427251648735e-09,33.8626473152671,0.460369803664388,1.96732127672119e-09,71.492523945374,0.35368624986021,2.33187098487641e-09,2588.86719952764,0.184900146558577,1.00429990461656e-09,3430.74182783114,0.307116842276333,2.33181249690954e-09,1210.85917796785,0.277391534125421,111.122854689397,36.0250171293057,0.379740510291296,28.5833387851096,0.845680696282818,5.70401598385193,2.77986281082957,37.263915955282,0.936516977826994,6.55376924200723,5.57566936017157,42.9242914540832,0.95436262111275,28.132619002471,6.14919443980716
333,303.096981698435,118.963380146953,27.8955576447111,21.1985689437986,29.7232639296239,21.5253661191992,362.455999835007,1.66290520407859e-09,31.5254725421716,0.414469821188249,1.83944302541621e-09,76.1621271335643,0.352091774380792,2.35731096020146e-09,2385.82961986368,0.198070828122759,8.47017567960437e-10,3351.31556418457,0.357016540015886,2.13917075303347e-09,1382.61629578579,0.254253878900627,118.215126030294,24.2228689410958,0.737059524709823,27.8653471117154,0.928160999067512,6.105944359593,3.9586726341216,31.9528126300054,0.824801670087405,4.85068898461421,5.72508881917859,39.9773449657998,0.909180542354712,20.6699875755626,7.79975767472182
333,303.096981698435,118.963380146953,27.8955576447111,21.1985689437986,29.7232639296239,21.5253661191992,362.455999835007,1.66290520407859e-09,31.5254725421716,0.414469821188249,1.83944302541621e-09,76.1621271335643,0.352091774380792,2.35731096020146e-09,2385.82961986368,0.198070828122759,8.47017567960437e-10,3351.31556418457,0.357016540015886,2.13917075303347e-09,1382.61629578579,0.254253878900627,118.215126030294,24.2228689410958,0.737059524709823,27.8653471117154,0.928160999067512,6.105944359593,3.9586726341216,31.9528126300054,0.824801670087405,4.85068898461421,5.72508881917859,39.9773449657998,0.909180542354712,20.6699875755626,7.79975767472182
334,312.43669609017,93.0434060554542,26.9605724044718,29.4279273938448,28.2065065720975,24.6166925864065,375.009636522354,1.67506288927524e-09,34.0273388798096,0.440933080184922,1.73952197179388e-09,67.0078906063989,0.396688255518431,2.45863122158318e-09,2392.96412030452,0.202959086829526,9.04985520281041e-10,3064.66741187478,0.371669799780784,2.20575917670993e-09,1498.22271774122,0.311272839812185,81.9577199400584,28.4487254257245,0.600447654770021,23.760540578601,0.999819372982318,5.22591859288717,2.58894982659412,31.084125153144,0.938834231683267,4.49940050018622,6.25881248998559,43.1210963840561,0.853361164888676,28.4629948346438,6.34879776916055
334,312.43669609017,93.0434060554542,26.9605724044718,29.4279273938448,28.2065065720975,24.6166925864065,375.009636522354,1.67506288927524e-09,34.0273388798096,0.440933080184922,1.73952197179388e-09,67.0078906063989,0.396688255518431,2.45863122158318e-09,2392.96412030452,0.202959086829526,9.04985520281041e-10,3064.66741187478,0.371669799780784,2.20575917670993e-09,1498.22271774122,0.311272839812185,81.9577199400584,28.4487254257245,0.600447654770021,23.760540578601,0.999819372982318,5.22591859288717,2.58894982659412,31.084125153144,0.938834231683267,4.49940050018622,6.25881248998559,43.1210963840561,0.853361164888676,28.4629948346438,6.34879776916055
335,311.391673615874,111.189090848232,26.2950441417642,27.7728005093913,23.0210327230492,27.2867357536599,378.863871947727,1.75686953474667e-09,36.5538660250383,0.473130714911571,1.65289603038542e-09,67.491321211009,0.439165552222101,2.36845528589482e-09,2319.34854115641,0.183115194617482,1.18752512519702e-09,2874.09700519372,0.307747605585932,2.30820137074016e-09,1546.72371875539,0.25943175237239,114.325514871691,38.8825699907375,0.249731169778105,29.6365339538592,0.830876487608136,5.3286416710056,3.53208719419978,31.1814706315741,0.839806480573166,5.65743996912024,4.58230468660735,38.0639169898541,0.909031551793152,20.5684933304574,6.92768021637151
335,311.391673615874,111.189090848232,26.2950441417642,27.7728005093913,23.0210327230492,27.2867357536599,378.863871947727,1.75686953474667e-09,36.5538660250383,0.473130714911571,1.65289603038542e-09,67.491321211009,0.439165552222101,2.36845528589482e-09,2319.34854115641,0.183115194617482,1.18752512519702e-09,2874.09700519372,0.307747605585932,2.30820137074016e-09,1546.72371875539,0.25943175237239,114.325514871691,38.8825699907375,0.249731169778105,29.6365339538592,0.830876487608136,5.3286416710056,3.53208719419978,31.1814706315741,0.839806480573166,5.65743996912024,4.58230468660735,38.0639169898541,0.909031551793152,20.5684933304574,6.92768021637151
336,383.065871154461,92.353823706737,22.6646201779347,21.2648134202772,27.3628672879895,27.0331517183496,307.26726917915,1.52071675143423e-09,39.9562550241882,0.411345566678347,1.65377632512034e-09,60.294972385919,0.406940651583148,2.57261643386336e-09,2618.61309665084,0.185504874101879,1.05312151209098e-09,2610.96750400388,0.356948669222557,2.09763755232951e-09,1261.08706919728,0.329383606518421,106.677782867955,21.4395878187456,0.0690647293313007,21.6141958723966,0.980442565681124,4.46981880041733,3.25177117916461,33.3770197498356,0.967373777118204,4.28501033498066,5.36689811850256,36.0519464061199,0.80642506540388,20.7401525805982,6.5604239650995
336,383.065871154461,92.353823706737,22.6646201779347,21.2648134202772,27.3628672879895,27.0331517183496,307.26726917915,1.52071675143423e-09,39.9562550241882,0.411345566678347,1.65377632512034e-09,60.294972385919,0.406940651583148,2.57261643386336e-09,2618.61309665084,0.185504874101879,1.05312151209098e-09,2610.96750400388,0.356948669222557,2.09763755232951e-09,1261.08706919728,0.329383606518421,106.677782867955,21.4395878187456,0.0690647293313007,21.6141958723966,0.980442565681124,4.46981880041733,3.25177117916461,33.3770197498356,0.967373777118204,4.28501033498066,5.36689811850256,36.0519464061199,0.80642506540388,20.7401525805982,6.5604239650995
337,370.533648384566,83.08724553164,20.3813943527689,23.5034571102092,26.6829400394788,25.9890851710821,331.705262601363,1.62087724267097e-09,35.4700599038834,0.471364514337708,1.83417226914784e-09,74.0212681442218,0.408555161258973,2.17974383402373e-09,2587.9778961113,0.218405677328639,1.17425231633932e-09,3066.8586273744,0.388016854129357,2.15319535720857e-09,1265.91071458316,0.273723496554956,110.829220458939,21.2376579701126,0.944873746387795,28.7760995742527,0.883900931258639,3.27926176730652,3.79277143129128,35.3849793218733,0.892223402167511,3.50037700364084,5.20213745553098,39.7217070422166,0.925451350629273,29.3704037174558,7.35428632104635
337,370.533648384566,83.08724553164,20.3813943527689,23.5034571102092,26.6829400394788,25.9890851710821,331.705262601363,1.62087724267097e-09,35.4700599038834,0.471364514337708,1.83417226914784e-09,74.0212681442218,0.408555161258973,2.17974383402373e-09,2587.9778961113,0.218405677328639,1.17425231633932e-09,3066.8586273744,0.388016854129357,2.15319535720857e-09,1265.91071458316,0.273723496554956,110.829220458939,21.2376579701126,0.944873746387795,28.7760995742527,0.883900931258639,3.27926176730652,3.79277143129128,35.3849793218733,0.892223402167511,3.50037700364084,5.20213745553098,39.7217070422166,0.925451350629273,29.3704037174558,7.35428632104635
338,398.051856585312,112.354747987255,29.6695734259574,23.3429686986497,25.3343992585923,21.9216869445511,388.61569305554,1.62606534865599e-09,31.4935666369246,0.406715483026029,1.69438515116548e-09,61.2595949330037,0.437013774451164,2.26674158390283e-09,2792.14175482157,0.197394765312326,8.90393735133004e-10,3110.87908447583,0.363558876129223,2.08552136314797e-09,1387.83494736929,0.337013859236756,92.1012685562459,26.3511034979424,0.468412356365136,25.5289265297779,0.994923196737185,4.40817295824491,3.09484078533107,35.4306725169782,0.793739214081165,6.05440846814128,3.18801627075444,43.164290996973,0.815630562532236,25.5647973591471,4.37448956843082
338,398.051856585312,112.354747987255,29.6695734259574,23.3429686986497,25.3343992585923,21.9216869445511,388.61569305554,1.62606534865599e-09,31.4935666369246,0.406715483026029,1.69438515116548e-09,61.2595949330037,0.437013774451164,2.26674158390283e-09,2792.14175482157,0.197394765312326,8.90393735133004e-10,3110.87908447583,0.363558876129223,2.08552136314797e-09,1387.83494736929,0.337013859236756,92.1012685562459,26.3511034979424,0.468412356365136,25.5289265297779,0.994923196737185,4.40817295824491,3.09484078533107,35.4306725169782,0.793739214081165,6.05440846814128,3.18801627075444,43.164290996973,0.815630562532236,25.5647973591471,4.37448956843082
339,329.298092716602,110.103005883038,20.6138546008187,27.1313456217354,29.2691469442092,26.0512896631622,365.106729135079,1.6594536321487e-09,32.0260139625529,0.479457554320159,1.76495846088858e-09,74.2176854765126,0.380148494980005,2.12535860336234e-09,2496.22958347767,0.190179761500672,1.12467915052618e-09,2768.41316408675,0.305101532522931,2.19169282540081e-09,1491.22323154966,0.25732475950876,104.919631794988,26.8222677020876,0.78934947818554,24.2589950940164,0.87511666610538,4.00095909632034,2.2838562599224,31.9384709898311,0.987399773474552,4.79849656434278,3.89721674212188,35.4400510497167,0.895024807735435,23.2184439715501,5.01827951142044
339,329.298092716602,110.103005883038,20.6138546008187,27.1313456217354,29.2691469442092,26.0512896631622,365.106729135079,1.6594536321487e-09,32.0260139625529,0.479457554320159,1.76495846088858e-09,74.2176854765126,0.380148494980005,2.12535860336234e-09,2496.22958347767,0.190179761500672,1.12467915052618e-09,2768.41316408675,0.305101532522931,2.19169282540081e-09,1491.22323154966,0.25732475950876,104.919631794988,26.8222677020876,0.78934947818554,24.2589950940164,0.87511666610538,4.00095909632034,2.2838562599224,31.9384709898311,0.987399773474552,4.79849656434278,3.89721674212188,35.4400510497167,0.895024807735435,23.2184439715501,5.01827951142044
340,372.136402164263,92.1751529849916,21.1093317817023,26.8343641665172,28.5861563846401,28.317085346325,337.738725272147,1.52817089704018e-09,37.3948107361519,0.414374841870557,1.810947968228e-09,71.0972639856012,0.365729593687979,2.41464385626005e-09,2407.58430511235,0.186633204851326,1.1997803323044e-09,2627.58668269378,0.364717901254837,2.21729644481183e-09,1333.68590753326,0.32721493693501,117.310393529551,27.234589666372,0.520310749617052,26.2500582513906,0.834381660567357,7.25257491631429,3.96749589346937,34.0285972968476,0.938628382133679,5.00281128393197,6.79486486216013,39.7874821547039,0.979781889220773,23.5680318768176,5.55259626511439
340,372.136402164263,92.1751529849916,21.1093317817023,26.8343641665172,28.5861563846401,28.317085346325,337.738725272147,1.52817089704018e-09,37.3948107361519,0.414374841870557,1.810947968228e-09,71.0972639856012,0.365729593687979,2.41464385626005e-09,2407.58430511235,0.186633204851326,1.1997803323044e-09,2627.58668269378,0.364717901254837,2.21729644481183e-09,1333.68590753326,0.32721493693501,117.310393529551,27.234589666372,0.520310749617052,26.2500582513906,0.834381660567357,7.25257491631429,3.96749589346937,34.0285972968476,0.938628382133679,5.00281128393197,6.79486486216013,39.7874821547039,0.979781889220773,23.5680318768176,5.55259626511439
341,338.561291341225,84.5221493188742,27.4802647799073,24.6433071594901,25.8293464951545,22.8081097151351,354.716600149657,1.40743736845628e-09,31.2567500494571,0.457786432338836,1.76499281404125e-09,60.5679773275479,0.360917879147673,2.38693778480306e-09,2207.59913706466,0.191032166635484,1.11706091557783e-09,2511.1924443148,0.379634484109767,2.31041079805446e-09,1525.63087139021,0.32959130971006,84.3864839443056,36.4089722745887,0.893168955154978,23.1576756015732,0.78455689456739,6.52053611800852,2.64814166192775,38.8972504996388,0.957681500790898,6.06357596680822,6.80841029367082,38.9212215629373,0.952866992024022,28.7371332651388,6.95659392193329
341,338.561291341225,84.5221493188742,27.4802647799073,24.6433071594901,25.8293464951545,22.8081097151351,354.716600149657,1.40743736845628e-09,31.2567500494571,0.457786432338836,1.76499281404125e-09,60.5679773275479,0.360917879147673,2.38693778480306e-09,2207.59913706466,0.191032166635484,1.11706091557783e-09,2511.1924443148,0.379634484109767,2.31041079805446e-09,1525.63087139021,0.32959130971006,84.3864839443056,36.4089722745887,0.893168955154978,23.1576756015732,0.78455689456739,6.52053611800852,2.64814166192775,38.8972504996388,0.957681500790898,6.06357596680822,6.80841029367082,38.9212215629373,0.952866992024022,28.7371332651388,6.95659392193329
342,346.639769237643,81.6394398448757,21.4955230041998,22.6864149194237,21.7199077159075,28.0460831886363,340.020571238876,1.78730236436537e-09,37.7496540384245,0.452270230352202,1.92442491945721e-09,68.5726701924897,0.425782710730856,2.08020759909967e-09,2588.22371631837,0.206421090370914,8.37553097410976e-10,3070.46380065061,0.334511892605323,2.1766688009317e-09,1302.4800002399,0.319202361879637,91.7120031248201,38.2990819661548,0.825160844794706,20.5353868173064,0.992322788542313,6.12514419675221,4.26114269555462,35.7138099140563,0.792150639074564,5.61303255890651,6.35805075421061,35.4104354996964,0.963076119465292,21.5197375588177,6.40925986494201
342,346.639769237643,81.6394398448757,21.4955230041998,22.6864149194237,21.7199077159075,28.0460831886363,340.020571238876,1.78730236436537e-09,37.7496540384245,0.452270230352202,1.92442491945721e-09,68.5726701924897,0.425782710730856,2.08020759909967e-09,2588.22371631837,0.206421090370914,8.37553097410976e-10,3070.46380065061,0.334511892605323,2.1766688009317e-09,1302.4800002399,0.319202361879637,91.7120031248201,38.2990819661548,0.825160844794706,20.5353868173064,0.992322788542313,6.12514419675221,4.26114269555462,35.7138099140563,0.792150639074564,5.61303255890651,6.35805075421061,35.4104354996964,0.963076119465292,21.5197375588177,6.40925986494201
343,362.728474956389,89.8464660132762,24.1998774060675,23.7465470787077,22.7145425491187,27.509920067081,347.313552034437,1.59376069466897e-09,34.2227233051847,0.472834927445612,1.846489953367e-09,73.3206155246293,0.370537204168472,2.4236188373502e-09,2432.21984339924,0.19640711267853,8.38840448867002e-10,2835.18698799491,0.380682543317128,2.17590241967513e-09,1243.19528657055,0.323835132129661,117.881490953531,37.2169042736649,0.441536300805429,24.2837058919232,0.940047454176631,4.9706789685873,3.94364168944182,36.5054178738506,0.855473691816918,4.78050555572638,5.7515357175684,40.9977075334567,0.808167630338594,29.3529591546417,6.94139984970443
343,362.728474956389,89.8464660132762,24.1998774060675,23.7465470787077,22.7145425491187,27.509920067081,347.313552034437,1.59376069466897e-09,34.2227233051847,0.472834927445612,1.846489953367e-09,73.3206155246293,0.370537204168472,2.4236188373502e-09,2432.21984339924,0.19640711267853,8.38840448867002e-10,2835.18698799491,0.380682543317128,2.17590241967513e-09,1243.19528657055,0.323835132129661,117.881490953531,37.2169042736649,0.441536300805429,24.2837058919232,0.940047454176631,4.9706789685873,3.94364168944182,36.5054178738506,0.855473691816918,4.78050555572638,5.7515357175684,40.9977075334567,0.808167630338594,29.3529591546417,6.94139984970443
344,317.17462823301,82.619845863823,21.1751231781423,26.1589054651258,23.7706220433261,21.7058087914441,316.099802398318,1.7199925653816e-09,39.0168719350382,0.477837863519941,1.77264387588818e-09,63.9442202829907,0.426141142451011,2.20580923241265e-09,2017.87481381367,0.20567678100398,8.07846075222505e-10,3087.64023114881,0.325772117015619,2.07037328361381e-09,1579.71354288129,0.297568043869962,94.8695506052738,20.6603762810431,0.962578245164056,26.3131801135313,0.889580621052489,4.67250661147342,4.89040166205682,36.665519711361,0.815117300724929,5.24081826565451,6.81751038445672,37.1183583703823,0.851789670734664,22.5595862494715,4.31220368195699
344,317.17462823301,82.619845863823,21.1751231781423,26.1589054651258,23.7706220433261,21.7058087914441,316.099802398318,1.7199925653816e-09,39.0168719350382,0.477837863519941,1.77264387588818e-09,63.9442202829907,0.426141142451011,2.20580923241265e-09,2017.87481381367,0.20567678100398,8.07846075222505e-10,3087.64023114881,0.325772117015619,2.07037328361381e-09,1579.71354288129,0.297568043869962,94.8695506052738,20.6603762810431,0.962578245164056,26.3131801135313,0.889580621052489,4.67250661147342,4.89040166205682,36.665519711361,0.815117300724929,5.24081826565451,6.81751038445672,37.1183583703823,0.851789670734664,22.5595862494715,4.31220368195699
345,308.338943733501,86.7443714317421,25.0720609547733,24.2226202591555,24.7871509557886,26.1911713914929,348.88022974157,1.65303072759405e-09,37.2887249448238,0.423465358286291,1.88364526558135e-09,78.3232768922459,0.380656006970641,2.04392368415395e-09,2381.05124239037,0.198701460244091,1.05812621679281e-09,3293.07039808623,0.365042386123037,2.27947810697994e-09,1464.71107515162,0.322473712304139,84.2442725075543,28.8164814831751,0.930624358289389,29.0815639422381,0.799479922730277,5.03792302830892,4.4793379036124,36.4987722889087,0.969425362215865,5.76591668114086,6.31385584916468,43.4827226503631,0.806693873412608,21.6975035455548,4.91577219165823
345,308.338943733501,86.7443714317421,25.0720609547733,24.2226202591555,24.7871509557886,26.1911713914929,348.88022974157,1.65303072759405e-09,37.2887249448238,0.423465358286291,1.88364526558135e-09,78.3232768922459,0.380656006970641,2.04392368415395e-09,2381.05124239037,0.198701460244091,1.05812621679281e-09,3293.07039808623,0.365042386123037,2.27947810697994e-09,1464.71107515162,0.322473712304139,84.2442725075543,28.8164814831751,0.930624358289389,29.0815639422381,0.799479922730277,5.03792302830892,4.4793379036124,36.4987722889087,0.969425362215865,5.76591668114086,6.31385584916468,43.4827226503631,0.806693873412608,21.6975035455548,4.91577219165823
346,319.228479089089,92.6299906030092,26.1393880730123,21.9545951862385,22.1769407682111,24.7917400516758,346.522996981671,1.65908138846519e-09,31.1641306860912,0.430310834243085,1.71156338977667e-09,77.429767109329,0.378357235146908,2.47163720218303e-09,2671.81261033243,0.206608877840888,9.13497533661539e-10,3440.07156336218,0.325889003203941,2.11695848995036e-09,1281.59380046224,0.308279873617897,81.6503462618867,26.8614556177628,0.544452086459385,21.2643445050697,0.893451677650942,4.5517871681849,4.62970943069217,31.7456177562216,0.950834490846342,7.44622247097291,3.96260426672225,37.9533599833142,0.794834368716335,23.9470943009154,6.90031435006526
346,319.228479089089,92.6299906030092,26.1393880730123,21.9545951862385,22.1769407682111,24.7917400516758,346.522996981671,1.65908138846519e-09,31.1641306860912,0.430310834243085,1.71156338977667e-09,77.429767109329,0.378357235146908,2.47163720218303e-09,2671.81261033243,0.206608877840888,9.13497533661539e-10,3440.07156336218,0.325889003203941,2.11695848995036e-09,1281.59380046224,0.308279873617897,81.6503462618867,26.8614556177628,0.544452086459385,21.2643445050697,0.893451677650942,4.5517871681849,4.62970943069217,31.7456177562216,0.950834490846342,7.44622247097291,3.96260426672225,37.9533599833142,0.794834368716335,23.9470943009154,6.90031435006526
347,383.021108045205,81.0121245322864,24.2278061415717,20.665583717725,22.5340008265555,23.2705666104159,374.295458694422,1.74159206236345e-09,38.3332732875345,0.469197457304284,1.80719607483252e-09,67.3911022191666,0.363726958478282,2.54452023842952e-09,2351.56356660407,0.206079249321202,9.54812570683924e-10,2550.92007752972,0.321844378543005,2.31164848208441e-09,1308.42383756605,0.252552418976162,103.892104106492,32.3003709634654,0.181402063743229,27.0743780180159,0.954205499958239,4.79198980652736,2.85586605897494,38.4506055018936,0.977604701397522,6.95541402862092,4.45623758980928,41.9936143359296,0.832351849368939,22.278578181362,4.03947071343615
347,383.021108045205,81.0121245322864,24.2278061415717,20.665583717725,22.5340008265555,23.2705666104159,374.295458694422,1.74159206236345e-09,38.3332732875345,0.469197457304284,1.80719607483252e-09,67.3911022191666,0.363726958478282,2.54452023842952e-09,2351.56356660407,0.206079249321202,9.54812570683924e-10,2550.92007752972,0.321844378543005,2.31164848208441e-09,1308.42383756605,0.252552418976162,103.892104106492,32.3003709634654,0.181402063743229,27.0743780180159,0.954205499958239,4.79198980652736,2.85586605897494,38.4506055018936,0.977604701397522,6.95541402862092,4.45623758980928,41.9936143359296,0.832351849368939,22.278578181362,4.03947071343615
348,381.496317422208,117.279918858586,22.3663863664016,21.3876578131161,28.0804995183431,28.4032169406486,393.151852486935,1.6307524300874e-09,38.2633301123244,0.445850218626192,1.92608272096458e-09,69.0021395276751,0.362254610217788,2.2504002734405e-09,2023.62297013812,0.192661959502047,1.06336225163203e-09,3459.39377663686,0.388359476696631,2.28174733723625e-09,1305.5238502701,0.292277695580751,119.556522880311,23.3281468469981,0.482087559826075,23.4688521796066,0.83958521084312,5.66511679343755,4.43351003653417,37.4113715078012,0.926012805082414,7.90053395534801,6.51478779016526,43.2925404069681,0.990000359108706,21.2526930098806,5.53906669439385
348,381.496317422208,117.279918858586,22.3663863664016,21.3876578131161,28.0804995183431,28.4032169406486,393.151852486935,1.6307524300874e-09,38.2633301123244,0.445850218626192,1.92608272096458e-09,69.0021395276751,0.362254610217788,2.2504002734405e-09,2023.62297013812,0.192661959502047,1.06336225163203e-09,3459.39377663686,0.388359476696631,2.28174733723625e-09,1305.5238502701,0.292277695580751,119.556522880311,23.3281468469981,0.482087559826075,23.4688521796066,0.83958521084312,5.66511679343755,4.43351003653417,37.4113715078012,0.926012805082414,7.90053395534801,6.51478779016526,43.2925404069681,0.990000359108706,21.2526930098806,5.53906669439385
349,374.320860246203,107.180464214758,25.5867228601724,25.5349859705742,24.3519749368088,21.0010763638157,337.875866757404,1.69970332965102e-09,36.7179035413173,0.444458281033519,1.70808065700905e-09,72.4160003697424,0.403616224078319,2.18988550696226e-09,2491.62932145507,0.190660100741024,1.06026001590589e-09,2575.67949313779,0.342369028076362,2.0583386190159e-09,1241.44352589313,0.263874117371146,102.776895908856,29.4297385002148,0.290430982606353,22.5493614586688,0.899210169270297,7.16423186959342,4.68048352788412,32.2889682283364,0.953307629930341,4.25520434180446,3.52535610570114,39.7523082398214,0.988422959240727,22.1459085852616,4.90390319147717
349,374.320860246203,107.180464214758,25.5867228601724,25.5349859705742,24.3519749368088,21.0010763638157,337.875866757404,1.69970332965102e-09,36.7179035413173,0.444458281033519,1.70808065700905e-09,72.4160003697424,0.403616224078319,2.18988550696226e-09,2491.62932145507,0.190660100741024,1.06026001590589e-09,2575.67949313779,0.342369028076362,2.0583386190159e-09,1241.44352589313,0.263874117371146,102.776895908856,29.4297385002148,0.290430982606353,22.5493614586688,0.899210169270297,7.16423186959342,4.68048352788412,32.2889682283364,0.953307629930341,4.25520434180446,3.52535610570114,39.7523082398214,0.988422959240727,22.1459085852616,4.90390319147717
350,345.993174096867,92.6206895993668,20.6475791302959,25.4569927120276,26.5400946465034,26.6698706903154,314.964123074187,1.72432913944886e-09,39.8520798775313,0.442517798746295,1.62731567111861e-09,65.2880299692429,0.407459305570755,2.1654141795025e-09,2359.28139835545,0.201561258199912,8.43133739623542e-10,3099.66689312484,0.373119777660897,2.28314194769456e-09,1281.51101542201,0.261169178045296,80.3264177002692,32.3913690074707,0.472490489293339,26.1315667031704,0.838765009530696,3.322699684331,3.6461239592965,31.6973915201997,0.994391732457513,6.20944084901728,6.14582894302731,39.4674477094551,0.805126349453657,27.2500909953604,7.25074938563717
350,345.993174096867,92.6206895993668,20.6475791302959,25.4569927120276,26.5400946465034,26.6698706903154,314.964123074187,1.72432913944886e-09,39.8520798775313,0.442517798746295,1.62731567111861e-09,65.2880299692429,0.407459305570755,2.1654141795025e-09,2359.28139835545,0.201561258199912,8.43133739623542e-10,3099.66689312484,0.373119777660897,2.28314194769456e-09,1281.51101542201,0.261169178045296,80.3264177002692,32.3913690074707,0.472490489293339,26.1315667031704,0.838765009530696,3.322699684331,3.6461239592965,31.6973915201997,0.994391732457513,6.20944084901728,6.14582894302731,39.4674477094551,0.805126349453657,27.2500909953604,7.25074938563717
351,316.215106493185,85.609799362749,26.6409947675154,27.7885682836207,28.1868505920816,24.8595974482322,374.804285063693,1.75580261915523e-09,35.8768592739949,0.460265995657909,1.6696543118588e-09,79.5158668566895,0.448182983746213,2.51060648958938e-09,2075.91181437597,0.20527379655813,1.0189809049617e-09,2781.16242000885,0.355044917500875,2.08560298379587e-09,1356.1092600549,0.277641637263682,117.880450897266,34.546285124083,0.389282523100396,20.5423904620342,0.976756746423538,6.15116494214625,4.8898392517185,33.5968026708545,0.960586344986003,5.05778662848206,4.49772509614238,37.1952462542607,0.954497342175674,24.8586379221659,4.54434806778064
351,316.215106493185,85.609799362749,26.6409947675154,27.7885682836207,28.1868505920816,24.8595974482322,374.804285063693,1.75580261915523e-09,35.8768592739949,0.460265995657909,1.6696543118588e-09,79.5158668566895,0.448182983746213,2.51060648958938e-09,2075.91181437597,0.20527379655813,1.0189809049617e-09,2781.16242000885,0.355044917500875,2.08560298379587e-09,1356.1092600549,0.277641637263682,117.880450897266,34.546285124083,0.389282523100396,20.5423904620342,0.976756746423538,6.15116494214625,4.8898392517185,33.5968026708545,0.960586344986003,5.05778662848206,4.49772509614238,37.1952462542607,0.954497342175674,24.8586379221659,4.54434806778064
352,372.954509992908,80.5504248607649,26.0431558849439,28.7573376868961,21.9963188247044,25.4366069731009,343.743978281813,1.65205240053183e-09,30.6203676272767,0.45065468414548,1.98863573934037e-09,78.6353456333195,0.389220845090628,2.03663946583625e-09,2038.78133281721,0.182777583605463,8.99727617381881e-10,3246.13729195529,0.335693704041987,2.04737658971325e-09,1462.88612371511,0.344840064723147,93.0668656943835,34.4206494094611,0.87914271943446,21.8319158945564,0.948048387777997,6.15408009035711,4.39513129005053,30.7059426352296,0.894215149674513,4.8036280131806,3.37818566529812,42.7015061528089,0.950149353521922,21.3864394435987,5.20583847754786
352,372.954509992908,80.5504248607649,26.0431558849439,28.7573376868961,21.9963188247044,25.4366069731009,343.743978281813,1.65205240053183e-09,30.6203676272767,0.45065468414548,1.98863573934037e-09,78.6353456333195,0.389220845090628,2.03663946583625e-09,2038.78133281721,0.182777583605463,8.99727617381881e-10,3246.13729195529,0.335693704041987,2.04737658971325e-09,1462.88612371511,0.344840064723147,93.0668656943835,34.4206494094611,0.87914271943446,21.8319158945564,0.948048387777997,6.15408009035711,4.39513129005053,30.7059426352296,0.894215149674513,4.8036280131806,3.37818566529812,42.7015061528089,0.950149353521922,21.3864394435987,5.20583847754786
353,351.270741982834,95.3182767945008,24.2008356547899,23.0291678252647,26.5791989423905,21.3396278059263,392.155094634778,1.40523476629581e-09,36.9554416391702,0.458470033985417,1.89432272120438e-09,65.4833928901278,0.447304192530217,2.22255925435506e-09,2164.91524127926,0.204539579633281,1.08280136637903e-09,2625.51120827563,0.301569110707527,2.38320017710055e-09,1419.94908602638,0.264089435057029,118.841056659935,30.7120407865677,0.579484632982079,26.6390892912665,0.959109078036356,4.91065843211972,4.45107138959229,33.1129794946083,0.838880559990283,4.74634255391317,6.4469315236353,42.5131802298905,0.830901208681406,25.899116211279,6.99105561485548
353,351.270741982834,95.3182767945008,24.2008356547899,23.0291678252647,26.5791989423905,21.3396278059263,392.155094634778,1.40523476629581e-09,36.9554416391702,0.458470033985417,1.89432272120438e-09,65.4833928901278,0.447304192530217,2.22255925435506e-09,2164.91524127926,0.204539579633281,1.08280136637903e-09,2625.51120827563,0.301569110707527,2.38320017710055e-09,1419.94908602638,0.264089435057029,118.841056659935,30.7120407865677,0.579484632982079,26.6390892912665,0.959109078036356,4.91065843211972,4.45107138959229,33.1129794946083,0.838880559990283,4.74634255391317,6.4469315236353,42.5131802298905,0.830901208681406,25.899116211279,6.99105561485548
354,355.45439858088,112.439987066801,23.4621054662033,21.5231407194564,25.7881856342366,27.8955993138439,356.651854794193,1.49136505053328e-09,35.1169209419375,0.412146936170727,1.94449066006191e-09,65.3449889485121,0.371775046069498,2.37150845554703e-09,2608.71657687249,0.18461994055801,9.76141829033248e-10,3491.47760895629,0.371889891215163,2.22152753518437e-09,1343.19034494307,0.296512211622295,92.7469448663261,27.0846221419317,0.73448802928386,27.0515575425495,0.932797901033308,6.68884867247137,2.1277182920467,31.1177397928381,0.857074433156386,7.70235847550228,3.71192091478395,37.0760440977254,0.805639713451833,21.1245968686528,5.09802866050301
354,355.45439858088,112.439987066801,23.4621054662033,21.5231407194564,25.7881856342366,27.8955993138439,356.651854794193,1.49136505053328e-09,35.1169209419375,0.412146936170727,1.94449066006191e-09,65.3449889485121,0.371775046069498,2.37150845554703e-09,2608.71657687249,0.18461994055801,9.76141829033248e-10,3491.47760895629,0.371889891215163,2.22152753518437e-09,1343.19034494307,0.296512211622295,92.7469448663261,27.0846221419317,0.73448802928386,27.0515575425495,0.932797901033308,6.68884867247137,2.1277182920467,31.1177397928381,0.857074433156386,7.70235847550228,3.71192091478395,37.0760440977254,0.805639713451833,21.1245968686528,5.09802866050301
355,341.783418041131,96.3441370756428,23.3611799584558,20.5185585656474,25.8390299715151,22.9399517633839,392.86535766395,1.50899539788089e-09,31.2409547002127,0.451101421805173,1.71462228165613e-09,76.5713559187642,0.448229739882816,2.46308079738894e-09,2551.69811505535,0.218841003280441,9.52135331938769e-10,3175.85297959641,0.332128831095868,2.07400928408501e-09,1380.67715598408,0.282203614068746,118.606572657469,39.0656379422005,0.246666925991825,25.5869798903872,0.916840239550699,5.85004665319944,2.51884259564903,39.0809802646731,0.785281695701341,6.77955424057356,4.94372536407404,40.318557685605,0.94158727150716,28.1264946991978,6.8445408045958
355,341.783418041131,96.3441370756428,23.3611799584558,20.5185585656474,25.8390299715151,22.9399517633839,392.86535766395,1.50899539788089e-09,31.2409547002127,0.451101421805173,1.71462228165613e-09,76.5713559187642,0.448229739882816,2.46308079738894e-09,2551.69811505535,0.218841003280441,9.52135331938769e-10,3175.85297959641,0.332128831095868,2.07400928408501e-09,1380.67715598408,0.282203614068746,118.606572657469,39.0656379422005,0.246666925991825,25.5869798903872,0.916840239550699,5.85004665319944,2.51884259564903,39.0809802646731,0.785281695701341,6.77955424057356,4.94372536407404,40.318557685605,0.94158727150716,28.1264946991978,6.8445408045958
356,328.758873984197,95.393741868199,24.6318122620833,24.8292618945112,28.093000453126,25.4780669955983,371.291528985597,1.6917431507291e-09,36.4118774434861,0.476105172499983,1.67646334705921e-09,68.0664308884374,0.369879007812533,2.57711123851761e-09,2682.2793832075,0.203564926094731,9.10213223265528e-10,3346.40530289294,0.311337447989484,2.22952913473555e-09,1404.06748682866,0.334880131408268,81.0696955824842,26.882661277222,0.668869678325608,27.6616964214163,0.851180352676534,4.27677085670414,3.54864518792175,32.7154036122717,0.962192594076168,6.6382073474301,6.72586837786871,44.1877741484851,0.814609843778757,29.8169863491007,6.75338469849519
356,328.758873984197,95.393741868199,24.6318122620833,24.8292618945112,28.093000453126,25.4780669955983,371.291528985597,1.6917431507291e-09,36.4118774434861,0.476105172499983,1.67646334705921e-09,68.0664308884374,0.369879007812533,2.57711123851761e-09,2682.2793832075,0.203564926094731,9.10213223265528e-10,3346.40530289294,0.311337447989484,2.22952913473555e-09,1404.06748682866,0.334880131408268,81.0696955824842,26.882661277222,0.668869678325608,27.6616964214163,0.851180352676534,4.27677085670414,3.54864518792175,32.7154036122717,0.962192594076168,6.6382073474301,6.72586837786871,44.1877741484851,0.814609843778757,29.8169863491007,6.75338469849519
357,345.158336803519,116.564404654246,26.0115413662857,26.03253991682,28.0308509470478,25.1605543713332,317.447853089976,1.62872705317566e-09,33.6229489978043,0.476525863525916,1.75883681119361e-09,60.2042239051672,0.449607503433045,2.46074094004021e-09,2418.32528940659,0.219977249096755,8.18894342753147e-10,3217.46765196044,0.342276272064985,2.26484103298131e-09,1291.3025106879,0.268315380829998,103.696349360195,26.3795382866796,0.653085784122984,20.8038188221314,0.886248468435483,3.82332609431811,3.19227534747107,34.2283726736731,0.852624584504575,4.11065339361411,3.41502879676797,41.1266207703859,0.953847936785215,24.1051796471183,4.5391863663929
357,345.158336803519,116.564404654246,26.0115413662857,26.03253991682,28.0308509470478,25.1605543713332,317.447853089976,1.62872705317566e-09,33.6229489978043,0.476525863525916,1.75883681119361e-09,60.2042239051672,0.449607503433045,2.46074094004021e-09,2418.32528940659,0.219977249096755,8.18894342753147e-10,3217.46765196044,0.342276272064985,2.26484103298131e-09,1291.3025106879,0.268315380829998,103.696349360195,26.3795382866796,0.653085784122984,20.8038188221314,0.886248468435483,3.82332609431811,3.19227534747107,34.2283726736731,0.852624584504575,4.11065339361411,3.41502879676797,41.1266207703859,0.953847936785215,24.1051796471183,4.5391863663929
358,320.472910542243,80.3207367876121,29.4238637508871,23.0748740836288,25.6749956125955,29.6422906914754,321.534804982128,1.60522972433344e-09,31.650440798656,0.447178253611991,1.8086982422434e-09,70.9459092277352,0.368227641082709,2.12616069202447e-09,2130.22148963117,0.183558976447464,1.005429919386e-09,2955.72185345311,0.361356805459881,2.22252049690339e-09,1510.03853102339,0.296979706865077,89.7835345237509,25.179352481256,0.741976209605308,28.7242475664821,0.846189999580812,4.60626230097706,2.51206701133473,36.0738168564804,0.81233415443045,3.81587116244994,3.15265475216099,37.6862052276158,0.863864792877814,29.3365494994143,6.15346190673805
358,320.472910542243,80.3207367876121,29.4238637508871,23.0748740836288,25.6749956125955,29.6422906914754,321.534804982128,1.60522972433344e-09,31.650440798656,0.447178253611991,1.8086982422434e-09,70.9459092277352,0.368227641082709,2.12616069202447e-09,2130.22148963117,0.183558976447464,1.005429919386e-09,2955.72185345311,0.361356805459881,2.22252049690339e-09,1510.03853102339,0.296979706865077,89.7835345237509,25.179352481256,0.741976209605308,28.7242475664821,0.846189999580812,4.60626230097706,2.51206701133473,36.0738168564804,0.81233415443045,3.81587116244994,3.15265475216099,37.6862052276158,0.863864792877814,29.3365494994143,6.15346190673805
359,361.986480741758,101.188462908422,29.0417723765144,22.8604915181327,22.9747183143318,23.9984224697581,301.824249351943,1.66302648381315e-09,36.2499327084455,0.413114995923696,1.99310434208208e-09,65.6782802449079,0.397129509102847,2.46397258664952e-09,2549.17784423975,0.182987307471157,1.06962999313369e-09,3478.72573923562,0.357527883672706,2.00918206079988e-09,1231.86864914577,0.317082300282509,86.8149139800487,27.3809906754753,0.827628312372652,29.5788961214452,0.882668370470386,6.15256226446738,4.17632738985825,31.2716093163358,0.949964591558267,6.59435017694134,6.60636095324207,36.3720024290059,0.958425609745239,26.5496867847077,4.26275192207472
359,361.986480741758,101.188462908422,29.0417723765144,22.8604915181327,22.9747183143318,23.9984224697581,301.824249351943,1.66302648381315e-09,36.2499327084455,0.413114995923696,1.99310434208208e-09,65.6782802449079,0.397129509102847,2.46397258664952e-09,2549.17784423975,0.182987307471157,1.06962999313369e-09,3478.72573923562,0.357527883672706,2.00918206079988e-09,1231.86864914577,0.317082300282509,86.8149139800487,27.3809906754753,0.827628312372652,29.5788961214452,0.882668370470386,6.15256226446738,4.17632738985825,31.2716093163358,0.949964591558267,6.59435017694134,6.60636095324207,36.3720024290059,0.958425609745239,26.5496867847077,4.26275192207472
360,332.314949623775,83.5394103287181,24.6365440279827,23.5163136627958,23.5986936219503,27.1092508250508,317.988695592843,1.79385934843713e-09,39.3883455455925,0.407214144809902,1.97646876453166e-09,64.3825616297967,0.442282882792987,2.58579264300916e-09,2401.82736376973,0.211859558517348,9.29070978342867e-10,2599.25774986608,0.305702561056315,2.06722894359113e-09,1271.69178187249,0.319485433944865,102.809059719718,31.8209711034739,0.868724388406381,25.5637673597566,0.924760463589854,6.5969166727541,2.66496276589647,36.3190550300249,0.845319215965033,5.35844038997729,3.34637887018744,40.6157300182347,0.897909798131553,21.6452170879435,6.04228452476519
360,332.314949623775,83.5394103287181,24.6365440279827,23.5163136627958,23.5986936219503,27.1092508250508,317.988695592843,1.79385934843713e-09,39.3883455455925,0.407214144809902,1.97646876453166e-09,64.3825616297967,0.442282882792987,2.58579264300916e-09,2401.82736376973,0.211859558517348,9.29070978342867e-10,2599.25774986608,0.305702561056315,2.06722894359113e-09,1271.69178187249,0.319485433944865,102.809059719718,31.8209711034739,0.868724388406381,25.5637673597566,0.924760463589854,6.5969166727541,2.66496276589647,36.3190550300249,0.845319215965033,5.35844038997729,3.34637887018744,40.6157300182347,0.897909798131553,21.6452170879435,6.04228452476519
361,396.425902176177,98.4641669002244,29.9664720182002,24.9545688076958,25.480160206905,27.610402678763,326.757925343402,1.74488398079278e-09,30.6973549699022,0.409753933883143,1.9238939244617e-09,71.9723796780755,0.355407410267894,2.36352073789171e-09,2174.1445070928,0.190246835566217,1.0547900377705e-09,3019.60372487182,0.334188849206963,2.10972846113744e-09,1266.10387718435,0.341266668966397,112.394260692852,30.09929457769,0.138937997650162,23.73165778938,0.970948390836214,5.87599351682187,2.3641235338465,38.8216109223089,0.851315504572631,4.51993543238309,5.90266488212134,42.1235167244141,0.849922033930454,20.707181000085,7.65575311321834
361,396.425902176177,98.4641669002244,29.9664720182002,24.9545688076958,25.480160206905,27.610402678763,326.757925343402,1.74488398079278e-09,30.6973549699022,0.409753933883143,1.9238939244617e-09,71.9723796780755,0.355407410267894,2.36352073789171e-09,2174.1445070928,0.190246835566217,1.0547900377705e-09,3019.60372487182,0.334188849206963,2.10972846113744e-09,1266.10387718435,0.341266668966397,112.394260692852,30.09929457769,0.138937997650162,23.73165778938,0.970948390836214,5.87599351682187,2.3641235338465,38.8216109223089,0.851315504572631,4.51993543238309,5.90266488212134,42.1235167244141,0.849922033930454,20.707181000085,7.65575311321834
362,317.07442595771,97.1209276855584,23.8787908699105,28.8820230462937,22.0113534938433,29.2303791626724,387.810323265419,1.6217765676127e-09,35.4527371655145,0.454449910554778,1.78105000466991e-09,71.7509166762149,0.434935228734889,2.31043481234187e-09,2786.40248505454,0.210894294964301,1.17583234508093e-09,2547.86386307663,0.306039994884084,2.38812089114567e-09,1477.512424144,0.337531921717548,102.636515133251,23.7643036726872,0.983231279451273,22.7467458265729,0.928786029893251,3.60653813626352,3.43044992048589,35.474571936287,0.813570558696976,4.81883747273745,5.43221478649405,44.5762576507436,0.951116933906507,20.6472511925363,5.43100333303626
362,317.07442595771,97.1209276855584,23.8787908699105,28.8820230462937,22.0113534938433,29.2303791626724,387.810323265419,1.6217765676127e-09,35.4527371655145,0.454449910554778,1.78105000466991e-09,71.7509166762149,0.434935228734889,2.31043481234187e-09,2786.40248505454,0.210894294964301,1.17583234508093e-09,2547.86386307663,0.306039994884084,2.38812089114567e-09,1477.512424144,0.337531921717548,102.636515133251,23.7643036726872,0.983231279451273,22.7467458265729,0.928786029893251,3.60653813626352,3.43044992048589,35.474571936287,0.813570558696976,4.81883747273745,5.43221478649405,44.5762576507436,0.951116933906507,20.6472511925363,5.43100333303626
363,381.919682566735,113.15603175924,25.3775214249411,20.0174762439498,27.2575434034095,26.6478555906101,396.980856795486,1.71939642037215e-09,32.4723930000724,0.472581554690657,1.89892425283551e-09,74.3000490822063,0.35403122741907,2.20013972782906e-09,2152.20433365259,0.186905418025492,1.155633505375e-09,2762.28369768772,0.378119591499175,2.24661803029726e-09,1292.88226027831,0.314613227926577,89.3801644994272,33.4672839520023,0.459109079985571,25.950667487542,0.959966156951092,5.01922919909421,3.03942709862613,36.8602451542802,0.782694793630611,4.00044312221727,5.5193053527603,35.626971650564,0.922663932033643,24.6690453199512,5.88830211687474
363,381.919682566735,113.15603175924,25.3775214249411,20.0174762439498,27.2575434034095,26.6478555906101,396.980856795486,1.71939642037215e-09,32.4723930000724,0.472581554690657,1.89892425283551e-09,74.3000490822063,0.35403122741907,2.20013972782906e-09,2152.20433365259,0.186905418025492,1.155633505375e-09,2762.28369768772,0.378119591499175,2.24661803029726e-09,1292.88226027831,0.314613227926577,89.3801644994272,33.4672839520023,0.459109079985571,25.950667487542,0.959966156951092,5.01922919909421,3.03942709862613,36.8602451542802,0.782694793630611,4.00044312221727,5.5193053527603,35.626971650564,0.922663932033643,24.6690453199512,5.88830211687474
364,394.67840001356,118.713189047573,26.3321093756745,21.4180398144065,24.1830114878823,27.1014538114424,359.275233201871,1.72803621594057e-09,35.3018698717541,0.458523137800747,1.7445206817997e-09,68.3846417433436,0.384244688235951,2.58686576492458e-09,2264.29280983839,0.218252534241613,8.17767550779858e-10,3160.67080842176,0.305991470171359,2.06827563508265e-09,1552.98423221435,0.285848183100097,83.3255367112044,27.0604242615033,0.0176637850717072,23.854312115011,0.948075363285824,5.01384513256748,3.09641233429549,39.9029239881639,0.905921492902174,7.86679950409679,5.64768372831437,35.0768034287585,0.78083722702093,25.1049302201424,4.27534719714704
364,394.67840001356,118.713189047573,26.3321093756745,21.4180398144065,24.1830114878823,27.1014538114424,359.275233201871,1.72803621594057e-09,35.3018698717541,0.458523137800747,1.7445206817997e-09,68.3846417433436,0.384244688235951,2.58686576492458e-09,2264.29280983839,0.218252534241613,8.17767550779858e-10,3160.67080842176,0.305991470171359,2.06827563508265e-09,1552.98423221435,0.285848183100097,83.3255367112044,27.0604242615033,0.0176637850717072,23.854312115011,0.948075363285824,5.01384513256748,3.09641233429549,39.9029239881639,0.905921492902174,7.86679950409679,5.64768372831437,35.0768034287585,0.78083722702093,25.1049302201424,4.27534719714704
365,337.450708508644,98.8655310365743,20.479998977115,24.6428514175966,22.3953232389828,26.8821226620304,392.238523726619,1.60180345396494e-09,36.1171178581345,0.466483995367923,1.91383913098589e-09,70.5348341598816,0.424777768506571,2.56419461039767e-09,2753.97024243652,0.211329761583907,1.10319354597765e-09,2855.28420426765,0.355746695442348,2.25727990842343e-09,1298.08818803091,0.314709773673607,104.454438391052,29.8675090463993,0.968642506170566,26.7048166623084,0.961511928934331,4.40834373523157,2.25149941602259,35.3891467298654,0.799669692360451,5.77053272763583,4.30433599914444,41.0720503448133,0.993876928742467,28.0531235193113,7.22289468680698
365,337.450708508644,98.8655310365743,20.479998977115,24.6428514175966,22.3953232389828,26.8821226620304,392.238523726619,1.60180345396494e-09,36.1171178581345,0.466483995367923,1.91383913098589e-09,70.5348341598816,0.424777768506571,2.56419461039767e-09,2753.97024243652,0.211329761583907,1.10319354597765e-09,2855.28420426765,0.355746695442348,2.25727990842343e-09,1298.08818803091,0.314709773673607,104.454438391052,29.8675090463993,0.968642506170566,26.7048166623084,0.961511928934331,4.40834373523157,2.25149941602259,35.3891467298654,0.799669692360451,5.77053272763583,4.30433599914444,41.0720503448133,0.993876928742467,28.0531235193113,7.22289468680698
366,338.901877210313,89.0787269037472,20.4268456933545,24.9734841774823,20.5475019878139,23.6823807394663,393.261539147125,1.46820612992936e-09,31.3354534469726,0.454815359687654,1.72916118550024e-09,73.1356106349226,0.40277612140541,2.04229057250105e-09,2710.50705465617,0.185361261587052,8.5339774381997e-10,3343.79382765981,0.369680061760446,2.32446853145485e-09,1495.20324036218,0.279846085000566,103.997096645755,22.3563698873904,0.0246955761216507,23.8375415019591,0.916334942274696,5.16051394587557,2.85323866378355,32.2258469164768,0.887956131207557,3.37965753827915,5.65130160502797,44.213197823032,0.967627967587111,27.0919792149665,6.53934075883816
366,338.901877210313,89.0787269037472,20.4268456933545,24.9734841774823,20.5475019878139,23.6823807394663,393.261539147125,1.46820612992936e-09,31.3354534469726,0.454815359687654,1.72916118550024e-09,73.1356106349226,0.40277612140541,2.04229057250105e-09,2710.50705465617,0.185361261587052,8.5339774381997e-10,3343.79382765981,0.369680061760446,2.32446853145485e-09,1495.20324036218,0.279846085000566,103.997096645755,22.3563698873904,0.0246955761216507,23.8375415019591,0.916334942274696,5.16051394587557,2.85323866378355,32.2258469164768,0.887956131207557,3.37965753827915,5.65130160502797,44.213197823032,0.967627967587111,27.0919792149665,6.53934075883816
367,368.322401822009,111.877256533214,20.0476145414229,23.1301039375642,24.2872114703666,21.4643473083995,381.233941590973,1.5140952762758e-09,36.0400610078172,0.414701028104162,1.75815689988199e-09,68.4077879546715,0.42669903839954,2.51503405217479e-09,2764.82773470126,0.206667602039737,1.00692246713048e-09,3349.05873022144,0.396188587259966,2.28682204467964e-09,1399.09871021438,0.286136299934489,100.436826926965,37.4931250009001,0.349895101475894,21.7325351688988,0.813279462816258,5.97908012673853,4.12565764286644,32.4791251163287,0.839056102486057,7.92023239903587,6.26485530209021,35.1489857192623,0.880945274870794,21.8577518934995,7.95569307482488
367,368.322401822009,111.877256533214,20.0476145414229,23.1301039375642,24.2872114703666,21.4643473083995,381.233941590973,1.5140952762758e-09,36.0400610078172,0.414701028104162,1.75815689988199e-09,68.4077879546715,0.42669903839954,2.51503405217479e-09,2764.82773470126,0.206667602039737,1.00692246713048e-09,3349.05873022144,0.396188587259966,2.28682204467964e-09,1399.09871021438,0.286136299934489,100.436826926965,37.4931250009001,0.349895101475894,21.7325351688988,0.813279462816258,5.97908012673853,4.12565764286644,32.4791251163287,0.839056102486057,7.92023239903587,6.26485530209021,35.1489857192623,0.880945274870794,21.8577518934995,7.95569307482488
368,381.893007980165,98.4023997725962,21.9232331545132,20.1399491865028,23.6680446310428,25.1999507336194,364.645035367897,1.49275909982128e-09,35.1041197115302,0.471845157452618,1.61149409853264e-09,75.1198082561256,0.35451108798826,2.25695158118058e-09,2497.38700280872,0.186533165660003,1.01163415573664e-09,3149.92792541898,0.380413948303692,2.19125226944708e-09,1476.26008572918,0.332854402034305,116.716066601482,20.7790536623052,0.888460596870367,24.3495437982668,0.780508509231631,5.30542804487555,2.62181749365721,35.6008122403265,0.865082854846035,3.42535224711092,4.97948930544373,35.915444311978,0.971806726861343,29.2079761237697,7.98780320646546
368,381.893007980165,98.4023997725962,21.9232331545132,20.1399491865028,23.6680446310428,25.1999507336194,364.645035367897,1.49275909982128e-09,35.1041197115302,0.471845157452618,1.61149409853264e-09,75.1198082561256,0.35451108798826,2.25695158118058e-09,2497.38700280872,0.186533165660003,1.01163415573664e-09,3149.92792541898,0.380413948303692,2.19125226944708e-09,1476.26008572918,0.332854402034305,116.716066601482,20.7790536623052,0.888460596870367,24.3495437982668,0.780508509231631,5.30542804487555,2.62181749365721,35.6008122403265,0.865082854846035,3.42535224711092,4.97948930544373,35.915444311978,0.971806726861343,29.2079761237697,7.98780320646546
369,349.605250447454,103.412098760476,27.9418239949204,21.0137702496643,26.7256826368039,20.3953271630116,350.796720263583,1.50693744799778e-09,37.5380432668913,0.461828487128537,1.76904487883781e-09,75.6823646741504,0.377370456216201,2.55819402372351e-09,2437.04960459853,0.21925382724772,1.08984082485254e-09,3106.9936225887,0.326296244234909,2.11237323229195e-09,1407.30086119012,0.307241712077841,116.157936601652,30.4749851256512,0.0263742708677438,29.2623206753116,0.924315167646665,3.57722771802739,4.58274767790131,30.44931626204,0.957332606029951,7.02715555294321,4.57343391798088,39.8644432167464,0.791660413314371,22.5137361573843,6.63833051651717
369,349.605250447454,103.412098760476,27.9418239949204,21.0137702496643,26.7256826368039,20.3953271630116,350.796720263583,1.50693744799778e-09,37.5380432668913,0.461828487128537,1.76904487883781e-09,75.6823646741504,0.377370456216201,2.55819402372351e-09,2437.04960459853,0.21925382724772,1.08984082485254e-09,3106.9936225887,0.326296244234909,2.11237323229195e-09,1407.30086119012,0.307241712077841,116.157936601652,30.4749851256512,0.0263742708677438,29.2623206753116,0.924315167646665,3.57722771802739,4.58274767790131,30.44931626204,0.957332606029951,7.02715555294321,4.57343391798088,39.8644432167464,0.791660413314371,22.5137361573843,6.63833051651717
370,316.689790343793,100.567110797524,25.3958149326849,25.4297752001526,23.5311987418804,23.979605079232,334.484166425569,1.47234269469125e-09,36.0457666515185,0.416250487304428,1.86210672453396e-09,73.0483853174512,0.404313999753545,2.01713714554327e-09,2713.66253821506,0.200087945204481,1.04188789652707e-09,2638.22556519751,0.353332409651236,2.3693167316669e-09,1419.18653705896,0.333144726987937,108.182962995099,22.1169338643568,0.824376696794858,23.5772272142201,0.953532280573349,7.50504217313037,2.45492659561018,39.3294506783822,0.932085035918546,7.34167616184465,3.88148392514608,37.910340995229,0.815010998818575,24.0008816865979,4.33544926656
370,316.689790343793,100.567110797524,25.3958149326849,25.4297752001526,23.5311987418804,23.979605079232,334.484166425569,1.47234269469125e-09,36.0457666515185,0.416250487304428,1.86210672453396e-09,73.0483853174512,0.404313999753545,2.01713714554327e-09,2713.66253821506,0.200087945204481,1.04188789652707e-09,2638.22556519751,0.353332409651236,2.3693167316669e-09,1419.18653705896,0.333144726987937,108.182962995099,22.1169338643568,0.824376696794858,23.5772272142201,0.953532280573349,7.50504217313037,2.45492659561018,39.3294506783822,0.932085035918546,7.34167616184465,3.88148392514608,37.910340995229,0.815010998818575,24.0008816865979,4.33544926656
371,317.908241677398,92.4771254982826,28.5321532159894,25.3342969648505,27.5567087095103,26.7024352981317,332.405641285359,1.56065579182662e-09,38.1769683792017,0.440470598080104,1.73988044414513e-09,64.5076139028912,0.376988054339176,2.20483191027869e-09,2294.32512013765,0.19682145637262,1.08334499371579e-09,3241.71676062933,0.332821552741868,2.3562432080343e-09,1219.29193504376,0.297621227024969,87.8911855570952,26.2083445124652,0.564182762193978,21.131805832316,0.812095820763978,5.2998416048099,4.53282090588637,37.6071013574019,0.98751541057651,6.84798193324296,5.0351272117624,35.5099071285698,0.807252141989603,23.1811182500706,5.7083619231764
371,317.908241677398,92.4771254982826,28.5321532159894,25.3342969648505,27.5567087095103,26.7024352981317,332.405641285359,1.56065579182662e-09,38.1769683792017,0.440470598080104,1.73988044414513e-09,64.5076139028912,0.376988054339176,2.20483191027869e-09,2294.32512013765,0.19682145637262,1.08334499371579e-09,3241.71676062933,0.332821552741868,2.3562432080343e-09,1219.29193504376,0.297621227024969,87.8911855570952,26.2083445124652,0.564182762193978,21.131805832316,0.812095820763978,5.2998416048099,4.53282090588637,37.6071013574019,0.98751541057651,6.84798193324296,5.0351272117624,35.5099071285698,0.807252141989603,23.1811182500706,5.7083619231764
372,394.53327951039,112.93040930944,27.6244776065017,21.6243773148435,23.1488669580502,27.1761019508579,395.439592548023,1.63316121121335e-09,38.6103168554222,0.461814490839251,1.68786584162241e-09,76.630118722892,0.39318543938983,2.32513603097188e-09,2195.5757041522,0.212107698009736,9.31855094228535e-10,2829.1854829144,0.35693033229989,2.00245290457502e-09,1520.09195506061,0.324216261485862,102.548720203169,38.31108100439,0.676890151415561,28.9135815299391,0.987584960497742,7.97206935380529,3.74329715698588,38.8015195719376,0.926264650474404,4.85400922291793,5.43203527603153,44.2066561501667,0.87068023299863,28.0956361978948,4.29247588179455
372,394.53327951039,112.93040930944,27.6244776065017,21.6243773148435,23.1488669580502,27.1761019508579,395.439592548023,1.63316121121335e-09,38.6103168554222,0.461814490839251,1.68786584162241e-09,76.630118722892,0.39318543938983,2.32513603097188e-09,2195.5757041522,0.212107698009736,9.31855094228535e-10,2829.1854829144,0.35693033229989,2.00245290457502e-09,1520.09195506061,0.324216261485862,102.548720203169,38.31108100439,0.676890151415561,28.9135815299391,0.987584960497742,7.97206935380529,3.74329715698588,38.8015195719376,0.926264650474404,4.85400922291793,5.43203527603153,44.2066561501667,0.87068023299863,28.0956361978948,4.29247588179455
373,339.454508074691,97.928560553974,27.7759355921489,27.7243390281647,22.9793998290171,22.9144272982934,314.418271944837,1.77579706538078e-09,37.6189566328833,0.471674994681609,1.90796691888343e-09,75.0503317092806,0.400370404080263,2.17171709433833e-09,2722.8695472849,0.213511402905212,9.26822357428171e-10,2510.54552821647,0.32892420337031,2.09652334205485e-09,1418.17985601214,0.344486011831098,80.2345231580913,24.7894179279626,0.864896062437802,24.8032975839854,0.980186562573516,7.55664346018723,2.71297336882756,32.045370301595,0.896112773721387,4.4227199460075,6.44294441513327,39.0246349292479,0.829931043598438,21.0278204072132,5.23719958178934
373,339.454508074691,97.928560553974,27.7759355921489,27.7243390281647,22.9793998290171,22.9144272982934,314.418271944837,1.77579706538078e-09,37.6189566328833,0.471674994681609,1.90796691888343e-09,75.0503317092806,0.400370404080263,2.17171709433833e-09,2722.8695472849,0.213511402905212,9.26822357428171e-10,2510.54552821647,0.32892420337031,2.09652334205485e-09,1418.17985601214,0.344486011831098,80.2345231580913,24.7894179279626,0.864896062437802,24.8032975839854,0.980186562573516,7.55664346018723,2.71297336882756,32.045370301595,0.896112773721387,4.4227199460075,6.44294441513327,39.0246349292479,0.829931043598438,21.0278204072132,5.23719958178934
374,378.987961394326,93.391889645111,21.1094137816898,28.8386808307061,20.2953006816849,26.3140836642765,352.377576101426,1.70444881716527e-09,32.8102019326587,0.475639932857032,1.60696996434877e-09,63.91032492954,0.440073188114979,2.47290386072456e-09,2076.62230088377,0.201096224802632,8.03960538439724e-10,3109.86777536888,0.337719124871737,2.22949133502207e-09,1565.39036030975,0.265492266068113,115.596235890167,35.0465636879706,0.561735652747856,22.0889903776952,0.992540194484144,6.16916268376812,2.57158483344385,31.1130122214183,0.887749600685118,7.7753950112064,3.14750003329939,36.0988276189089,0.941492715537699,22.1094552422225,6.83112536099972
374,378.987961394326,93.391889645111,21.1094137816898,28.8386808307061,20.2953006816849,26.3140836642765,352.377576101426,1.70444881716527e-09,32.8102019326587,0.475639932857032,1.60696996434877e-09,63.91032492954,0.440073188114979,2.47290386072456e-09,2076.62230088377,0.201096224802632,8.03960538439724e-10,3109.86777536888,0.337719124871737,2.22949133502207e-09,1565.39036030975,0.265492266068113,115.596235890167,35.0465636879706,0.561735652747856,22.0889903776952,0.992540194484144,6.16916268376812,2.57158483344385,31.1130122214183,0.887749600685118,7.7753950112064,3.14750003329939,36.0988276189089,0.941492715537699,22.1094552422225,6.83112536099972
375,365.207712122319,116.461597368656,26.9421713557089,27.5556555724335,24.2166987995076,23.7994266291315,341.696115761179,1.44081072219436e-09,31.2122609182613,0.401706072955597,1.87957963182854e-09,78.026492385162,0.360029297624229,2.53232176272234e-09,2520.62760153204,0.209475444107321,1.11704542723855e-09,2515.87186174061,0.324405681516584,2.33923252080653e-09,1238.77728038921,0.34299989481728,91.870159759113,25.3905690069459,0.388071553016596,28.4225144386154,0.980004168568445,5.11582867308687,2.98304468721666,37.1268098329745,0.98958045503657,6.43142893254678,3.54785735224804,38.5476852720703,0.843625082129687,23.868084013372,6.53261840614859
375,365.207712122319,116.461597368656,26.9421713557089,27.5556555724335,24.2166987995076,23.7994266291315,341.696115761179,1.44081072219436e-09,31.2122609182613,0.401706072955597,1.87957963182854e-09,78.026492385162,0.360029297624229,2.53232176272234e-09,2520.62760153204,0.209475444107321,1.11704542723855e-09,2515.87186174061,0.324405681516584,2.33923252080653e-09,1238.77728038921,0.34299989481728,91.870159759113,25.3905690069459,0.388071553016596,28.4225144386154,0.980004168568445,5.11582867308687,2.98304468721666,37.1268098329745,0.98958045503657,6.43142893254678,3.54785735224804,38.5476852720703,0.843625082129687,23.868084013372,6.53261840614859
376,379.608877542485,85.9399521713068,22.8298791477788,23.4991694841015,22.7521303019863,22.967970902868,389.644685170991,1.72093535349871e-09,37.3183818796765,0.427486898233987,1.77616196690731e-09,64.9490249003797,0.362451746459108,2.32520726518819e-09,2473.19741871273,0.21873568716621,9.56213259721259e-10,3077.63248861049,0.353560867337358,2.25997890831275e-09,1483.83922130442,0.310977408977655,114.458019878805,37.4387591320528,0.253465525417014,27.9090411814417,0.920621145120904,5.65011550486511,3.14161958034565,32.729016475505,0.920983472863887,4.79488536526473,5.50028144058165,44.4163446404151,0.963529612892063,29.5199839765945,6.99363574064659
376,379.608877542485,85.9399521713068,22.8298791477788,23.4991694841015,22.7521303019863,22.967970902868,389.644685170991,1.72093535349871e-09,37.3183818796765,0.427486898233987,1.77616196690731e-09,64.9490249003797,0.362451746459108,2.32520726518819e-09,2473.19741871273,0.21873568716621,9.56213259721259e-10,3077.63248861049,0.353560867337358,2.25997890831275e-09,1483.83922130442,0.310977408977655,114.458019878805,37.4387591320528,0.253465525417014,27.9090411814417,0.920621145120904,5.65011550486511,3.14161958034565,32.729016475505,0.920983472863887,4.79488536526473,5.50028144058165,44.4163446404151,0.963529612892063,29.5199839765945,6.99363574064659
377,391.445658950554,102.029568539894,20.1645853666333,20.7861889932361,25.2800914173011,24.99689748285,314.386728560878,1.60320040036465e-09,38.6392821847579,0.412253406536733,1.75649428841207e-09,60.4053380922075,0.35101178820016,2.58147178082638e-09,2622.63740309953,0.198073980131106,1.12900056464479e-09,2541.16199410154,0.332185299900528,2.3685934108291e-09,1533.07255204408,0.320126087356717,88.1277657331558,24.543706470491,0.393407813104774,26.6359430008833,0.863892563820625,7.18742020782988,4.35639246281942,31.9333504671265,0.883052376332352,4.00177260049048,4.3061710360639,35.5592923184492,0.953873863105904,21.8424182602562,7.58205975546273
377,391.445658950554,102.029568539894,20.1645853666333,20.7861889932361,25.2800914173011,24.99689748285,314.386728560878,1.60320040036465e-09,38.6392821847579,0.412253406536733,1.75649428841207e-09,60.4053380922075,0.35101178820016,2.58147178082638e-09,2622.63740309953,0.198073980131106,1.12900056464479e-09,2541.16199410154,0.332185299900528,2.3685934108291e-09,1533.07255204408,0.320126087356717,88.1277657331558,24.543706470491,0.393407813104774,26.6359430008833,0.863892563820625,7.18742020782988,4.35639246281942,31.9333504671265,0.883052376332352,4.00177260049048,4.3061710360639,35.5592923184492,0.953873863105904,21.8424182602562,7.58205975546273
378,314.202314122317,94.2419590517217,27.9281256144261,29.2918688551329,21.3385599053323,23.1551586224522,311.017951669976,1.65963819392637e-09,33.1523035372267,0.477492825849793,1.97916531930994e-09,76.4316403409302,0.434983385798539,2.32264744072338e-09,2759.29561968716,0.219462270228558,1.09474446267414e-09,2526.67797498248,0.391913315857237,2.06039223409138e-09,1427.04740141581,0.302352312198726,101.264825826331,22.6664627346076,0.108104129044652,27.5296448934711,0.888067992056342,4.31741480223689,2.3273880684703,32.2820611904588,0.928524682106297,7.88582712116755,5.1583280408005,36.5472500913736,0.998599995112333,21.4203967594595,4.44911733694615
378,314.202314122317,94.2419590517217,27.9281256144261,29.2918688551329,21.3385599053323,23.1551586224522,311.017951669976,1.65963819392637e-09,33.1523035372267,0.477492825849793,1.97916531930994e-09,76.4316403409302,0.434983385798539,2.32264744072338e-09,2759.29561968716,0.219462270228558,1.09474446267414e-09,2526.67797498248,0.391913315857237,2.06039223409138e-09,1427.04740141581,0.302352312198726,101.264825826331,22.6664627346076,0.108104129044652,27.5296448934711,0.888067992056342,4.31741480223689,2.3273880684703,32.2820611904588,0.928524682106297,7.88582712116755,5.1583280408005,36.5472500913736,0.998599995112333,21.4203967594595,4.44911733694615
379,340.386255791426,114.818120372848,21.5126843839278,28.6046622100612,24.9986558773514,28.7911244988131,350.340461401669,1.65873557010636e-09,31.5799886967132,0.400072097761037,1.7135080440828e-09,60.7885208823281,0.432187074102496,2.28654721902339e-09,2777.2314836401,0.188720465889369,9.54347218849164e-10,3415.89761371371,0.331652870499444,2.38650309066692e-09,1210.40031764301,0.293159132516057,119.133656172547,24.8553747548735,0.143218858656665,29.0263730199365,0.957669974623948,4.73372367957511,4.44015610669837,34.3173302326011,0.871052735091721,7.28614690589209,5.04810866072848,38.2198953940401,0.879901379015497,22.7162271808879,7.03684774971074
379,340.386255791426,114.818120372848,21.5126843839278,28.6046622100612,24.9986558773514,28.7911244988131,350.340461401669,1.65873557010636e-09,31.5799886967132,0.400072097761037,1.7135080440828e-09,60.7885208823281,0.432187074102496,2.28654721902339e-09,2777.2314836401,0.188720465889369,9.54347218849164e-10,3415.89761371371,0.331652870499444,2.38650309066692e-09,1210.40031764301,0.293159132516057,119.133656172547,24.8553747548735,0.143218858656665,29.0263730199365,0.957669974623948,4.73372367957511,4.44015610669837,34.3173302326011,0.871052735091721,7.28614690589209,5.04810866072848,38.2198953940401,0.879901379015497,22.7162271808879,7.03684774971074
380,378.725396485766,98.2104011859109,24.2162741396146,24.2425659069151,29.7255082147993,22.9802565991491,301.502071562388,1.75074541366072e-09,34.6412099418581,0.464656470892871,1.97982863559716e-09,79.8470023641214,0.377710879174339,2.54016262268761e-09,2354.97295117994,0.203093845099176,9.36088966654781e-10,3447.82991551662,0.30608729044207,2.39690571943946e-09,1441.50747047118,0.297371174088464,101.70743526129,23.8146466810852,0.62024257676944,26.8974430063807,0.830631933397874,3.96884656320313,3.61377840044797,37.4928632195253,0.847096226424163,3.97979906227407,3.32997784949611,42.4759311743669,0.905671347891664,26.7026454438433,7.34083753793909
380,378.725396485766,98.2104011859109,24.2162741396146,24.2425659069151,29.7255082147993,22.9802565991491,301.502071562388,1.75074541366072e-09,34.6412099418581,0.464656470892871,1.97982863559716e-09,79.8470023641214,0.377710879174339,2.54016262268761e-09,2354.97295117994,0.203093845099176,9.36088966654781e-10,3447.82991551662,0.30608729044207,2.39690571943946e-09,1441.50747047118,0.297371174088464,101.70743526129,23.8146466810852,0.62024257676944,26.8974430063807,0.830631933397874,3.96884656320313,3.61377840044797,37.4928632195253,0.847096226424163,3.97979906227407,3.32997784949611,42.4759311743669,0.905671347891664,26.7026454438433,7.34083753793909
381,356.310123943111,98.6446187064698,23.003662972566,28.7015458593515,28.2021710112371,21.0702934116856,379.422827982008,1.77471901901035e-09,30.1962160808331,0.436389932726553,1.77337576738576e-09,79.8087170159874,0.436469542588102,2.32896774089112e-09,2358.37565514262,0.209743110528031,9.51493086687647e-10,3050.91594633792,0.373703426860977,2.10827405694906e-09,1205.38919654414,0.29546836250718,116.310335532137,24.5632675234046,0.818569091900065,28.2171486064266,0.838725949596119,4.80622176381492,4.39831523387751,38.0136039548799,0.922952655109401,6.58005723037277,3.68167245904243,44.3500513695388,0.873727833138885,22.9298479485619,5.16094752225629
381,356.310123943111,98.6446187064698,23.003662972566,28.7015458593515,28.2021710112371,21.0702934116856,379.422827982008,1.77471901901035e-09,30.1962160808331,0.436389932726553,1.77337576738576e-09,79.8087170159874,0.436469542588102,2.32896774089112e-09,2358.37565514262,0.209743110528031,9.51493086687647e-10,3050.91594633792,0.373703426860977,2.10827405694906e-09,1205.38919654414,0.29546836250718,116.310335532137,24.5632675234046,0.818569091900065,28.2171486064266,0.838725949596119,4.80622176381492,4.39831523387751,38.0136039548799,0.922952655109401,6.58005723037277,3.68167245904243,44.3500513695388,0.873727833138885,22.9298479485619,5.16094752225629
382,382.183048033907,119.737538091485,27.7828162480581,26.0248061066516,27.7036579771423,29.1073378285635,350.228417407518,1.72346854863571e-09,37.8731663548069,0.443210277710216,1.60416544370441e-09,63.2363483688112,0.436053896220503,2.49616329853303e-09,2018.5104906159,0.216774017769127,1.18184122264918e-09,2968.36640075412,0.321100646367981,2.26470172317747e-09,1275.267081612,0.265468091029178,115.094587753285,21.0811960780193,0.476460569390962,28.6611725959598,0.90680467756839,7.7477133509421,3.99689030707387,33.135627784793,0.96722157331682,5.88512805420212,4.137177327436,40.903613192021,0.798850527594506,23.6066618922451,7.65854651405002
382,382.183048033907,119.737538091485,27.7828162480581,26.0248061066516,27.7036579771423,29.1073378285635,350.228417407518,1.72346854863571e-09,37.8731663548069,0.443210277710216,1.60416544370441e-09,63.2363483688112,0.436053896220503,2.49616329853303e-09,2018.5104906159,0.216774017769127,1.18184122264918e-09,2968.36640075412,0.321100646367981,2.26470172317747e-09,1275.267081612,0.265468091029178,115.094587753285,21.0811960780193,0.476460569390962,28.6611725959598,0.90680467756839,7.7477133509421,3.99689030707387,33.135627784793,0.96722157331682,5.88512805420212,4.137177327436,40.903613192021,0.798850527594506,23.6066618922451,7.65854651405002
383,347.186464032516,96.4847679726703,26.1100067954193,20.245498979852,20.7931440739418,28.8801551213554,318.288490244765,1.43663167159911e-09,39.4868654377946,0.478688350987702,1.91307508316492e-09,71.8232546102365,0.424726710365377,2.522409674656e-09,2547.53864852541,0.184268034415604,8.55774462715495e-10,2726.13266369943,0.324361940283151,2.10673667673166e-09,1541.90968729177,0.325616354256972,104.145015299223,23.5558862692306,0.211658119034456,22.2587936576607,0.991254098155807,6.65053640704085,3.06657589466789,34.4099747357842,0.974564481668011,6.94466982316656,5.92711929743137,44.6541790141678,0.951883418916766,21.3082879455789,6.99503685819833
383,347.186464032516,96.4847679726703,26.1100067954193,20.245498979852,20.7931440739418,28.8801551213554,318.288490244765,1.43663167159911e-09,39.4868654377946,0.478688350987702,1.91307508316492e-09,71.8232546102365,0.424726710365377,2.522409674656e-09,2547.53864852541,0.184268034415604,8.55774462715495e-10,2726.13266369943,0.324361940283151,2.10673667673166e-09,1541.90968729177,0.325616354256972,104.145015299223,23.5558862692306,0.211658119034456,22.2587936576607,0.991254098155807,6.65053640704085,3.06657589466789,34.4099747357842,0.974564481668011,6.94466982316656,5.92711929743137,44.6541790141678,0.951883418916766,21.3082879455789,6.99503685819833
384,385.306020631732,81.7697075879793,22.2642606629542,24.6536873506161,26.1777005086745,21.7749536427249,350.767090464851,1.40263325238507e-09,37.3975806014465,0.477981919163888,1.84524874840453e-09,63.1904932662759,0.383291842510655,2.3053896165107e-09,2738.9958916421,0.182473942297245,8.64344169935499e-10,3140.57495839511,0.399973049228464,2.14117032715309e-09,1367.5046386979,0.271025961972235,87.8188664059402,20.9230470352455,0.763859326375357,21.4103318870765,0.904215209249053,7.12851530706106,2.88646168898495,39.1344734460011,0.833410199848147,3.29624830747623,6.34032925270584,35.8616970151817,0.860618101147755,27.4255787111105,5.780514149227
384,385.306020631732,81.7697075879793,22.2642606629542,24.6536873506161,26.1777005086745,21.7749536427249,350.767090464851,1.40263325238507e-09,37.3975806014465,0.477981919163888,1.84524874840453e-09,63.1904932662759,0.383291842510655,2.3053896165107e-09,2738.9958916421,0.182473942297245,8.64344169935499e-10,3140.57495839511,0.399973049228464,2.14117032715309e-09,1367.5046386979,0.271025961972235,87.8188664059402,20.9230470352455,0.763859326375357,21.4103318870765,0.904215209249053,7.12851530706106,2.88646168898495,39.1344734460011,0.833410199848147,3.29624830747623,6.34032925270584,35.8616970151817,0.860618101147755,27.4255787111105,5.780514149227
385,352.451549166459,106.926750068298,27.5362297066685,24.8867113693914,23.7280390440078,27.1166320759078,366.192279773832,1.5567134747603e-09,33.9974990444212,0.43801429715952,1.67587671088604e-09,68.0372811033263,0.437724288677085,2.52587249287546e-09,2573.44643001597,0.202177287893818,8.49472947136097e-10,2850.38140453045,0.343107358717513,2.1643202809486e-09,1385.60192004692,0.299227242895507,108.001392008913,27.0667501898888,0.546816450514481,25.1924134517667,0.982398170562688,5.99445070201901,2.80684670951075,38.9338845311641,0.904204574358298,5.31413966860634,3.6802576622823,35.6444630058261,0.868578473540708,22.3606877168682,5.75644957066459
385,352.451549166459,106.926750068298,27.5362297066685,24.8867113693914,23.7280390440078,27.1166320759078,366.192279773832,1.5567134747603e-09,33.9974990444212,0.43801429715952,1.67587671088604e-09,68.0372811033263,0.437724288677085,2.52587249287546e-09,2573.44643001597,0.202177287893818,8.49472947136097e-10,2850.38140453045,0.343107358717513,2.1643202809486e-09,1385.60192004692,0.299227242895507,108.001392008913,27.0667501898888,0.546816450514481,25.1924134517667,0.982398170562688,5.99445070201901,2.80684670951075,38.9338845311641,0.904204574358298,5.31413966860634,3.6802576622823,35.6444630058261,0.868578473540708,22.3606877168682,5.75644957066459
386,387.365923717019,111.750464831068,21.30370380318,22.8359145956371,29.5562736177893,26.9268538442489,338.438522804646,1.6541917077365e-09,36.9161886240687,0.414024255124912,1.73447153014103e-09,77.9641613542697,0.447922147740896,2.25122011519249e-09,2567.39218339972,0.208908662248899,8.32316601857682e-10,2511.58657176111,0.370449723831159,2.34504692086279e-09,1322.14057164845,0.279935284641409,112.697353491845,22.3226663850183,0.734007161787412,22.6828088294824,0.975513256905045,5.70935073981695,3.04764762783576,39.5791120092216,0.803718845502035,6.64919782596412,4.68260945606678,42.1553950274631,0.880152411235384,23.4655802293254,7.88104061789489
386,387.365923717019,111.750464831068,21.30370380318,22.8359145956371,29.5562736177893,26.9268538442489,338.438522804646,1.6541917077365e-09,36.9161886240687,0.414024255124912,1.73447153014103e-09,77.9641613542697,0.447922147740896,2.25122011519249e-09,2567.39218339972,0.208908662248899,8.32316601857682e-10,2511.58657176111,0.370449723831159,2.34504692086279e-09,1322.14057164845,0.279935284641409,112.697353491845,22.3226663850183,0.734007161787412,22.6828088294824,0.975513256905045,5.70935073981695,3.04764762783576,39.5791120092216,0.803718845502035,6.64919782596412,4.68260945606678,42.1553950274631,0.880152411235384,23.4655802293254,7.88104061789489
387,343.927258024574,110.47432356376,27.2858712306883,29.0941540812741,24.3488807401336,28.8960651284144,365.694403925508,1.69493418013736e-09,32.7506796992627,0.463484404359234,1.64162835071808e-09,74.2245163696029,0.44600807716173,2.03798375778433e-09,2380.59223145498,0.180097811653306,1.12238043149614e-09,3324.29574410531,0.383940632057319,2.3063366796998e-09,1300.06111969202,0.28715311365193,89.3698105570919,38.4759056692445,0.607453186316971,26.3317551528132,0.794156143326151,6.66796662458446,4.15358740920836,30.2275498945227,0.815273003404903,5.49224736005076,4.97187070075974,44.0136654940217,0.971460460568892,27.2434917377491,7.11832171597077
387,343.927258024574,110.47432356376,27.2858712306883,29.0941540812741,24.3488807401336,28.8960651284144,365.694403925508,1.69493418013736e-09,32.7506796992627,0.463484404359234,1.64162835071808e-09,74.2245163696029,0.44600807716173,2.03798375778433e-09,2380.59223145498,0.180097811653306,1.12238043149614e-09,3324.29574410531,0.383940632057319,2.3063366796998e-09,1300.06111969202,0.28715311365193,89.3698105570919,38.4759056692445,0.607453186316971,26.3317551528132,0.794156143326151,6.66796662458446,4.15358740920836,30.2275498945227,0.815273003404903,5.49224736005076,4.97187070075974,44.0136654940217,0.971460460568892,27.2434917377491,7.11832171597077
388,317.843383868289,99.9072170795571,28.8495466595505,21.9867523195912,28.4916761949781,20.7499983548599,346.395746245662,1.57053264090801e-09,31.2157618565571,0.419087586488109,1.84719391475077e-09,72.3389092373039,0.446372211214997,2.21057425196276e-09,2589.47700072321,0.180015820375985,9.9604301590728e-10,3243.87329172334,0.323159376146193,2.06141202567427e-09,1247.12001971807,0.301196751014669,106.696864599463,20.9862496215729,0.293879536445649,22.7935551670075,0.895425294845545,7.5213173892728,3.14440198113309,35.966533908099,0.970723162178906,7.9521806194087,4.92044194167888,36.9088669971091,0.876145157460067,25.1924159615651,7.97413581002966
388,317.843383868289,99.9072170795571,28.8495466595505,21.9867523195912,28.4916761949781,20.7499983548599,346.395746245662,1.57053264090801e-09,31.2157618565571,0.419087586488109,1.84719391475077e-09,72.3389092373039,0.446372211214997,2.21057425196276e-09,2589.47700072321,0.180015820375985,9.9604301590728e-10,3243.87329172334,0.323159376146193,2.06141202567427e-09,1247.12001971807,0.301196751014669,106.696864599463,20.9862496215729,0.293879536445649,22.7935551670075,0.895425294845545,7.5213173892728,3.14440198113309,35.966533908099,0.970723162178906,7.9521806194087,4.92044194167888,36.9088669971091,0.876145157460067,25.1924159615651,7.97413581002966
389,327.998760790778,119.742120175037,26.0040494590338,25.1667006677282,28.7503106306527,22.2718648071346,362.817035002003,1.42725685072696e-09,34.1425126770801,0.464871891253304,1.65699663636979e-09,62.9224475663151,0.422610755138009,2.18636354848688e-09,2250.70050487012,0.216410781394971,9.5620234672009e-10,3458.7216695519,0.309860382156784,2.29219063860251e-09,1495.60240457668,0.251528463080293,115.637837392568,20.9499035428681,0.601316482347268,25.6548073163041,0.875654366238403,5.85972933972936,3.19550965249314,39.2907646172749,0.835016901092987,4.42760433391729,3.19726281860718,35.018864332101,0.943059064722749,24.2863754206572,6.35410719696635
389,327.998760790778,119.742120175037,26.0040494590338,25.1667006677282,28.7503106306527,22.2718648071346,362.817035002003,1.42725685072696e-09,34.1425126770801,0.464871891253304,1.65699663636979e-09,62.9224475663151,0.422610755138009,2.18636354848688e-09,2250.70050487012,0.216410781394971,9.5620234672009e-10,3458.7216695519,0.309860382156784,2.29219063860251e-09,1495.60240457668,0.251528463080293,115.637837392568,20.9499035428681,0.601316482347268,25.6548073163041,0.875654366238403,5.85972933972936,3.19550965249314,39.2907646172749,0.835016901092987,4.42760433391729,3.19726281860718,35.018864332101,0.943059064722749,24.2863754206572,6.35410719696635
390,355.236051078913,110.284298428285,28.559682156563,27.4979196823591,23.0824425572424,21.2531108499133,366.972347816096,1.7411359087746e-09,33.0035977631753,0.474194191592424,1.79563126632152e-09,76.5025089888815,0.421063962680776,2.22252272821862e-09,2172.07101033497,0.203809848574732,9.87674545111803e-10,2620.07963042928,0.350797070173525,2.02273315101008e-09,1559.88199665453,0.305858182168979,115.3414775072,25.1099729430209,0.652524900571775,21.864404345567,0.839181372202502,4.46549265273754,4.62898636810696,35.4667980229545,0.917290973726074,5.17762557377625,6.05928615814737,35.5532271183645,0.878284651160122,29.2640706959536,6.1656006539584
390,355.236051078913,110.284298428285,28.559682156563,27.4979196823591,23.0824425572424,21.2531108499133,366.972347816096,1.7411359087746e-09,33.0035977631753,0.474194191592424,1.79563126632152e-09,76.5025089888815,0.421063962680776,2.22252272821862e-09,2172.07101033497,0.203809848574732,9.87674545111803e-10,2620.07963042928,0.350797070173525,2.02273315101008e-09,1559.88199665453,0.305858182168979,115.3414775072,25.1099729430209,0.652524900571775,21.864404345567,0.839181372202502,4.46549265273754,4.62898636810696,35.4667980229545,0.917290973726074,5.17762557377625,6.05928615814737,35.5532271183645,0.878284651160122,29.2640706959536,6.1656006539584
391,310.538661124139,98.7129723414905,26.0696341556899,24.0923286282754,21.9528312682812,25.1349940441105,354.05975632911,1.50158463884936e-09,32.4747064288121,0.46228483824729,1.7328735426825e-09,78.829507224035,0.407172008498724,2.58714653509543e-09,2174.01300001052,0.206183949385919,1.06525423255806e-09,2549.96698712182,0.344773871161198,2.2498427971822e-09,1599.78635330517,0.332388974642861,112.019177903129,24.5982642004976,0.392644657843902,24.7135949437821,0.971644128437587,3.23508945226487,2.0686576815819,37.6498951120298,0.94990622933966,7.89894799000034,3.10850940319124,40.3504492332976,0.808749762715894,27.6928859371214,6.36155570441664
391,310.538661124139,98.7129723414905,26.0696341556899,24.0923286282754,21.9528312682812,25.1349940441105,354.05975632911,1.50158463884936e-09,32.4747064288121,0.46228483824729,1.7328735426825e-09,78.829507224035,0.407172008498724,2.58714653509543e-09,2174.01300001052,0.206183949385919,1.06525423255806e-09,2549.96698712182,0.344773871161198,2.2498427971822e-09,1599.78635330517,0.332388974642861,112.019177903129,24.5982642004976,0.392644657843902,24.7135949437821,0.971644128437587,3.23508945226487,2.0686576815819,37.6498951120298,0.94990622933966,7.89894799000034,3.10850940319124,40.3504492332976,0.808749762715894,27.6928859371214,6.36155570441664
392,343.804816388867,115.834143506713,26.9705499054496,26.4005286372571,23.1815719050215,24.4057950589137,362.652239549517,1.56989765510899e-09,35.0043778909754,0.408165209184139,1.61467943437639e-09,64.300005531389,0.391017675924625,2.07201255923685e-09,2796.09810126009,0.189670913757361,8.95210349127789e-10,2630.17059327566,0.360736340083996,2.05758866442952e-09,1572.06663603272,0.253233575330876,87.1534439145532,28.0957048980545,0.486526735463024,23.8687519566065,0.99005882361566,5.1581751177046,2.09955987672878,31.3193757841971,0.893710185196426,4.6414743748623,3.35862690005786,40.1609273784031,0.953633995281754,26.1076424060672,7.9603877216574
392,343.804816388867,115.834143506713,26.9705499054496,26.4005286372571,23.1815719050215,24.4057950589137,362.652239549517,1.56989765510899e-09,35.0043778909754,0.408165209184139,1.61467943437639e-09,64.300005531389,0.391017675924625,2.07201255923685e-09,2796.09810126009,0.189670913757361,8.95210349127789e-10,2630.17059327566,0.360736340083996,2.05758866442952e-09,1572.06663603272,0.253233575330876,87.1534439145532,28.0957048980545,0.486526735463024,23.8687519566065,0.99005882361566,5.1581751177046,2.09955987672878,31.3193757841971,0.893710185196426,4.6414743748623,3.35862690005786,40.1609273784031,0.953633995281754,26.1076424060672,7.9603877216574
393,340.346520176571,115.555776235098,27.6495175400207,24.5473993255123,28.0364829135635,26.8391359649911,362.232542093284,1.66454588068932e-09,35.780523294078,0.463206897353062,1.9628898925168e-09,75.0676217196005,0.379992299134971,2.49242623277654e-09,2700.57894589846,0.217097805011045,1.17391935364543e-09,2797.74361912938,0.375194503900179,2.27929289066939e-09,1419.40519083135,0.330224116990338,82.076219600259,37.9524681828897,0.457399379397964,20.6460794498596,0.785648280834614,3.64339572098997,3.29730525422489,32.1063436583891,0.983439968071528,5.12382133915982,3.06565673917257,44.1881928422429,0.797672763685481,29.3942023104346,6.40326983046919
393,340.346520176571,115.555776235098,27.6495175400207,24.5473993255123,28.0364829135635,26.8391359649911,362.232542093284,1.66454588068932e-09,35.780523294078,0.463206897353062,1.9628898925168e-09,75.0676217196005,0.379992299134971,2.49242623277654e-09,2700.57894589846,0.217097805011045,1.17391935364543e-09,2797.74361912938,0.375194503900179,2.27929289066939e-09,1419.40519083135,0.330224116990338,82.076219600259,37.9524681828897,0.457399379397964,20.6460794498596,0.785648280834614,3.64339572098997,3.29730525422489,32.1063436583891,0.983439968071528,5.12382133915982,3.06565673917257,44.1881928422429,0.797672763685481,29.3942023104346,6.40326983046919
394,330.570220096115,88.8119698361257,26.3856570494013,22.4110610075624,25.6856208202933,22.2810029982322,363.80478811725,1.47232383866385e-09,35.6007451799889,0.463187998827588,1.60546868902138e-09,74.9019342762426,0.37226598861206,2.02678221899102e-09,2191.76810749501,0.19755237806919,8.25686496139865e-10,2954.13073004702,0.339480608305422,2.39451406798934e-09,1382.50924457166,0.306136328981243,88.7080518879775,20.08055574282,0.472380429823421,22.6277401362084,0.90182061896608,5.23190554207916,3.9857495579708,33.0779228143393,0.999056542655597,3.42978209095525,6.68042113281715,40.9082807574636,0.948062770537897,29.9107561996241,5.9616807645331
394,330.570220096115,88.8119698361257,26.3856570494013,22.4110610075624,25.6856208202933,22.2810029982322,363.80478811725,1.47232383866385e-09,35.6007451799889,0.463187998827588,1.60546868902138e-09,74.9019342762426,0.37226598861206,2.02678221899102e-09,2191.76810749501,0.19755237806919,8.25686496139865e-10,2954.13073004702,0.339480608305422,2.39451406798934e-09,1382.50924457166,0.306136328981243,88.7080518879775,20.08055574282,0.472380429823421,22.6277401362084,0.90182061896608,5.23190554207916,3.9857495579708,33.0779228143393,0.999056542655597,3.42978209095525,6.68042113281715,40.9082807574636,0.948062770537897,29.9107561996241,5.9616807645331
395,373.734026641755,93.2832296003252,27.4474861373639,24.3711369168491,23.6986959936502,27.7464599094078,345.128922044697,1.49373889944345e-09,35.0321775769523,0.47289699514749,1.96346422522562e-09,62.7568657440808,0.369645819108534,2.38214441696407e-09,2781.18294681991,0.181372327104854,8.98799473961223e-10,2587.42984937408,0.326756205861543,2.05244278621302e-09,1212.65319358393,0.270115729875751,90.8844204893097,28.4776748997841,0.815579819045094,23.1838838063077,0.876027345965147,7.57502871595862,2.59771715419018,36.2447433543774,0.978214735601468,3.48236768947208,3.04555514327294,37.5563026307194,0.981625001725435,29.4324388477948,4.73703758934844
395,373.734026641755,93.2832296003252,27.4474861373639,24.3711369168491,23.6986959936502,27.7464599094078,345.128922044697,1.49373889944345e-09,35.0321775769523,0.47289699514749,1.96346422522562e-09,62.7568657440808,0.369645819108534,2.38214441696407e-09,2781.18294681991,0.181372327104854,8.98799473961223e-10,2587.42984937408,0.326756205861543,2.05244278621302e-09,1212.65319358393,0.270115729875751,90.8844204893097,28.4776748997841,0.815579819045094,23.1838838063077,0.876027345965147,7.57502871595862,2.59771715419018,36.2447433543774,0.978214735601468,3.48236768947208,3.04555514327294,37.5563026307194,0.981625001725435,29.4324388477948,4.73703758934844
396,394.045695123476,87.2365900055356,21.3798184637492,26.9600342173561,20.4342785342869,22.5582085696056,363.317580765979,1.63785118659132e-09,32.5335415268057,0.446183826011005,1.97665475816546e-09,64.3354879407344,0.369197492925335,2.00096450452769e-09,2422.90130122677,0.183506535401861,1.17506634318975e-09,2856.02981348079,0.37325701639456,2.28924520945732e-09,1517.06259076637,0.348515516595786,108.463425714784,28.3500466831189,0.869907383739572,27.1324587939751,0.783897506744706,4.3018384411978,4.24777206253441,30.1180197204379,0.835123143128149,4.91137421831659,5.07307523049562,39.9935576586532,0.790766034897452,22.9230686642827,4.79130888428642
396,394.045695123476,87.2365900055356,21.3798184637492,26.9600342173561,20.4342785342869,22.5582085696056,363.317580765979,1.63785118659132e-09,32.5335415268057,0.446183826011005,1.97665475816546e-09,64.3354879407344,0.369197492925335,2.00096450452769e-09,2422.90130122677,0.183506535401861,1.17506634318975e-09,2856.02981348079,0.37325701639456,2.28924520945732e-09,1517.06259076637,0.348515516595786,108.463425714784,28.3500466831189,0.869907383739572,27.1324587939751,0.783897506744706,4.3018384411978,4.24777206253441,30.1180197204379,0.835123143128149,4.91137421831659,5.07307523049562,39.9935576586532,0.790766034897452,22.9230686642827,4.79130888428642
397,342.819856318534,117.263668191996,22.3766164890826,26.5524642763425,22.6884896611364,28.4009737121699,344.145131339814,1.52972747991208e-09,37.7703200796124,0.430857836516603,1.78274019032947e-09,63.7499245206325,0.381942278241277,2.29455929235986e-09,2781.91242475877,0.209551474253748,9.94523609035069e-10,3461.04988713416,0.388222630050025,2.08867746983902e-09,1308.0170121206,0.335639100404666,115.722622769645,35.1215031572329,0.150197741994843,21.3019209499551,0.934955699269915,6.81680500248494,2.16515277687359,31.4284675319919,0.786834776886105,5.84815702294053,6.56736642274436,40.8195919438452,0.811108527126901,29.1574040168211,4.62337215074004
397,342.819856318534,117.263668191996,22.3766164890826,26.5524642763425,22.6884896611364,28.4009737121699,344.145131339814,1.52972747991208e-09,37.7703200796124,0.430857836516603,1.78274019032947e-09,63.7499245206325,0.381942278241277,2.29455929235986e-09,2781.91242475877,0.209551474253748,9.94523609035069e-10,3461.04988713416,0.388222630050025,2.08867746983902e-09,1308.0170121206,0.335639100404666,115.722622769645,35.1215031572329,0.150197741994843,21.3019209499551,0.934955699269915,6.81680500248494,2.16515277687359,31.4284675319919,0.786834776886105,5.84815702294053,6.56736642274436,40.8195919438452,0.811108527126901,29.1574040168211,4.62337215074004
398,346.580461276552,113.473738045809,27.1988809350867,22.0022653124585,27.8614449892259,29.3777227606874,310.658111512723,1.59044054847162e-09,37.2209208424383,0.400476669734411,1.72531058720396e-09,64.6481697145088,0.429751519301196,2.17268791263637e-09,2789.23588595037,0.21556913354144,1.01086027157931e-09,2534.50674342111,0.39582238109594,2.15224808640192e-09,1363.54343796227,0.30780258401478,106.70642070784,31.8561823454605,0.527949939759306,20.5531239664162,0.815293476693237,7.05914700431342,2.24540245065484,30.715346626892,0.870951856748441,5.08705090060734,6.43828796909672,44.3006287393261,0.911226828120908,22.6206083417834,7.26342359749551
398,346.580461276552,113.473738045809,27.1988809350867,22.0022653124585,27.8614449892259,29.3777227606874,310.658111512723,1.59044054847162e-09,37.2209208424383,0.400476669734411,1.72531058720396e-09,64.6481697145088,0.429751519301196,2.17268791263637e-09,2789.23588595037,0.21556913354144,1.01086027157931e-09,2534.50674342111,0.39582238109594,2.15224808640192e-09,1363.54343796227,0.30780258401478,106.70642070784,31.8561823454605,0.527949939759306,20.5531239664162,0.815293476693237,7.05914700431342,2.24540245065484,30.715346626892,0.870951856748441,5.08705090060734,6.43828796909672,44.3006287393261,0.911226828120908,22.6206083417834,7.26342359749551
399,381.125990849536,101.705146804903,21.6120480297423,22.9337472336282,28.1420776788979,24.4905239814083,346.212216063455,1.66187861761122e-09,33.0261764717202,0.412828873039464,1.90481469646341e-09,70.970611864684,0.434697033189011,2.04614188602583e-09,2161.77978837565,0.219222692981977,1.11475944647402e-09,2878.80315043801,0.383509158131865,2.14139992217918e-09,1204.39650424128,0.275781763943568,81.4864117723691,29.3146403808385,0.845705323394619,29.2632649371477,0.895298419646247,5.79073075087226,2.80880256498153,38.778861776814,0.961186026521993,5.9372128955014,3.36733952514916,35.1676381703512,0.865525769848339,24.2425042289639,6.39724822203744
399,381.125990849536,101.705146804903,21.6120480297423,22.9337472336282,28.1420776788979,24.4905239814083,346.212216063455,1.66187861761122e-09,33.0261764717202,0.412828873039464,1.90481469646341e-09,70.970611864684,0.434697033189011,2.04614188602583e-09,2161.77978837565,0.219222692981977,1.11475944647402e-09,2878.80315043801,0.383509158131865,2.14139992217918e-09,1204.39650424128,0.275781763943568,81.4864117723691,29.3146403808385,0.845705323394619,29.2632649371477,0.895298419646247,5.79073075087226,2.80880256498153,38.778861776814,0.961186026521993,5.9372128955014,3.36733952514916,35.1676381703512,0.865525769848339,24.2425042289639,6.39724822203744
400,312.39477896096,113.282085850263,23.0786183727559,20.8115608299605,25.7551533922081,29.4029277948668,356.93605776809,1.59984669814642e-09,35.6111189615194,0.463503896768446,1.89231088869372e-09,66.0936915042108,0.417280247285553,2.30349694598843e-09,2427.19785739737,0.215154515961351,8.2340425873904e-10,3147.63956629645,0.377652618141617,2.24689538640358e-09,1342.74593268793,0.296386919224271,81.26225056505,34.4297752505872,0.676388784620438,24.3733837526459,0.846088159316322,7.80030916831595,2.03414937325701,31.0037654027594,0.862086269176952,5.1561621887661,4.90546297727206,44.2301269218076,0.846383076789833,28.4928849906978,4.89332333217548
400,312.39477896096,113.282085850263,23.0786183727559,20.8115608299605,25.7551533922081,29.4029277948668,356.93605776809,1.59984669814642e-09,35.6111189615194,0.463503896768446,1.89231088869372e-09,66.0936915042108,0.417280247285553,2.30349694598843e-09,2427.19785739737,0.215154515961351,8.2340425873904e-10,3147.63956629645,0.377652618141617,2.24689538640358e-09,1342.74593268793,0.296386919224271,81.26225056505,34.4297752505872,0.676388784620438,24.3733837526459,0.846088159316322,7.80030916831595,2.03414937325701,31.0037654027594,0.862086269176952,5.1561621887661,4.90546297727206,44.2301269218076,0.846383076789833,28.4928849906978,4.89332333217548
401,300.027103387823,96.7749942120935,25.5260028188478,21.0860420388615,28.8227819909046,24.9307708375257,317.413526110695,1.60623283794024e-09,39.3585927753191,0.435847190184676,1.77909241356698e-09,75.1825611365375,0.36036978332833,2.16545923471356e-09,2465.36601246797,0.187792050967128,1.08869234827426e-09,2542.78052248056,0.375938946490294,2.38122355879304e-09,1556.94116411041,0.302642050941603,101.968946952308,22.5792841326668,0.421823990625312,20.2888705279415,0.994965656600055,5.39939653023647,3.02491974751293,32.2478432214379,0.943928271804302,4.61918730150307,3.80577254067484,35.439346655894,0.842958704931509,27.4343985250205,7.30219730181324
401,300.027103387823,96.7749942120935,25.5260028188478,21.0860420388615,28.8227819909046,24.9307708375257,317.413526110695,1.60623283794024e-09,39.3585927753191,0.435847190184676,1.77909241356698e-09,75.1825611365375,0.36036978332833,2.16545923471356e-09,2465.36601246797,0.187792050967128,1.08869234827426e-09,2542.78052248056,0.375938946490294,2.38122355879304e-09,1556.94116411041,0.302642050941603,101.968946952308,22.5792841326668,0.421823990625312,20.2888705279415,0.994965656600055,5.39939653023647,3.02491974751293,32.2478432214379,0.943928271804302,4.61918730150307,3.80577254067484,35.439346655894,0.842958704931509,27.4343985250205,7.30219730181324
402,317.153666151653,96.3654022995177,25.0190157490544,24.7589190384794,28.8150473743845,26.1036599009451,323.05307162424,1.61059870669894e-09,37.1618857849561,0.414358239844945,1.65521743501157e-09,72.6262313930514,0.371866780272591,2.15297374615232e-09,2509.96409362884,0.182691976738657,9.08871830948144e-10,2510.89948941579,0.371192135166947,2.22806724499795e-09,1233.29267242828,0.301177902211007,96.329269412098,33.3160300145757,0.707209037257375,24.3197352667113,0.968662153112068,4.57760417393087,2.54895033492005,38.9577615048645,0.977913697762515,5.43811522326131,4.32287904833703,39.4835041226523,0.874504848516057,26.187232847036,4.35978529702169
402,317.153666151653,96.3654022995177,25.0190157490544,24.7589190384794,28.8150473743845,26.1036599009451,323.05307162424,1.61059870669894e-09,37.1618857849561,0.414358239844945,1.65521743501157e-09,72.6262313930514,0.371866780272591,2.15297374615232e-09,2509.96409362884,0.182691976738657,9.08871830948144e-10,2510.89948941579,0.371192135166947,2.22806724499795e-09,1233.29267242828,0.301177902211007,96.329269412098,33.3160300145757,0.707209037257375,24.3197352667113,0.968662153112068,4.57760417393087,2.54895033492005,38.9577615048645,0.977913697762515,5.43811522326131,4.32287904833703,39.4835041226523,0.874504848516057,26.187232847036,4.35978529702169
403,325.678180030262,101.351676413461,22.444182951589,27.8760287739831,25.2352200259194,27.3508268309107,392.33672715241,1.44657761113816e-09,34.3045280029071,0.437533741666372,1.77591597946392e-09,69.4290689224985,0.430735921855949,2.27805641967923e-09,2266.69984989496,0.196880746807621,1.06908850162216e-09,3475.08212844531,0.348365122255862,2.37319250134241e-09,1538.59581608063,0.280310400861919,96.3608809666285,23.6286190654304,0.528609906201947,26.7334150006726,0.822612013227055,5.95263703851642,2.44658572050601,30.657734320411,0.951064469366898,4.02236660649422,5.93899283443436,35.6525703578357,0.794413225398144,28.29713240167,4.58611950900746
403,325.678180030262,101.351676413461,22.444182951589,27.8760287739831,25.2352200259194,27.3508268309107,392.33672715241,1.44657761113816e-09,34.3045280029071,0.437533741666372,1.77591597946392e-09,69.4290689224985,0.430735921855949,2.27805641967923e-09,2266.69984989496,0.196880746807621,1.06908850162216e-09,3475.08212844531,0.348365122255862,2.37319250134241e-09,1538.59581608063,0.280310400861919,96.3608809666285,23.6286190654304,0.528609906201947,26.7334150006726,0.822612013227055,5.95263703851642,2.44658572050601,30.657734320411,0.951064469366898,4.02236660649422,5.93899283443436,35.6525703578357,0.794413225398144,28.29713240167,4.58611950900746
404,369.069238903556,98.0109713949477,29.0215679797122,28.5018824410534,27.4984349883536,22.2985579818323,307.719557643161,1.58890605477482e-09,30.9022274278522,0.417460015844912,1.77349447297481e-09,72.6337560395412,0.363510930051976,2.00218308580483e-09,2258.71750866019,0.183506666533454,9.21304776438237e-10,2551.73716250086,0.347568764623789,2.38345548034828e-09,1375.28338612354,0.254233250028212,98.6846054784169,23.6614240416565,0.973046957323166,28.9910307466701,0.886851619551462,7.41495005402978,3.02745932267509,30.9536605534328,0.908651571281124,7.49858662495101,3.77673733321916,43.3852522132864,0.85656434993039,23.7898987719091,5.58288237557809
404,369.069238903556,98.0109713949477,29.0215679797122,28.5018824410534,27.4984349883536,22.2985579818323,307.719557643161,1.58890605477482e-09,30.9022274278522,0.417460015844912,1.77349447297481e-09,72.6337560395412,0.363510930051976,2.00218308580483e-09,2258.71750866019,0.183506666533454,9.21304776438237e-10,2551.73716250086,0.347568764623789,2.38345548034828e-09,1375.28338612354,0.254233250028212,98.6846054784169,23.6614240416565,0.973046957323166,28.9910307466701,0.886851619551462,7.41495005402978,3.02745932267509,30.9536605534328,0.908651571281124,7.49858662495101,3.77673733321916,43.3852522132864,0.85656434993039,23.7898987719091,5.58288237557809
405,311.081694416381,83.1570394635553,20.3603532588778,23.7895330712629,21.9768914113748,29.2774422998916,338.437335563462,1.68688387541882e-09,37.6545098823411,0.469960366766786,1.69490792901417e-09,70.3896433702297,0.370619406857223,2.18699999971282e-09,2298.60110337604,0.186621173553818,1.05341502944657e-09,3163.50405481008,0.351919838371973,2.35431224897592e-09,1490.25054781332,0.319227011327509,109.932661363824,28.5020855351632,0.316075699944243,29.1432045355794,0.800163147955936,5.53247254739593,4.80503451503971,35.3971376539926,0.969366087704881,5.24237075664691,3.69662616435115,38.9654968667566,0.85097756176852,22.6681988890412,7.63914634016371
405,311.081694416381,83.1570394635553,20.3603532588778,23.7895330712629,21.9768914113748,29.2774422998916,338.437335563462,1.68688387541882e-09,37.6545098823411,0.469960366766786,1.69490792901417e-09,70.3896433702297,0.370619406857223,2.18699999971282e-09,2298.60110337604,0.186621173553818,1.05341502944657e-09,3163.50405481008,0.351919838371973,2.35431224897592e-09,1490.25054781332,0.319227011327509,109.932661363824,28.5020855351632,0.316075699944243,29.1432045355794,0.800163147955936,5.53247254739593,4.80503451503971,35.3971376539926,0.969366087704881,5.24237075664691,3.69662616435115,38.9654968667566,0.85097756176852,22.6681988890412,7.63914634016371
406,321.072925512073,92.4608513768877,26.526287244129,29.6556903392608,29.3771139236601,29.0122977404845,317.494153085345,1.58008711514044e-09,32.9424986666841,0.411499154742808,1.73243200184846e-09,65.9379763926741,0.403012861086743,2.53792694419239e-09,2194.17727834506,0.206159279723997,9.06035494075893e-10,2866.04412219631,0.334381471772283,2.28192666214402e-09,1428.80585388205,0.338038895284959,86.9389422541515,24.389629685821,0.866429284915553,29.2171808719264,0.977706218785305,4.75259615984352,3.47997960790003,32.260701901102,0.785815256572814,3.19793144586779,3.01425388190158,38.0857073489,0.906714059739424,23.3674741992993,4.25047176589049
406,321.072925512073,92.4608513768877,26.526287244129,29.6556903392608,29.3771139236601,29.0122977404845,317.494153085345,1.58008711514044e-09,32.9424986666841,0.411499154742808,1.73243200184846e-09,65.9379763926741,0.403012861086743,2.53792694419239e-09,2194.17727834506,0.206159279723997,9.06035494075893e-10,2866.04412219631,0.334381471772283,2.28192666214402e-09,1428.80585388205,0.338038895284959,86.9389422541515,24.389629685821,0.866429284915553,29.2171808719264,0.977706218785305,4.75259615984352,3.47997960790003,32.260701901102,0.785815256572814,3.19793144586779,3.01425388190158,38.0857073489,0.906714059739424,23.3674741992993,4.25047176589049
407,367.144915492713,106.229350631371,25.0706166255506,20.8802395954356,27.9535049862418,20.2489592149302,385.958164834427,1.68858026646882e-09,39.9542672319868,0.453595445033441,1.65875676399588e-09,73.9943423558529,0.380930880703156,2.46173988197558e-09,2452.12657390363,0.181762302053729,9.70459048137133e-10,3372.21965519215,0.346536626736516,2.27729628208735e-09,1289.65344469199,0.338851800782149,106.254923877525,24.4394565688466,0.649697603625193,29.5961013372367,0.865423130631799,5.7604321516652,2.27189314495077,37.8023162524971,0.934931239720815,6.08360873347109,3.79024454038222,37.2807072657445,0.830655152545705,24.044853569804,5.41539983529048
407,367.144915492713,106.229350631371,25.0706166255506,20.8802395954356,27.9535049862418,20.2489592149302,385.958164834427,1.68858026646882e-09,39.9542672319868,0.453595445033441,1.65875676399588e-09,73.9943423558529,0.380930880703156,2.46173988197558e-09,2452.12657390363,0.181762302053729,9.70459048137133e-10,3372.21965519215,0.346536626736516,2.27729628208735e-09,1289.65344469199,0.338851800782149,106.254923877525,24.4394565688466,0.649697603625193,29.5961013372367,0.865423130631799,5.7604321516652,2.27189314495077,37.8023162524971,0.934931239720815,6.08360873347109,3.79024454038222,37.2807072657445,0.830655152545705,24.044853569804,5.41539983529048
408,312.673138497702,108.787236367067,21.8579541023719,20.0341844911381,29.131196839715,26.5895189026436,389.123507421068,1.71261477206718e-09,30.3678134277791,0.442635368573733,1.85473416563128e-09,73.5660082246078,0.404059874702279,2.32352670032169e-09,2150.23739284168,0.186015320826907,1.16551355744194e-09,2726.4131102931,0.327428549365858,2.0288039822234e-09,1466.8939863785,0.323808168873861,90.7246096553012,30.9175801032891,0.0302698082079375,21.473116353785,0.889329329119069,3.6637066398941,3.49483242629941,32.631842381715,0.960378396127419,5.48973180874245,5.1452479908417,42.5621030326478,0.811387664604945,29.3594496190326,7.73636574466922
408,312.673138497702,108.787236367067,21.8579541023719,20.0341844911381,29.131196839715,26.5895189026436,389.123507421068,1.71261477206718e-09,30.3678134277791,0.442635368573733,1.85473416563128e-09,73.5660082246078,0.404059874702279,2.32352670032169e-09,2150.23739284168,0.186015320826907,1.16551355744194e-09,2726.4131102931,0.327428549365858,2.0288039822234e-09,1466.8939863785,0.323808168873861,90.7246096553012,30.9175801032891,0.0302698082079375,21.473116353785,0.889329329119069,3.6637066398941,3.49483242629941,32.631842381715,0.960378396127419,5.48973180874245,5.1452479908417,42.5621030326478,0.811387664604945,29.3594496190326,7.73636574466922
409,314.055229122582,116.764803153944,20.8803579598134,21.4642277182942,21.1126313144061,24.380487177511,369.834185709071,1.61559749369771e-09,35.0888993072888,0.471863590965831,1.87476768058957e-09,79.8492100841156,0.392151001511917,2.42262445625783e-09,2017.42807079147,0.194026507388004,1.11006677629803e-09,3207.24651170193,0.321367957537673,2.0625993569331e-09,1513.8666259216,0.319426518066319,107.401027791711,21.7083629369654,0.388686049035532,27.2003596759809,0.912874914552148,4.98010366610479,4.8785905908134,34.0463753847444,0.975304457807174,7.09978866629265,4.35092684748614,40.9378116712939,0.972831748088964,20.6796424256751,7.22394430480747
409,314.055229122582,116.764803153944,20.8803579598134,21.4642277182942,21.1126313144061,24.380487177511,369.834185709071,1.61559749369771e-09,35.0888993072888,0.471863590965831,1.87476768058957e-09,79.8492100841156,0.392151001511917,2.42262445625783e-09,2017.42807079147,0.194026507388004,1.11006677629803e-09,3207.24651170193,0.321367957537673,2.0625993569331e-09,1513.8666259216,0.319426518066319,107.401027791711,21.7083629369654,0.388686049035532,27.2003596759809,0.912874914552148,4.98010366610479,4.8785905908134,34.0463753847444,0.975304457807174,7.09978866629265,4.35092684748614,40.9378116712939,0.972831748088964,20.6796424256751,7.22394430480747
410,310.962870058898,117.96955710039,24.3697043062374,27.1435594345828,27.6016819929102,22.2729096653164,320.428562775757,1.67884020926528e-09,38.1507842896349,0.442514641752795,1.85916807890978e-09,69.0152496420762,0.386590641252,2.18120220851124e-09,2485.6661692371,0.195404457446138,1.07021446085886e-09,3019.56984621446,0.382856169791622,2.17068582229015e-09,1569.74818665977,0.314961526532551,106.836245748946,23.0102946777964,0.703424772557105,29.6043057415763,0.873348671531734,7.71068095861771,4.32966511784606,32.3144975950465,0.80531757592097,6.80623315533704,3.72513694983591,44.5745569104199,0.977373810884983,29.0788873651895,7.93684306247689
410,310.962870058898,117.96955710039,24.3697043062374,27.1435594345828,27.6016819929102,22.2729096653164,320.428562775757,1.67884020926528e-09,38.1507842896349,0.442514641752795,1.85916807890978e-09,69.0152496420762,0.386590641252,2.18120220851124e-09,2485.6661692371,0.195404457446138,1.07021446085886e-09,3019.56984621446,0.382856169791622,2.17068582229015e-09,1569.74818665977,0.314961526532551,106.836245748946,23.0102946777964,0.703424772557105,29.6043057415763,0.873348671531734,7.71068095861771,4.32966511784606,32.3144975950465,0.80531757592097,6.80623315533704,3.72513694983591,44.5745569104199,0.977373810884983,29.0788873651895,7.93684306247689
411,394.437986265026,100.760731642497,29.9355947758522,29.3908595808014,22.5985368283389,25.2000006094686,394.242653987517,1.45802974351767e-09,34.5062145080524,0.438031781638514,1.65174574226909e-09,75.3092280063857,0.429442754988339,2.40680375483514e-09,2091.58005468948,0.202434081596929,1.10782030439755e-09,3164.39326730106,0.343357620339666,2.37347176010135e-09,1427.92701434829,0.349918062834327,97.998563319051,33.7264230455597,0.458443396079375,20.5870880237585,0.943121328913717,4.16639369213582,2.65111955171223,36.8722882616096,0.916879753245803,7.95291400280297,4.01050696086305,42.8065595533033,0.818962905457475,24.5022826198903,4.03979248423404
411,394.437986265026,100.760731642497,29.9355947758522,29.3908595808014,22.5985368283389,25.2000006094686,394.242653987517,1.45802974351767e-09,34.5062145080524,0.438031781638514,1.65174574226909e-09,75.3092280063857,0.429442754988339,2.40680375483514e-09,2091.58005468948,0.202434081596929,1.10782030439755e-09,3164.39326730106,0.343357620339666,2.37347176010135e-09,1427.92701434829,0.349918062834327,97.998563319051,33.7264230455597,0.458443396079375,20.5870880237585,0.943121328913717,4.16639369213582,2.65111955171223,36.8722882616096,0.916879753245803,7.95291400280297,4.01050696086305,42.8065595533033,0.818962905457475,24.5022826198903,4.03979248423404
412,366.411752299722,116.243272574993,29.1216746870202,24.5347344299198,22.7988503004983,29.8037778804431,325.415536847081,1.58942134593609e-09,37.4425025677878,0.4630857558021,1.92860546629883e-09,64.7702317248997,0.379828023173234,2.49562596195858e-09,2335.919193192,0.183219710489475,9.67264116865722e-10,2614.72045705558,0.35619164671127,2.29576157196051e-09,1361.11612085998,0.319290213140382,92.267658501688,30.4179293099954,0.97869257076389,29.2564923293257,0.876272092912265,6.61656524352006,4.08934797128465,34.335125039637,0.844904386064395,4.19909268620457,4.96171061806069,41.6643039655169,0.889786444807094,27.0963529862695,4.70959524095614
412,366.411752299722,116.243272574993,29.1216746870202,24.5347344299198,22.7988503004983,29.8037778804431,325.415536847081,1.58942134593609e-09,37.4425025677878,0.4630857558021,1.92860546629883e-09,64.7702317248997,0.379828023173234,2.49562596195858e-09,2335.919193192,0.183219710489475,9.67264116865722e-10,2614.72045705558,0.35619164671127,2.29576157196051e-09,1361.11612085998,0.319290213140382,92.267658501688,30.4179293099954,0.97869257076389,29.2564923293257,0.876272092912265,6.61656524352006,4.08934797128465,34.335125039637,0.844904386064395,4.19909268620457,4.96171061806069,41.6643039655169,0.889786444807094,27.0963529862695,4.70959524095614
413,327.626229846994,114.664300518212,28.6448410702955,28.3772365033952,27.0546501048934,23.3940545219196,389.906944905041,1.66870790388209e-09,33.1900747183173,0.469721194220928,1.69601548934302e-09,77.7992749947447,0.386204423600588,2.42711594837437e-09,2034.09935066245,0.210357989096993,9.60889061106148e-10,2674.20593949524,0.352497955418128,2.13124094468435e-09,1282.91228967051,0.269690340069862,86.5809025640779,27.6113634677777,0.652244807479428,20.8703927923196,0.867086778415205,6.87940976287897,2.11561710918452,37.5970408395566,0.88053943262452,6.0747920889812,5.49468955093539,38.7085394818351,0.961010348194417,25.0411346732615,7.37229039168652
413,327.626229846994,114.664300518212,28.6448410702955,28.3772365033952,27.0546501048934,23.3940545219196,389.906944905041,1.66870790388209e-09,33.1900747183173,0.469721194220928,1.69601548934302e-09,77.7992749947447,0.386204423600588,2.42711594837437e-09,2034.09935066245,0.210357989096993,9.60889061106148e-10,2674.20593949524,0.352497955418128,2.13124094468435e-09,1282.91228967051,0.269690340069862,86.5809025640779,27.6113634677777,0.652244807479428,20.8703927923196,0.867086778415205,6.87940976287897,2.11561710918452,37.5970408395566,0.88053943262452,6.0747920889812,5.49468955093539,38.7085394818351,0.961010348194417,25.0411346732615,7.37229039168652
414,399.412989827941,90.8373276053614,24.7647620131388,29.7725841778406,23.8902500012976,21.9161988835337,318.644714942699,1.58704301455414e-09,37.9497402577146,0.469600988987482,1.74927240304292e-09,71.9180278851589,0.431205202914371,2.14116499968751e-09,2403.32653692692,0.212953308781928,8.08688715568313e-10,2708.82467744602,0.384042599826659,2.20878912255637e-09,1526.01682742924,0.269677312913622,95.2383903816759,30.8658805096794,0.514325133317601,23.7126568051086,0.85632219684678,6.83848323542412,3.61623126962061,32.4705813251606,0.991853586735002,6.66973441820877,4.06973926898639,38.0319967014296,0.870899334101692,28.7137146574761,6.28030106292838
414,399.412989827941,90.8373276053614,24.7647620131388,29.7725841778406,23.8902500012976,21.9161988835337,318.644714942699,1.58704301455414e-09,37.9497402577146,0.469600988987482,1.74927240304292e-09,71.9180278851589,0.431205202914371,2.14116499968751e-09,2403.32653692692,0.212953308781928,8.08688715568313e-10,2708.82467744602,0.384042599826659,2.20878912255637e-09,1526.01682742924,0.269677312913622,95.2383903816759,30.8658805096794,0.514325133317601,23.7126568051086,0.85632219684678,6.83848323542412,3.61623126962061,32.4705813251606,0.991853586735002,6.66973441820877,4.06973926898639,38.0319967014296,0.870899334101692,28.7137146574761,6.28030106292838
415,322.718716177103,113.266207660173,22.6058241766333,23.3599837167455,28.9151957883281,23.7087846354697,383.054418419963,1.56835036495344e-09,32.4881274767355,0.430347499436972,1.69252704920481e-09,77.398691650139,0.356382408130486,2.05594463772807e-09,2359.17830228617,0.186385736851098,9.10703456560955e-10,2987.53745267584,0.314868601974587,2.17646944385421e-09,1526.00770849593,0.286672137763889,103.672755181995,21.2569845339108,0.0931500347112962,26.7397212533044,0.957396056900042,7.32193617140644,2.87767877052207,30.7768597920126,0.87599024791569,6.70588595462952,3.388269584779,37.2659462154423,0.916767548143717,29.5169872429309,6.27058531272328
415,322.718716177103,113.266207660173,22.6058241766333,23.3599837167455,28.9151957883281,23.7087846354697,383.054418419963,1.56835036495344e-09,32.4881274767355,0.430347499436972,1.69252704920481e-09,77.398691650139,0.356382408130486,2.05594463772807e-09,2359.17830228617,0.186385736851098,9.10703456560955e-10,2987.53745267584,0.314868601974587,2.17646944385421e-09,1526.00770849593,0.286672137763889,103.672755181995,21.2569845339108,0.0931500347112962,26.7397212533044,0.957396056900042,7.32193617140644,2.87767877052207,30.7768597920126,0.87599024791569,6.70588595462952,3.388269584779,37.2659462154423,0.916767548143717,29.5169872429309,6.27058531272328
416,311.943687828751,102.625583356782,29.566082721315,22.6407327845958,24.5667344474891,20.483018790676,387.05723552557,1.52543584770657e-09,39.1895725176632,0.402644359144611,1.7049888917795e-09,75.6687019659527,0.386575269601298,2.06707987043201e-09,2759.36835350419,0.214637332613276,8.56319822683963e-10,3033.01578176212,0.336168018506023,2.35940663227774e-09,1411.51768905858,0.271465540685524,81.9267330142401,37.4269413236651,0.473427064269374,26.5079064685964,0.929158614389861,5.96904855725347,2.85303785399974,35.6226844571695,0.906004762055117,7.75189728030358,3.1003506393364,42.489099440024,0.955979110651865,21.0627067856162,5.96313232443808
416,311.943687828751,102.625583356782,29.566082721315,22.6407327845958,24.5667344474891,20.483018790676,387.05723552557,1.52543584770657e-09,39.1895725176632,0.402644359144611,1.7049888917795e-09,75.6687019659527,0.386575269601298,2.06707987043201e-09,2759.36835350419,0.214637332613276,8.56319822683963e-10,3033.01578176212,0.336168018506023,2.35940663227774e-09,1411.51768905858,0.271465540685524,81.9267330142401,37.4269413236651,0.473427064269374,26.5079064685964,0.929158614389861,5.96904855725347,2.85303785399974,35.6226844571695,0.906004762055117,7.75189728030358,3.1003506393364,42.489099440024,0.955979110651865,21.0627067856162,5.96313232443808
417,357.545708404679,94.7600501633076,21.4363342004656,20.8047616549798,25.8345348296144,22.0711876742026,304.731188901065,1.79541393069667e-09,36.0934735189834,0.457063484806692,1.72168834006614e-09,76.861188362379,0.412351189455239,2.39254219221905e-09,2057.97983387229,0.184154991711527,1.04493930360195e-09,2503.26798742145,0.394369022724279,2.35730663476318e-09,1415.53579659619,0.319851538958238,112.375904869701,29.280490360807,0.913676461309362,20.9646521987035,0.989385675412996,4.05281085513823,4.5619253661796,38.2506991756623,0.978967788285001,3.60213280003592,4.83930540463888,39.5385297636465,0.809535246841057,26.9306714938405,5.26159168097381
417,357.545708404679,94.7600501633076,21.4363342004656,20.8047616549798,25.8345348296144,22.0711876742026,304.731188901065,1.79541393069667e-09,36.0934735189834,0.457063484806692,1.72168834006614e-09,76.861188362379,0.412351189455239,2.39254219221905e-09,2057.97983387229,0.184154991711527,1.04493930360195e-09,2503.26798742145,0.394369022724279,2.35730663476318e-09,1415.53579659619,0.319851538958238,112.375904869701,29.280490360807,0.913676461309362,20.9646521987035,0.989385675412996,4.05281085513823,4.5619253661796,38.2506991756623,0.978967788285001,3.60213280003592,4.83930540463888,39.5385297636465,0.809535246841057,26.9306714938405,5.26159168097381
418,397.76773284536,118.234261627512,27.0097078731678,28.8319422029436,26.6715934659833,28.275877966673,364.096146469915,1.54144203784603e-09,39.8011419191947,0.440459784403512,1.74771996227472e-09,69.5551681916583,0.352846540779768,2.34308286906116e-09,2271.08760082875,0.219138734337151,9.86453021034299e-10,2813.79271325772,0.331143951823283,2.19935053631145e-09,1327.55680335299,0.294504681685347,90.9794206310999,39.582544044383,0.74449818817124,29.12333022299,0.940520633708059,5.2500287448049,4.56074245369524,38.1837950283432,0.931025232665156,3.06303705763575,4.57119686901563,38.6558999189289,0.803446288368128,20.8857711572166,4.80179109061537
418,397.76773284536,118.234261627512,27.0097078731678,28.8319422029436,26.6715934659833,28.275877966673,364.096146469915,1.54144203784603e-09,39.8011419191947,0.440459784403512,1.74771996227472e-09,69.5551681916583,0.352846540779768,2.34308286906116e-09,2271.08760082875,0.219138734337151,9.86453021034299e-10,2813.79271325772,0.331143951823283,2.19935053631145e-09,1327.55680335299,0.294504681685347,90.9794206310999,39.582544044383,0.74449818817124,29.12333022299,0.940520633708059,5.2500287448049,4.56074245369524,38.1837950283432,0.931025232665156,3.06303705763575,4.57119686901563,38.6558999189289,0.803446288368128,20.8857711572166,4.80179109061537
419,363.68563495931,103.053853882171,21.4319171241886,26.0206581971085,21.115865029295,22.2800548665493,328.915005849915,1.637243590096e-09,35.4472851898838,0.423170922188096,1.97284595956536e-09,66.9040234245633,0.409169169223142,2.08324515773726e-09,2447.18511714061,0.183225901635199,1.04464896673418e-09,2760.84625770851,0.358602158637868,2.35078233624403e-09,1201.59203141117,0.316754161254036,86.3880055372379,39.0125815653682,0.976364279910945,28.6942480462061,0.899539396208947,3.08222419108046,2.39942050977947,32.4222684646561,0.951961895281116,7.26865821874094,6.43112541750625,41.1741348558581,0.831901777523488,22.577967560245,7.76841289986929
419,363.68563495931,103.053853882171,21.4319171241886,26.0206581971085,21.115865029295,22.2800548665493,328.915005849915,1.637243590096e-09,35.4472851898838,0.423170922188096,1.97284595956536e-09,66.9040234245633,0.409169169223142,2.08324515773726e-09,2447.18511714061,0.183225901635199,1.04464896673418e-09,2760.84625770851,0.358602158637868,2.35078233624403e-09,1201.59203141117,0.316754161254036,86.3880055372379,39.0125815653682,0.976364279910945,28.6942480462061,0.899539396208947,3.08222419108046,2.39942050977947,32.4222684646561,0.951961895281116,7.26865821874094,6.43112541750625,41.1741348558581,0.831901777523488,22.577967560245,7.76841289986929
420,329.975840058897,93.8617013912525,28.3234530820248,26.5835061921479,21.8297061203069,20.3819203093221,353.074426101471,1.41065538970871e-09,34.8257359235809,0.433932475454912,1.92191709686214e-09,68.1202355039816,0.412952247880124,2.09231184291857e-09,2341.33209239589,0.199186898407032,9.8564294923491e-10,2945.42083021971,0.392261833947228,2.1232146343212e-09,1579.29141902123,0.306706308828447,92.0470769108097,39.3186354327021,0.194932594300429,27.1223542759729,0.973283290107637,6.31943550353355,2.36548161280404,33.3408194636547,0.965324884374019,4.33356011317985,6.68016363681061,40.3855820993675,0.963313742105881,21.9419866932376,4.29952570718812
420,329.975840058897,93.8617013912525,28.3234530820248,26.5835061921479,21.8297061203069,20.3819203093221,353.074426101471,1.41065538970871e-09,34.8257359235809,0.433932475454912,1.92191709686214e-09,68.1202355039816,0.412952247880124,2.09231184291857e-09,2341.33209239589,0.199186898407032,9.8564294923491e-10,2945.42083021971,0.392261833947228,2.1232146343212e-09,1579.29141902123,0.306706308828447,92.0470769108097,39.3186354327021,0.194932594300429,27.1223542759729,0.973283290107637,6.31943550353355,2.36548161280404,33.3408194636547,0.965324884374019,4.33356011317985,6.68016363681061,40.3855820993675,0.963313742105881,21.9419866932376,4.29952570718812
421,302.563870745461,101.838088432441,27.8014048979468,25.1543801133148,25.7918484578608,23.271506814507,305.917056512433,1.63932787901282e-09,39.892323586171,0.401625177494146,1.68071944404091e-09,65.9909432656397,0.363503927841054,2.57712652002139e-09,2011.84971592118,0.196559874111076,8.58588382536286e-10,2992.10681110266,0.309244992884233,2.15407767241861e-09,1429.61776632943,0.284615386949614,93.55092437139,35.8345372082608,0.449085454560758,25.7070072670248,0.877132592030504,7.13132256675154,3.53180954676228,35.0639525275442,0.806835909037845,6.44697831942363,3.66102641413413,41.0853568268583,0.99959837110564,21.5506283622555,7.59723669941226
421,302.563870745461,101.838088432441,27.8014048979468,25.1543801133148,25.7918484578608,23.271506814507,305.917056512433,1.63932787901282e-09,39.892323586171,0.401625177494146,1.68071944404091e-09,65.9909432656397,0.363503927841054,2.57712652002139e-09,2011.84971592118,0.196559874111076,8.58588382536286e-10,2992.10681110266,0.309244992884233,2.15407767241861e-09,1429.61776632943,0.284615386949614,93.55092437139,35.8345372082608,0.449085454560758,25.7070072670248,0.877132592030504,7.13132256675154,3.53180954676228,35.0639525275442,0.806835909037845,6.44697831942363,3.66102641413413,41.0853568268583,0.99959837110564,21.5506283622555,7.59723669941226
422,328.135157959264,115.255579409478,28.5745050108338,29.2800856322562,20.0936141068923,29.4687114598013,318.041910956975,1.72741565411274e-09,33.2358952901505,0.443173073117209,1.92610700393126e-09,70.2101251163158,0.405064961125576,2.15269710670604e-09,2454.16337836903,0.212875916468718,1.08898954646711e-09,3487.73491269361,0.342130540643553,2.12620692645999e-09,1397.50969800032,0.25153428171369,86.3322440823148,35.2257715755975,0.553096257873962,27.0119963595262,0.852118929672148,7.18662453535413,4.57360119794822,34.0191415834795,0.904734832390856,3.91835277314473,6.79802428956677,41.4472074881034,0.839699215432993,29.6684022711285,4.04059043445908
422,328.135157959264,115.255579409478,28.5745050108338,29.2800856322562,20.0936141068923,29.4687114598013,318.041910956975,1.72741565411274e-09,33.2358952901505,0.443173073117209,1.92610700393126e-09,70.2101251163158,0.405064961125576,2.15269710670604e-09,2454.16337836903,0.212875916468718,1.08898954646711e-09,3487.73491269361,0.342130540643553,2.12620692645999e-09,1397.50969800032,0.25153428171369,86.3322440823148,35.2257715755975,0.553096257873962,27.0119963595262,0.852118929672148,7.18662453535413,4.57360119794822,34.0191415834795,0.904734832390856,3.91835277314473,6.79802428956677,41.4472074881034,0.839699215432993,29.6684022711285,4.04059043445908
423,380.429746027998,111.877760867468,29.4166417636144,20.3113313801884,20.1255868319407,27.607308516732,311.955898024844,1.52330356366295e-09,30.4371713593291,0.469288597451966,1.9769802886349e-09,64.3471934338296,0.365656175746022,2.54968067078471e-09,2326.6556106497,0.205845082269204,1.19159891466242e-09,2769.36261539063,0.342301558806532,2.14140845997349e-09,1395.31963762443,0.288163483635881,104.544196166647,23.7372227927179,0.649979755452013,28.7507980842713,0.847359336720059,6.90185983689116,2.23631545197599,30.948983977493,0.912878902231051,3.41219530861403,4.32008036718946,35.1464960437343,0.941687242444252,21.0582378052259,5.39826470151642
423,380.429746027998,111.877760867468,29.4166417636144,20.3113313801884,20.1255868319407,27.607308516732,311.955898024844,1.52330356366295e-09,30.4371713593291,0.469288597451966,1.9769802886349e-09,64.3471934338296,0.365656175746022,2.54968067078471e-09,2326.6556106497,0.205845082269204,1.19159891466242e-09,2769.36261539063,0.342301558806532,2.14140845997349e-09,1395.31963762443,0.288163483635881,104.544196166647,23.7372227927179,0.649979755452013,28.7507980842713,0.847359336720059,6.90185983689116,2.23631545197599,30.948983977493,0.912878902231051,3.41219530861403,4.32008036718946,35.1464960437343,0.941687242444252,21.0582378052259,5.39826470151642
424,383.056477600709,89.9245400273809,22.9340500460213,29.4920349433846,21.0917372621186,23.7379488955804,398.934784111389,1.441083714844e-09,34.8502984583192,0.461911837346602,1.77089034269953e-09,61.2424010880805,0.439274149182051,2.42845541437117e-09,2238.67092310076,0.213845819637438,9.93117524151414e-10,3198.10842874692,0.370197674438836,2.13190915039087e-09,1213.95858681904,0.30697199850691,107.902617429396,29.8224002816752,0.488467083292089,27.2454947228944,0.944715204974787,4.13562189178216,4.44967203554411,33.142782510528,0.91342729116446,3.1151111633994,3.97020193428298,39.7010340964664,0.846133990604399,20.7076168731603,4.02772504232864
424,383.056477600709,89.9245400273809,22.9340500460213,29.4920349433846,21.0917372621186,23.7379488955804,398.934784111389,1.441083714844e-09,34.8502984583192,0.461911837346602,1.77089034269953e-09,61.2424010880805,0.439274149182051,2.42845541437117e-09,2238.67092310076,0.213845819637438,9.93117524151414e-10,3198.10842874692,0.370197674438836,2.13190915039087e-09,1213.95858681904,0.30697199850691,107.902617429396,29.8224002816752,0.488467083292089,27.2454947228944,0.944715204974787,4.13562189178216,4.44967203554411,33.142782510528,0.91342729116446,3.1151111633994,3.97020193428298,39.7010340964664,0.846133990604399,20.7076168731603,4.02772504232864
425,346.337168131006,95.9269705458537,23.2801924067835,28.7565519798519,22.9714014879174,20.028973628525,363.695605828017,1.60224131609572e-09,34.3198082043738,0.463026682154765,1.86745154221816e-09,75.5969376689264,0.42537203223044,2.13584350239468e-09,2535.88374414051,0.204398608506115,8.45419389045295e-10,2601.12060864672,0.383951318328734,2.27445353070131e-09,1261.45334136363,0.304987857854678,110.596308983871,31.2626756731691,0.294778368121557,20.7026369585687,0.816569839209039,7.24387772197004,3.91235341560956,38.7328803986242,0.792293357214771,5.14939600387517,5.02554509118038,44.7466625653202,0.975530601898287,29.0533133402834,5.8246568450625
425,346.337168131006,95.9269705458537,23.2801924067835,28.7565519798519,22.9714014879174,20.028973628525,363.695605828017,1.60224131609572e-09,34.3198082043738,0.463026682154765,1.86745154221816e-09,75.5969376689264,0.42537203223044,2.13584350239468e-09,2535.88374414051,0.204398608506115,8.45419389045295e-10,2601.12060864672,0.383951318328734,2.27445353070131e-09,1261.45334136363,0.304987857854678,110.596308983871,31.2626756731691,0.294778368121557,20.7026369585687,0.816569839209039,7.24387772197004,3.91235341560956,38.7328803986242,0.792293357214771,5.14939600387517,5.02554509118038,44.7466625653202,0.975530601898287,29.0533133402834,5.8246568450625
426,371.777320862443,99.3847388023151,25.8624412723913,20.880549911967,20.5779159798421,29.0564964788984,337.622994605855,1.73012797658624e-09,39.3178296522176,0.468106168521078,1.74124142256513e-09,73.6812969085395,0.381404106294252,2.1420576695955e-09,2050.1474066038,0.188901130758105,1.18263202244585e-09,2947.45895555432,0.331119997937354,2.0001325203981e-09,1282.15809670181,0.319965679218625,107.384071365879,34.1890427186428,0.282366119112798,23.3086026365771,0.866629906117661,7.85342255880401,3.59160777181149,31.9054449614444,0.900320420864912,4.88080763404105,5.76866269668749,39.6170986854924,0.781464362863516,21.5003957414553,5.34085173771869
426,371.777320862443,99.3847388023151,25.8624412723913,20.880549911967,20.5779159798421,29.0564964788984,337.622994605855,1.73012797658624e-09,39.3178296522176,0.468106168521078,1.74124142256513e-09,73.6812969085395,0.381404106294252,2.1420576695955e-09,2050.1474066038,0.188901130758105,1.18263202244585e-09,2947.45895555432,0.331119997937354,2.0001325203981e-09,1282.15809670181,0.319965679218625,107.384071365879,34.1890427186428,0.282366119112798,23.3086026365771,0.866629906117661,7.85342255880401,3.59160777181149,31.9054449614444,0.900320420864912,4.88080763404105,5.76866269668749,39.6170986854924,0.781464362863516,21.5003957414553,5.34085173771869
427,339.523689103526,93.8129090287619,22.1779971163155,20.6486369093647,24.8409589225023,29.9057616928113,317.969497874954,1.40366960041e-09,38.2749740419792,0.458366788401459,1.84009851927691e-09,65.7558848879648,0.373989049909607,2.47414792437698e-09,2511.06407937744,0.213623317597746,9.81124721272144e-10,3259.91241888145,0.317215809583368,2.32732819798063e-09,1358.39754266009,0.341057345045126,81.5946810466485,36.7162856852533,0.58523210934782,24.0321697733192,0.839378845047372,3.02453922277854,3.99009052377656,34.5757809547541,0.898332651234257,6.48522040275735,6.56912586569189,36.0137534223903,0.802258310900707,24.23615178393,7.59706361114834
427,339.523689103526,93.8129090287619,22.1779971163155,20.6486369093647,24.8409589225023,29.9057616928113,317.969497874954,1.40366960041e-09,38.2749740419792,0.458366788401459,1.84009851927691e-09,65.7558848879648,0.373989049909607,2.47414792437698e-09,2511.06407937744,0.213623317597746,9.81124721272144e-10,3259.91241888145,0.317215809583368,2.32732819798063e-09,1358.39754266009,0.341057345045126,81.5946810466485,36.7162856852533,0.58523210934782,24.0321697733192,0.839378845047372,3.02453922277854,3.99009052377656,34.5757809547541,0.898332651234257,6.48522040275735,6.56912586569189,36.0137534223903,0.802258310900707,24.23615178393,7.59706361114834
428,370.137437543202,116.848828730873,21.4130846276898,26.5859138198927,25.6085861336616,22.7127658129548,328.362265613183,1.66990086337482e-09,31.0934122083753,0.479285120502629,1.84608417688015e-09,64.1428707521953,0.42508384722046,2.32921700833446e-09,2390.38610543417,0.194115836633859,1.03652600166441e-09,2725.59450032022,0.383387842666986,2.05849803998666e-09,1585.12843196562,0.330873990794851,82.0798780067505,34.6034520272457,0.502014383379256,20.8118882701319,0.937180492226941,7.22409951490469,4.21992275392196,38.899872636629,0.828527310360141,4.44864520110039,3.45234425952507,42.9852767011837,0.949810847780948,27.6857642451754,6.41325065737149
428,370.137437543202,116.848828730873,21.4130846276898,26.5859138198927,25.6085861336616,22.7127658129548,328.362265613183,1.66990086337482e-09,31.0934122083753,0.479285120502629,1.84608417688015e-09,64.1428707521953,0.42508384722046,2.32921700833446e-09,2390.38610543417,0.194115836633859,1.03652600166441e-09,2725.59450032022,0.383387842666986,2.05849803998666e-09,1585.12843196562,0.330873990794851,82.0798780067505,34.6034520272457,0.502014383379256,20.8118882701319,0.937180492226941,7.22409951490469,4.21992275392196,38.899872636629,0.828527310360141,4.44864520110039,3.45234425952507,42.9852767011837,0.949810847780948,27.6857642451754,6.41325065737149
429,371.875081939292,89.0437129941743,25.3360965517126,24.4640864429646,22.2619889916254,29.458653388889,384.932090833862,1.56390072897642e-09,36.8045577488612,0.459967500619045,1.84678595215178e-09,77.5500672279752,0.390025322667104,2.31539298119736e-09,2708.43170504066,0.181111344434484,1.09287641915686e-09,3228.32151835303,0.35463361151473,2.06262157420142e-09,1258.13043218912,0.264450025193359,102.782569823223,30.6787692610802,0.266941364027738,21.6977364707613,0.829615466408033,4.90912781591134,3.74853340916445,36.7302314123634,0.988813006407196,7.67106445761904,5.51265192906314,37.2555713889925,0.960524947797718,20.1206764889757,4.70978546390103
429,371.875081939292,89.0437129941743,25.3360965517126,24.4640864429646,22.2619889916254,29.458653388889,384.932090833862,1.56390072897642e-09,36.8045577488612,0.459967500619045,1.84678595215178e-09,77.5500672279752,0.390025322667104,2.31539298119736e-09,2708.43170504066,0.181111344434484,1.09287641915686e-09,3228.32151835303,0.35463361151473,2.06262157420142e-09,1258.13043218912,0.264450025193359,102.782569823223,30.6787692610802,0.266941364027738,21.6977364707613,0.829615466408033,4.90912781591134,3.74853340916445,36.7302314123634,0.988813006407196,7.67106445761904,5.51265192906314,37.2555713889925,0.960524947797718,20.1206764889757,4.70978546390103
430,330.654855548423,94.8129555637847,23.4255016412511,26.4013832075864,26.8361713020054,26.9105984877333,373.648091970332,1.79123307141698e-09,33.168745457772,0.461229915896714,1.8973049696582e-09,70.7314431699768,0.38672890493528,2.11512335466352e-09,2661.74204083594,0.202098768241081,1.06199173220172e-09,3253.68646547387,0.371711577113002,2.12519618184454e-09,1599.25071630138,0.266201987413363,119.380535824473,28.5164272389042,0.031964495770172,23.8520500266646,0.958121531391408,3.33911185857144,2.94681612823429,32.5388030080613,0.879837296110769,5.3390095417216,6.31182899366549,43.0783833354193,0.957106309040654,24.7359714286036,7.19029109420579
430,330.654855548423,94.8129555637847,23.4255016412511,26.4013832075864,26.8361713020054,26.9105984877333,373.648091970332,1.79123307141698e-09,33.168745457772,0.461229915896714,1.8973049696582e-09,70.7314431699768,0.38672890493528,2.11512335466352e-09,2661.74204083594,0.202098768241081,1.06199173220172e-09,3253.68646547387,0.371711577113002,2.12519618184454e-09,1599.25071630138,0.266201987413363,119.380535824473,28.5164272389042,0.031964495770172,23.8520500266646,0.958121531391408,3.33911185857144,2.94681612823429,32.5388030080613,0.879837296110769,5.3390095417216,6.31182899366549,43.0783833354193,0.957106309040654,24.7359714286036,7.19029109420579
431,385.89278644199,98.9338112566993,28.0499039366061,27.4619101026414,24.5476298318349,29.1996909070615,377.784257498277,1.52457069627321e-09,33.9750999216645,0.422569696262305,1.70834225765369e-09,79.3535513786638,0.36320740431579,2.30508699390776e-09,2132.5244931892,0.180900186825334,9.09367506827808e-10,3116.29116406315,0.367425535630733,2.03115205863494e-09,1360.10267890465,0.261665564517867,81.1311422982781,27.908621217522,0.616118641826265,21.1459937409007,0.957928034043045,5.03886123677806,2.9231672754272,37.1438826275244,0.851108377792901,4.31690766169802,3.69234606900644,43.7135416103605,0.827562160182104,22.2114404116737,6.73256658208886
431,385.89278644199,98.9338112566993,28.0499039366061,27.4619101026414,24.5476298318349,29.1996909070615,377.784257498277,1.52457069627321e-09,33.9750999216645,0.422569696262305,1.70834225765369e-09,79.3535513786638,0.36320740431579,2.30508699390776e-09,2132.5244931892,0.180900186825334,9.09367506827808e-10,3116.29116406315,0.367425535630733,2.03115205863494e-09,1360.10267890465,0.261665564517867,81.1311422982781,27.908621217522,0.616118641826265,21.1459937409007,0.957928034043045,5.03886123677806,2.9231672754272,37.1438826275244,0.851108377792901,4.31690766169802,3.69234606900644,43.7135416103605,0.827562160182104,22.2114404116737,6.73256658208886
432,353.357686747145,112.044242814433,20.504479882203,24.3828591380754,25.9625468976487,20.8247500134914,309.483011109887,1.77553832943816e-09,35.130670944099,0.461346186243347,1.95974596825649e-09,75.1987160760228,0.379006635760919,2.55859240225845e-09,2310.56377904732,0.188953949271855,9.8480067010008e-10,3074.75927196595,0.393453572543926,2.03926271363582e-09,1325.98074842898,0.266532613865439,115.124112397325,30.1047479256994,0.942049623706212,28.3221487131651,0.864638382875375,7.40448959811853,2.95435480795688,30.5319362010473,0.90499537337164,3.43223006998984,3.52624952791999,40.6199959086921,0.811155192505225,25.0788808787466,4.38651328219178
432,353.357686747145,112.044242814433,20.504479882203,24.3828591380754,25.9625468976487,20.8247500134914,309.483011109887,1.77553832943816e-09,35.130670944099,0.461346186243347,1.95974596825649e-09,75.1987160760228,0.379006635760919,2.55859240225845e-09,2310.56377904732,0.188953949271855,9.8480067010008e-10,3074.75927196595,0.393453572543926,2.03926271363582e-09,1325.98074842898,0.266532613865439,115.124112397325,30.1047479256994,0.942049623706212,28.3221487131651,0.864638382875375,7.40448959811853,2.95435480795688,30.5319362010473,0.90499537337164,3.43223006998984,3.52624952791999,40.6199959086921,0.811155192505225,25.0788808787466,4.38651328219178
433,383.242654589825,109.654322987319,21.9392952820122,20.8176371667839,20.0377681092165,25.0072527969513,363.81196359393,1.67187165408328e-09,39.2771212961186,0.439194718635542,1.92847288278737e-09,69.9547740710223,0.412927807670864,2.37229723313071e-09,2195.50395990689,0.204505922084413,9.42224162376282e-10,3361.02129819593,0.340241379264171,2.02488034761774e-09,1590.16933925817,0.272586451481451,113.537091361382,35.7218289089547,0.482450659089082,24.0802106005368,0.901452234803198,3.15060753014724,3.78196004344918,37.9696582307556,0.987572625699647,4.36216351556042,4.80334553624153,39.9237071424697,0.796660589314567,23.6422771251205,5.92692490195125
433,383.242654589825,109.654322987319,21.9392952820122,20.8176371667839,20.0377681092165,25.0072527969513,363.81196359393,1.67187165408328e-09,39.2771212961186,0.439194718635542,1.92847288278737e-09,69.9547740710223,0.412927807670864,2.37229723313071e-09,2195.50395990689,0.204505922084413,9.42224162376282e-10,3361.02129819593,0.340241379264171,2.02488034761774e-09,1590.16933925817,0.272586451481451,113.537091361382,35.7218289089547,0.482450659089082,24.0802106005368,0.901452234803198,3.15060753014724,3.78196004344918,37.9696582307556,0.987572625699647,4.36216351556042,4.80334553624153,39.9237071424697,0.796660589314567,23.6422771251205,5.92692490195125
434,385.099326237846,84.7268697872722,22.8327360922626,26.9237470900192,23.1970554069895,27.0137655721499,314.81350436127,1.77487008380746e-09,34.4260693398167,0.400480513100978,1.61685820108538e-09,66.3617666495478,0.397920797365521,2.09012076387056e-09,2457.54100940246,0.192765584076623,1.19857179295418e-09,2605.819946307,0.331541102456091,2.15270269629975e-09,1478.69137435461,0.302629401778447,84.185397284546,32.4416767022654,0.624001246734669,27.0164358242544,0.985793543282633,6.83805648758254,2.87528670122827,31.0503840849215,0.989183322539839,4.52700598953657,6.51974684056065,40.9946918768386,0.876302930825808,25.3679355412613,6.29211117851388
434,385.099326237846,84.7268697872722,22.8327360922626,26.9237470900192,23.1970554069895,27.0137655721499,314.81350436127,1.77487008380746e-09,34.4260693398167,0.400480513100978,1.61685820108538e-09,66.3617666495478,0.397920797365521,2.09012076387056e-09,2457.54100940246,0.192765584076623,1.19857179295418e-09,2605.819946307,0.331541102456091,2.15270269629975e-09,1478.69137435461,0.302629401778447,84.185397284546,32.4416767022654,0.624001246734669,27.0164358242544,0.985793543282633,6.83805648758254,2.87528670122827,31.0503840849215,0.989183322539839,4.52700598953657,6.51974684056065,40.9946918768386,0.876302930825808,25.3679355412613,6.29211117851388
435,368.616921110135,83.9276266286922,28.9031539001525,21.1705287233243,22.5201453806148,20.9617509480069,323.608169926873,1.49685173448066e-09,37.3615872029776,0.42188757775158,1.86665173493534e-09,66.4819558789164,0.414731456848596,2.2473963676492e-09,2464.65578585007,0.200852559628162,9.03554495886044e-10,3157.50926457455,0.366482994631676,2.2945240557381e-09,1588.849371971,0.314100466070728,113.497214287258,20.7186933985362,0.0126937319562028,22.4862331709592,0.8192633956062,4.25303904493362,4.51134820612443,33.2266527121422,0.905855742132936,5.71564864735801,3.21178271778943,42.7756687946929,0.988907392296525,26.8707764993069,4.60369040622123
435,368.616921110135,83.9276266286922,28.9031539001525,21.1705287233243,22.5201453806148,20.9617509480069,323.608169926873,1.49685173448066e-09,37.3615872029776,0.42188757775158,1.86665173493534e-09,66.4819558789164,0.414731456848596,2.2473963676492e-09,2464.65578585007,0.200852559628162,9.03554495886044e-10,3157.50926457455,0.366482994631676,2.2945240557381e-09,1588.849371971,0.314100466070728,113.497214287258,20.7186933985362,0.0126937319562028,22.4862331709592,0.8192633956062,4.25303904493362,4.51134820612443,33.2266527121422,0.905855742132936,5.71564864735801,3.21178271778943,42.7756687946929,0.988907392296525,26.8707764993069,4.60369040622123
436,398.522012070827,90.1269342023858,25.8690166702445,26.4429219393665,24.4209135864145,23.7135613162129,351.25488849795,1.68979392256587e-09,32.2352426330225,0.47872231824412,1.64369453108019e-09,71.7358174326304,0.414585988262633,2.16265406121548e-09,2600.09116958165,0.189405214168605,9.45705752583617e-10,2940.9442185376,0.356746943961866,2.06141902715388e-09,1300.10726417638,0.28273147222218,101.536465083097,29.1921845437812,0.986250080270613,24.3516606573726,0.941296111575004,7.23684520630459,2.13912083949538,33.1961740132132,0.99547842032491,4.35252154215845,3.61677827613093,38.3935843659185,0.99762020291916,25.329310806564,6.08079665089295
436,398.522012070827,90.1269342023858,25.8690166702445,26.4429219393665,24.4209135864145,23.7135613162129,351.25488849795,1.68979392256587e-09,32.2352426330225,0.47872231824412,1.64369453108019e-09,71.7358174326304,0.414585988262633,2.16265406121548e-09,2600.09116958165,0.189405214168605,9.45705752583617e-10,2940.9442185376,0.356746943961866,2.06141902715388e-09,1300.10726417638,0.28273147222218,101.536465083097,29.1921845437812,0.986250080270613,24.3516606573726,0.941296111575004,7.23684520630459,2.13912083949538,33.1961740132132,0.99547842032491,4.35252154215845,3.61677827613093,38.3935843659185,0.99762020291916,25.329310806564,6.08079665089295
437,368.667932285419,91.2701176181807,25.7212291567531,29.8702728184705,26.7048018089076,22.043318245194,336.566039075756,1.53808640350927e-09,39.5669534449464,0.465257034169629,1.65064886535006e-09,74.4384405483616,0.436351208372635,2.1919438403142e-09,2002.64091397757,0.2004067395611,1.089293194187e-09,2943.24212255216,0.353516640261444,2.32080289028633e-09,1206.18484438503,0.330593508529401,103.353036917423,24.2030403675512,0.457081844689195,22.5779291522992,0.830323924366916,4.96664592636926,3.47104356659639,35.8827496822616,0.89769334013359,4.2882841760962,4.1689136653054,43.4371289509148,0.840801426733059,23.7690139560357,4.91364524375524
437,368.667932285419,91.2701176181807,25.7212291567531,29.8702728184705,26.7048018089076,22.043318245194,336.566039075756,1.53808640350927e-09,39.5669534449464,0.465257034169629,1.65064886535006e-09,74.4384405483616,0.436351208372635,2.1919438403142e-09,2002.64091397757,0.2004067395611,1.089293194187e-09,2943.24212255216,0.353516640261444,2.32080289028633e-09,1206.18484438503,0.330593508529401,103.353036917423,24.2030403675512,0.457081844689195,22.5779291522992,0.830323924366916,4.96664592636926,3.47104356659639,35.8827496822616,0.89769334013359,4.2882841760962,4.1689136653054,43.4371289509148,0.840801426733059,23.7690139560357,4.91364524375524
438,370.109084270145,103.342336105429,24.663484771045,24.3818185246317,27.8500876432407,20.4574611559021,323.145801231893,1.73209305005467e-09,38.4982726306612,0.471777128926937,1.96855119872024e-09,79.4822255811403,0.357115121482117,2.14314901372602e-09,2160.72699132589,0.196920661300198,9.33814482061528e-10,3276.66169229032,0.359976186262546,2.14661487794506e-09,1446.61224317988,0.297798441274539,110.805225758117,28.5704826415723,0.272732870284947,28.1785376440321,0.915499863213169,3.82184013525215,2.58208648010769,36.2823087153369,0.874242336479083,4.14827786767218,6.57917208990667,40.795512607295,0.917559110043789,23.7976790312798,5.63099818620029
438,370.109084270145,103.342336105429,24.663484771045,24.3818185246317,27.8500876432407,20.4574611559021,323.145801231893,1.73209305005467e-09,38.4982726306612,0.471777128926937,1.96855119872024e-09,79.4822255811403,0.357115121482117,2.14314901372602e-09,2160.72699132589,0.196920661300198,9.33814482061528e-10,3276.66169229032,0.359976186262546,2.14661487794506e-09,1446.61224317988,0.297798441274539,110.805225758117,28.5704826415723,0.272732870284947,28.1785376440321,0.915499863213169,3.82184013525215,2.58208648010769,36.2823087153369,0.874242336479083,4.14827786767218,6.57917208990667,40.795512607295,0.917559110043789,23.7976790312798,5.63099818620029
439,323.899826384435,84.5634309711249,27.200945917744,24.5710147909256,29.4255959915346,21.3844924013495,360.272831482413,1.75551315898319e-09,39.9796453530994,0.412539535131008,1.92210918855377e-09,76.2201076979909,0.441370867615838,2.55248143926237e-09,2026.42484875611,0.182330288463006,1.0305166073536e-09,2987.87766878703,0.31086891527768,2.16120615318607e-09,1357.2725260386,0.336977403337309,94.2384671003389,32.7101398955716,0.623108287285628,22.7978406628509,0.784149641272668,7.36290511927958,2.69977270779105,39.3648137272157,0.885558962380603,7.72675665516532,4.86864972655335,44.9105799654023,0.863123066827732,26.3283416757299,6.13721418705648
439,323.899826384435,84.5634309711249,27.200945917744,24.5710147909256,29.4255959915346,21.3844924013495,360.272831482413,1.75551315898319e-09,39.9796453530994,0.412539535131008,1.92210918855377e-09,76.2201076979909,0.441370867615838,2.55248143926237e-09,2026.42484875611,0.182330288463006,1.0305166073536e-09,2987.87766878703,0.31086891527768,2.16120615318607e-09,1357.2725260386,0.336977403337309,94.2384671003389,32.7101398955716,0.623108287285628,22.7978406628509,0.784149641272668,7.36290511927958,2.69977270779105,39.3648137272157,0.885558962380603,7.72675665516532,4.86864972655335,44.9105799654023,0.863123066827732,26.3283416757299,6.13721418705648
440,379.976620570967,117.035148823665,27.3970298222591,29.2617672245338,24.8357343546223,25.8667495038929,316.15487595742,1.61137262452237e-09,35.2360920157975,0.410484666495299,1.6258971632569e-09,74.5202612752398,0.375696847008128,2.19337259567793e-09,2201.77851357118,0.201812480176952,8.00782498370513e-10,2555.60039464901,0.353893127156477,2.09619136461997e-09,1247.5143955948,0.313044079070227,111.555423130129,30.6290301378005,0.187844506035962,21.6226980929038,0.843298648210646,6.48848021446133,3.40368911355419,33.0417221098816,0.943866172153225,4.86953079028458,4.41994394350855,39.6744315690809,0.816480157045306,23.45481911455,4.17207545219178
440,379.976620570967,117.035148823665,27.3970298222591,29.2617672245338,24.8357343546223,25.8667495038929,316.15487595742,1.61137262452237e-09,35.2360920157975,0.410484666495299,1.6258971632569e-09,74.5202612752398,0.375696847008128,2.19337259567793e-09,2201.77851357118,0.201812480176952,8.00782498370513e-10,2555.60039464901,0.353893127156477,2.09619136461997e-09,1247.5143955948,0.313044079070227,111.555423130129,30.6290301378005,0.187844506035962,21.6226980929038,0.843298648210646,6.48848021446133,3.40368911355419,33.0417221098816,0.943866172153225,4.86953079028458,4.41994394350855,39.6744315690809,0.816480157045306,23.45481911455,4.17207545219178
441,367.700167601892,81.1201453118592,23.0638815628123,28.2711595265159,29.7438481937416,22.068734350602,373.963687685981,1.46166774027003e-09,32.3388412997944,0.444166893106726,1.79512124000532e-09,76.0513861693355,0.38323633277495,2.42983356450485e-09,2464.61329952113,0.200011558661107,1.02938741512201e-09,3319.01467121909,0.339671504883007,2.20417797087991e-09,1393.51922544774,0.261152260544923,90.162858712827,32.3593012016361,0.844226832654609,21.5751371969681,0.810193581541485,4.08787703645247,3.01221442854855,37.8830402285017,0.906287443366161,5.02614660911081,3.96371347710172,38.0028933597579,0.863069889450278,20.7519081775886,7.67232540131048
441,367.700167601892,81.1201453118592,23.0638815628123,28.2711595265159,29.7438481937416,22.068734350602,373.963687685981,1.46166774027003e-09,32.3388412997944,0.444166893106726,1.79512124000532e-09,76.0513861693355,0.38323633277495,2.42983356450485e-09,2464.61329952113,0.200011558661107,1.02938741512201e-09,3319.01467121909,0.339671504883007,2.20417797087991e-09,1393.51922544774,0.261152260544923,90.162858712827,32.3593012016361,0.844226832654609,21.5751371969681,0.810193581541485,4.08787703645247,3.01221442854855,37.8830402285017,0.906287443366161,5.02614660911081,3.96371347710172,38.0028933597579,0.863069889450278,20.7519081775886,7.67232540131048
442,330.259285159841,81.3204356633165,22.4310271140724,27.3895833584574,23.3729644301667,27.2558050288017,365.74735219196,1.73305669336861e-09,34.1922166155907,0.466922551580572,1.7335944938549e-09,70.2912726858622,0.353460283623637,2.5662954908542e-09,2072.41045415218,0.214466032049415,1.19277981439526e-09,2523.42279638097,0.387379415948914,2.34901887133527e-09,1379.29623481204,0.321042273036948,106.838202364117,39.9306708153309,0.957158030990809,22.0217067820219,0.984604688594212,6.28874582607639,3.46498481388569,38.6882792617196,0.809468181286335,5.93877350965504,5.24910027783352,43.1264521682284,0.792598580726588,28.4704212978479,4.15602066036741
442,330.259285159841,81.3204356633165,22.4310271140724,27.3895833584574,23.3729644301667,27.2558050288017,365.74735219196,1.73305669336861e-09,34.1922166155907,0.466922551580572,1.7335944938549e-09,70.2912726858622,0.353460283623637,2.5662954908542e-09,2072.41045415218,0.214466032049415,1.19277981439526e-09,2523.42279638097,0.387379415948914,2.34901887133527e-09,1379.29623481204,0.321042273036948,106.838202364117,39.9306708153309,0.957158030990809,22.0217067820219,0.984604688594212,6.28874582607639,3.46498481388569,38.6882792617196,0.809468181286335,5.93877350965504,5.24910027783352,43.1264521682284,0.792598580726588,28.4704212978479,4.15602066036741
443,320.820903105005,107.721771999276,24.6091287572516,26.0014893663795,29.3685131134888,24.2617301624507,328.141538120158,1.40645624761657e-09,39.1039385399017,0.477883546642625,1.80128283328752e-09,66.6481073311951,0.402374366986239,2.51971355234502e-09,2052.36020036474,0.2137792100036,9.55699748590139e-10,3232.82632049849,0.302214708316641,2.2634780499705e-09,1297.56941328037,0.302062209112003,103.396442001183,21.7322928247794,0.484137130682312,22.346960549245,0.972889971357872,5.34531979258567,2.03096845249863,34.7333033139034,0.93358212226141,4.2866811290961,4.40079505226947,42.8560950834069,0.793450328314428,26.3905177684318,7.8806258744988
443,320.820903105005,107.721771999276,24.6091287572516,26.0014893663795,29.3685131134888,24.2617301624507,328.141538120158,1.40645624761657e-09,39.1039385399017,0.477883546642625,1.80128283328752e-09,66.6481073311951,0.402374366986239,2.51971355234502e-09,2052.36020036474,0.2137792100036,9.55699748590139e-10,3232.82632049849,0.302214708316641,2.2634780499705e-09,1297.56941328037,0.302062209112003,103.396442001183,21.7322928247794,0.484137130682312,22.346960549245,0.972889971357872,5.34531979258567,2.03096845249863,34.7333033139034,0.93358212226141,4.2866811290961,4.40079505226947,42.8560950834069,0.793450328314428,26.3905177684318,7.8806258744988
444,357.589132736525,91.7774709948147,20.1424871204806,20.9333164361989,20.1762400509819,21.0702390078477,318.234854502169,1.75438395844802e-09,35.3477227250043,0.450524347321535,1.7700062652054e-09,61.7173679080176,0.386966971076034,2.14886188319351e-09,2259.58354462332,0.200400654192334,1.03983260909399e-09,2664.28907581224,0.312899553206514,2.08232899677621e-09,1491.29179411316,0.268489938891514,105.766770202977,28.9765119487769,0.86745890611652,20.9531070045555,0.947788510597924,5.25687253596061,3.78819807956394,37.8943829971943,0.879402727350102,7.31843971836328,4.81628987120262,35.5965755770611,0.857969834418337,24.99545084607,4.65481282490001
444,357.589132736525,91.7774709948147,20.1424871204806,20.9333164361989,20.1762400509819,21.0702390078477,318.234854502169,1.75438395844802e-09,35.3477227250043,0.450524347321535,1.7700062652054e-09,61.7173679080176,0.386966971076034,2.14886188319351e-09,2259.58354462332,0.200400654192334,1.03983260909399e-09,2664.28907581224,0.312899553206514,2.08232899677621e-09,1491.29179411316,0.268489938891514,105.766770202977,28.9765119487769,0.86745890611652,20.9531070045555,0.947788510597924,5.25687253596061,3.78819807956394,37.8943829971943,0.879402727350102,7.31843971836328,4.81628987120262,35.5965755770611,0.857969834418337,24.99545084607,4.65481282490001
445,346.855668979095,109.353979395201,23.1570133920052,26.7083773530543,25.4119846898391,23.669878288527,356.101494148681,1.52122181755929e-09,32.2137604441223,0.455483821373901,1.72674353878684e-09,67.5503936270498,0.405405151574555,2.19938346522716e-09,2427.70149682416,0.193296988866197,9.43657249461238e-10,2825.75698109918,0.398906210269318,2.17379015421409e-09,1224.40231094772,0.294287324826265,109.409249939143,34.8366247349257,0.448031314522993,27.6194018670906,0.9777321295925,5.3981541616976,2.59425430713301,30.6421516409826,0.867178906313607,3.4541936576508,4.34591721170376,36.2563213636299,0.920507055176714,20.6075741401191,6.64149925715575
445,346.855668979095,109.353979395201,23.1570133920052,26.7083773530543,25.4119846898391,23.669878288527,356.101494148681,1.52122181755929e-09,32.2137604441223,0.455483821373901,1.72674353878684e-09,67.5503936270498,0.405405151574555,2.19938346522716e-09,2427.70149682416,0.193296988866197,9.43657249461238e-10,2825.75698109918,0.398906210269318,2.17379015421409e-09,1224.40231094772,0.294287324826265,109.409249939143,34.8366247349257,0.448031314522993,27.6194018670906,0.9777321295925,5.3981541616976,2.59425430713301,30.6421516409826,0.867178906313607,3.4541936576508,4.34591721170376,36.2563213636299,0.920507055176714,20.6075741401191,6.64149925715575
446,321.36531223566,92.0762718245831,29.6304586661187,28.4264287289039,23.1336029623595,27.098414891331,398.280363079994,1.59912118708278e-09,35.3102170547097,0.434345227265449,1.80182579532117e-09,76.2312957789208,0.380076719878853,2.25786067230521e-09,2047.37392617871,0.200046351518714,8.27179776069786e-10,3350.869466842,0.320911245130232,2.24678703586164e-09,1320.16168932721,0.267395595609023,119.348221579837,36.046950065629,0.890233527532007,20.9840254890919,0.958355965062103,7.45260173380914,2.05497200716449,33.3930425593971,0.916495078818351,3.45854288377234,3.31026822177422,44.6835588562808,0.922832842443659,24.6961815878874,4.82763785247394
446,321.36531223566,92.0762718245831,29.6304586661187,28.4264287289039,23.1336029623595,27.098414891331,398.280363079994,1.59912118708278e-09,35.3102170547097,0.434345227265449,1.80182579532117e-09,76.2312957789208,0.380076719878853,2.25786067230521e-09,2047.37392617871,0.200046351518714,8.27179776069786e-10,3350.869466842,0.320911245130232,2.24678703586164e-09,1320.16168932721,0.267395595609023,119.348221579837,36.046950065629,0.890233527532007,20.9840254890919,0.958355965062103,7.45260173380914,2.05497200716449,33.3930425593971,0.916495078818351,3.45854288377234,3.31026822177422,44.6835588562808,0.922832842443659,24.6961815878874,4.82763785247394
447,313.09171602496,116.144440611284,26.2896796373164,24.1383945155393,27.0703761690365,29.9287435533789,349.536138989212,1.53322011985836e-09,35.9740331569768,0.44109422634329,1.84034056682825e-09,71.2821119812644,0.354194699038755,2.3469014702727e-09,2528.30827589008,0.181041968247315,8.06606167680929e-10,2617.02208542006,0.343199330226539,2.10253791967023e-09,1290.70574198247,0.339762072302887,107.259384502161,39.5280388887441,0.0824325795386014,23.2023648221326,0.802024496481981,7.83935804395247,4.36539919859169,34.2258685668918,0.873116152337415,7.17332705350692,5.85758394290033,36.9778162658889,0.80957361376381,22.3071684589417,7.49378629966083
447,313.09171602496,116.144440611284,26.2896796373164,24.1383945155393,27.0703761690365,29.9287435533789,349.536138989212,1.53322011985836e-09,35.9740331569768,0.44109422634329,1.84034056682825e-09,71.2821119812644,0.354194699038755,2.3469014702727e-09,2528.30827589008,0.181041968247315,8.06606167680929e-10,2617.02208542006,0.343199330226539,2.10253791967023e-09,1290.70574198247,0.339762072302887,107.259384502161,39.5280388887441,0.0824325795386014,23.2023648221326,0.802024496481981,7.83935804395247,4.36539919859169,34.2258685668918,0.873116152337415,7.17332705350692,5.85758394290033,36.9778162658889,0.80957361376381,22.3071684589417,7.49378629966083
448,391.321451111284,84.4883047424224,26.306720470111,24.0524219688037,28.4062332406895,28.0050177279915,375.326016772255,1.57473936706084e-09,39.6107954676019,0.407298516333956,1.98419374074325e-09,75.3131052759453,0.356523175911299,2.34935417263728e-09,2060.36188352712,0.197681193340736,1.13489762593328e-09,2538.63281478812,0.361133192696211,2.01811065818027e-09,1201.97457025435,0.295075675839397,115.1106291404,23.4518661441618,0.745936031295957,23.7585162052513,0.861927543489072,5.71758548954306,4.708351107957,32.1271196810743,0.816246119684718,4.78681138210796,4.31780157277117,37.5222420997947,0.861284083505182,29.0770339327305,6.79088316754501
448,391.321451111284,84.4883047424224,26.306720470111,24.0524219688037,28.4062332406895,28.0050177279915,375.326016772255,1.57473936706084e-09,39.6107954676019,0.407298516333956,1.98419374074325e-09,75.3131052759453,0.356523175911299,2.34935417263728e-09,2060.36188352712,0.197681193340736,1.13489762593328e-09,2538.63281478812,0.361133192696211,2.01811065818027e-09,1201.97457025435,0.295075675839397,115.1106291404,23.4518661441618,0.745936031295957,23.7585162052513,0.861927543489072,5.71758548954306,4.708351107957,32.1271196810743,0.816246119684718,4.78681138210796,4.31780157277117,37.5222420997947,0.861284083505182,29.0770339327305,6.79088316754501
449,324.882603314787,102.825047606508,29.0027858736379,20.1524764783503,21.1439198751661,27.1640968140274,332.928234115829,1.74177400321307e-09,31.565959850381,0.419465436667921,1.86484791016693e-09,69.8676365828939,0.433620509487478,2.13565374956947e-09,2265.00152722505,0.204625776252958,9.44252701405366e-10,3249.72239379986,0.37531860611509,2.26214122383731e-09,1421.41949872336,0.31784139559695,86.37874134975,23.9979392264573,0.03734109973988,22.9821941964608,0.974845517904112,5.98113983685143,3.84142914044508,32.6132687471507,0.92407899744018,7.6512055233441,3.90247664390925,35.2879059914822,0.8546185384149,23.5945067464568,4.67965446830672
449,324.882603314787,102.825047606508,29.0027858736379,20.1524764783503,21.1439198751661,27.1640968140274,332.928234115829,1.74177400321307e-09,31.565959850381,0.419465436667921,1.86484791016693e-09,69.8676365828939,0.433620509487478,2.13565374956947e-09,2265.00152722505,0.204625776252958,9.44252701405366e-10,3249.72239379986,0.37531860611509,2.26214122383731e-09,1421.41949872336,0.31784139559695,86.37874134975,23.9979392264573,0.03734109973988,22.9821941964608,0.974845517904112,5.98113983685143,3.84142914044508,32.6132687471507,0.92407899744018,7.6512055233441,3.90247664390925,35.2879059914822,0.8546185384149,23.5945067464568,4.67965446830672
450,305.942282246961,117.36443610396,25.3296625766134,22.455461471154,24.0147591853997,24.1855389245698,351.716000298921,1.59564299729804e-09,30.8188992490696,0.404602839279909,1.61110373998136e-09,76.1336225427055,0.38463062791276,2.23748448314911e-09,2142.73000100129,0.195843107612102,1.0764959186589e-09,2923.99522587387,0.37268204661777,2.21378287826908e-09,1284.34236390603,0.336410054986907,82.6755649486608,35.9249991678268,0.544820416251669,20.8640420547096,0.828988127014444,6.22466282635916,4.11835962539425,33.1551322526736,0.919358420946287,7.23895087172056,6.06140833329837,40.1372852154587,0.857462994662585,27.0614742771254,7.68598545810734
450,305.942282246961,117.36443610396,25.3296625766134,22.455461471154,24.0147591853997,24.1855389245698,351.716000298921,1.59564299729804e-09,30.8188992490696,0.404602839279909,1.61110373998136e-09,76.1336225427055,0.38463062791276,2.23748448314911e-09,2142.73000100129,0.195843107612102,1.0764959186589e-09,2923.99522587387,0.37268204661777,2.21378287826908e-09,1284.34236390603,0.336410054986907,82.6755649486608,35.9249991678268,0.544820416251669,20.8640420547096,0.828988127014444,6.22466282635916,4.11835962539425,33.1551322526736,0.919358420946287,7.23895087172056,6.06140833329837,40.1372852154587,0.857462994662585,27.0614742771254,7.68598545810734
451,390.991801129988,103.034509362597,25.0269752378021,28.269679754705,28.7971545739063,25.2731135940049,398.199626708106,1.42493736283415e-09,37.4745136728577,0.465856845383388,1.67673942682525e-09,76.919773889936,0.421294653855097,2.10361237643633e-09,2515.19062666966,0.200134176988582,1.15039128079989e-09,2528.51641022908,0.369073428392596,2.23630607323206e-09,1372.21597550153,0.322548892397172,117.400431666301,35.0017927124918,0.161624866344701,28.0009217757929,0.908338731791361,6.82840367775734,2.67807135341435,39.4574125388287,0.975845743483235,4.77628381779667,4.62071397771823,39.6592132849444,0.955326792433554,21.1977913178474,4.13379057885492
451,390.991801129988,103.034509362597,25.0269752378021,28.269679754705,28.7971545739063,25.2731135940049,398.199626708106,1.42493736283415e-09,37.4745136728577,0.465856845383388,1.67673942682525e-09,76.919773889936,0.421294653855097,2.10361237643633e-09,2515.19062666966,0.200134176988582,1.15039128079989e-09,2528.51641022908,0.369073428392596,2.23630607323206e-09,1372.21597550153,0.322548892397172,117.400431666301,35.0017927124918,0.161624866344701,28.0009217757929,0.908338731791361,6.82840367775734,2.67807135341435,39.4574125388287,0.975845743483235,4.77628381779667,4.62071397771823,39.6592132849444,0.955326792433554,21.1977913178474,4.13379057885492
452,357.15457821927,94.0876255095484,26.2509119103689,28.5363287922719,22.662350228002,21.128260721619,364.945084563411,1.69924621332839e-09,30.1902315470001,0.413526741785921,1.84185479072812e-09,67.2371788136045,0.436006533745367,2.54301719779911e-09,2605.21839306534,0.202909730397317,9.44967025102857e-10,3296.70927599163,0.385846713855415,2.16419177780956e-09,1304.03443948288,0.274900900184215,101.542720880273,21.0699350183739,0.271540573107514,26.302503222924,0.927391936384529,7.19967734971,2.02558402787532,33.2174918799152,0.914814944389067,4.02557275458727,6.4752240811348,42.4563654960218,0.834416486350093,23.018184698544,4.00765593176295
452,357.15457821927,94.0876255095484,26.2509119103689,28.5363287922719,22.662350228002,21.128260721619,364.945084563411,1.69924621332839e-09,30.1902315470001,0.413526741785921,1.84185479072812e-09,67.2371788136045,0.436006533745367,2.54301719779911e-09,2605.21839306534,0.202909730397317,9.44967025102857e-10,3296.70927599163,0.385846713855415,2.16419177780956e-09,1304.03443948288,0.274900900184215,101.542720880273,21.0699350183739,0.271540573107514,26.302503222924,0.927391936384529,7.19967734971,2.02558402787532,33.2174918799152,0.914814944389067,4.02557275458727,6.4752240811348,42.4563654960218,0.834416486350093,23.018184698544,4.00765593176295
453,357.50814989528,114.051713600469,20.9103144994794,27.6785069593532,26.4135904381647,24.8270744285709,327.44674665702,1.45400049096275e-09,32.5735819366872,0.415498557312808,1.62552576871074e-09,61.6846902887727,0.372594360355399,2.46733369676151e-09,2273.44951161161,0.183327620626308,1.11436280340821e-09,2715.29748465672,0.355177384050179,2.26328016999652e-09,1569.93403004986,0.327036880636776,107.107270559924,20.1492649391031,0.875513558869367,26.134452574161,0.801933704701956,6.06297938177257,2.03915034728836,34.8995979057963,0.823998221694175,3.4976788396775,5.29901758747446,40.2788334260491,0.918488541890686,26.5515776457077,7.6720732511738
453,357.50814989528,114.051713600469,20.9103144994794,27.6785069593532,26.4135904381647,24.8270744285709,327.44674665702,1.45400049096275e-09,32.5735819366872,0.415498557312808,1.62552576871074e-09,61.6846902887727,0.372594360355399,2.46733369676151e-09,2273.44951161161,0.183327620626308,1.11436280340821e-09,2715.29748465672,0.355177384050179,2.26328016999652e-09,1569.93403004986,0.327036880636776,107.107270559924,20.1492649391031,0.875513558869367,26.134452574161,0.801933704701956,6.06297938177257,2.03915034728836,34.8995979057963,0.823998221694175,3.4976788396775,5.29901758747446,40.2788334260491,0.918488541890686,26.5515776457077,7.6720732511738
454,365.099519174202,87.4322544592532,27.2080924876532,26.1129561793977,22.9412256816656,22.1311490732384,333.693973888921,1.49890629215094e-09,31.3113298330028,0.449782723205682,1.88656662738527e-09,72.1159915917024,0.386209448467559,2.31005731600768e-09,2064.30349403821,0.202500553717356,1.12158268362956e-09,2613.05985145297,0.381878733610669,2.14577107469992e-09,1453.25133583889,0.285286356993855,102.479518061508,31.4610219560633,0.680058677778502,26.0780071013326,0.913056220027368,3.17822449345662,4.77301519219662,32.5972572869412,0.935657449151901,4.6153393835262,5.40267414618119,44.5902490566657,0.96690590856855,22.4658948484313,5.39226063947813
454,365.099519174202,87.4322544592532,27.2080924876532,26.1129561793977,22.9412256816656,22.1311490732384,333.693973888921,1.49890629215094e-09,31.3113298330028,0.449782723205682,1.88656662738527e-09,72.1159915917024,0.386209448467559,2.31005731600768e-09,2064.30349403821,0.202500553717356,1.12158268362956e-09,2613.05985145297,0.381878733610669,2.14577107469992e-09,1453.25133583889,0.285286356993855,102.479518061508,31.4610219560633,0.680058677778502,26.0780071013326,0.913056220027368,3.17822449345662,4.77301519219662,32.5972572869412,0.935657449151901,4.6153393835262,5.40267414618119,44.5902490566657,0.96690590856855,22.4658948484313,5.39226063947813
455,347.688257210839,81.6644962880704,27.710253293935,28.2742354185003,22.353319166708,26.1870014931115,363.508913891241,1.69426037660445e-09,35.8039503267579,0.427236592306606,1.90549068297902e-09,75.8965700498857,0.423921086686388,2.50248722133322e-09,2772.52285822119,0.20848141603619,8.97119525182466e-10,3110.20867838217,0.378235006382028,2.08245093837065e-09,1318.2764539617,0.287077020241416,98.379529296231,35.6916520333373,0.490831823961777,20.5297640923771,0.862849766175043,4.32886562545357,4.00158135780374,35.5268252234826,0.866366493923579,6.24707699938497,5.47913290615318,41.6920364338323,0.81123372745236,27.7192196564075,7.6559004635336
455,347.688257210839,81.6644962880704,27.710253293935,28.2742354185003,22.353319166708,26.1870014931115,363.508913891241,1.69426037660445e-09,35.8039503267579,0.427236592306606,1.90549068297902e-09,75.8965700498857,0.423921086686388,2.50248722133322e-09,2772.52285822119,0.20848141603619,8.97119525182466e-10,3110.20867838217,0.378235006382028,2.08245093837065e-09,1318.2764539617,0.287077020241416,98.379529296231,35.6916520333373,0.490831823961777,20.5297640923771,0.862849766175043,4.32886562545357,4.00158135780374,35.5268252234826,0.866366493923579,6.24707699938497,5.47913290615318,41.6920364338323,0.81123372745236,27.7192196564075,7.6559004635336
456,345.984240217686,82.4733342146055,27.6077232323501,29.7152826931948,28.2184772363757,22.705959313704,310.629178630654,1.66739822021167e-09,32.8609423746334,0.426059095653763,1.728835708563e-09,76.831561893077,0.421949477725892,2.34933418984823e-09,2195.36844240159,0.194988598188812,1.12862233563154e-09,2641.61514870791,0.355768309637072,2.29187744243172e-09,1536.98516194559,0.346871688562815,90.0615189018302,23.7842792221803,0.245278551635779,23.9468949243203,0.907270864761465,7.30085399218662,3.82396668654548,35.7420811048128,0.852135877073383,5.75924522025295,4.06263513533207,42.8423454576146,0.88616579564657,29.4233793052219,6.3894573617829
456,345.984240217686,82.4733342146055,27.6077232323501,29.7152826931948,28.2184772363757,22.705959313704,310.629178630654,1.66739822021167e-09,32.8609423746334,0.426059095653763,1.728835708563e-09,76.831561893077,0.421949477725892,2.34933418984823e-09,2195.36844240159,0.194988598188812,1.12862233563154e-09,2641.61514870791,0.355768309637072,2.29187744243172e-09,1536.98516194559,0.346871688562815,90.0615189018302,23.7842792221803,0.245278551635779,23.9468949243203,0.907270864761465,7.30085399218662,3.82396668654548,35.7420811048128,0.852135877073383,5.75924522025295,4.06263513533207,42.8423454576146,0.88616579564657,29.4233793052219,6.3894573617829
457,322.363500551449,82.1076982529548,29.5992102586391,28.0833968362566,24.1576616600232,25.4160326023027,367.457640728514,1.62230544924649e-09,32.703419011627,0.441041150753343,1.98565639368932e-09,68.6439750602492,0.420030367397343,2.36546804278264e-09,2533.25559808207,0.21820402439733,1.16540327554867e-09,3097.11062015796,0.342991706320071,2.26306225249636e-09,1256.76824652008,0.276462833815328,94.7081459102509,39.6197919686393,0.0438970975514628,29.2231573890841,0.854121291562112,3.46134587774638,3.45624739629965,35.9362374863452,0.875038012100356,3.56092801847752,6.23001999520887,37.3285172224629,0.968018461864979,23.9789598352917,5.6896299121787
457,322.363500551449,82.1076982529548,29.5992102586391,28.0833968362566,24.1576616600232,25.4160326023027,367.457640728514,1.62230544924649e-09,32.703419011627,0.441041150753343,1.98565639368932e-09,68.6439750602492,0.420030367397343,2.36546804278264e-09,2533.25559808207,0.21820402439733,1.16540327554867e-09,3097.11062015796,0.342991706320071,2.26306225249636e-09,1256.76824652008,0.276462833815328,94.7081459102509,39.6197919686393,0.0438970975514628,29.2231573890841,0.854121291562112,3.46134587774638,3.45624739629965,35.9362374863452,0.875038012100356,3.56092801847752,6.23001999520887,37.3285172224629,0.968018461864979,23.9789598352917,5.6896299121787
458,337.101693553054,106.051055132048,26.7520423821818,20.223829285586,26.7351278812204,20.5388873343664,315.074298053693,1.6571424991788e-09,39.5847697530943,0.432800979968229,1.89968837110704e-09,70.7197631796635,0.374012433480795,2.07958281374288e-09,2264.16628994532,0.20928029945574,1.05056017458713e-09,2892.04011258437,0.355937075923039,2.28551543123597e-09,1206.73159712026,0.277839097055758,95.1402736650108,23.0754628479669,0.407689212696662,24.0768483714901,0.865997490651973,7.06563834272655,4.85609955422717,30.8852130527058,0.810129772962962,5.8969788402234,5.84401521140243,44.1945089965601,0.958697343336381,25.6635561112505,6.27881879138527
458,337.101693553054,106.051055132048,26.7520423821818,20.223829285586,26.7351278812204,20.5388873343664,315.074298053693,1.6571424991788e-09,39.5847697530943,0.432800979968229,1.89968837110704e-09,70.7197631796635,0.374012433480795,2.07958281374288e-09,2264.16628994532,0.20928029945574,1.05056017458713e-09,2892.04011258437,0.355937075923039,2.28551543123597e-09,1206.73159712026,0.277839097055758,95.1402736650108,23.0754628479669,0.407689212696662,24.0768483714901,0.865997490651973,7.06563834272655,4.85609955422717,30.8852130527058,0.810129772962962,5.8969788402234,5.84401521140243,44.1945089965601,0.958697343336381,25.6635561112505,6.27881879138527
459,316.783850535885,90.8346154614878,25.1311889593049,24.2148339971955,23.7062769140988,28.4573888772975,362.167553544558,1.41844900526175e-09,36.5230018255993,0.433923909038277,1.76777620000862e-09,70.6055745867601,0.435927177334214,2.22621047666664e-09,2140.49403647352,0.191791327290576,9.90335583412927e-10,3342.6308084223,0.389353635479318,2.29267443019606e-09,1250.89728288089,0.317405277177814,92.2437777896778,27.3160590694677,0.97529676088303,28.8502742063132,0.807598241606504,6.91258062017122,3.84653497489062,39.4347447173614,0.85867243622475,4.45956568633557,3.01499722637664,40.9855855172121,0.981768083448719,23.8724068867081,7.13283836383422
459,316.783850535885,90.8346154614878,25.1311889593049,24.2148339971955,23.7062769140988,28.4573888772975,362.167553544558,1.41844900526175e-09,36.5230018255993,0.433923909038277,1.76777620000862e-09,70.6055745867601,0.435927177334214,2.22621047666664e-09,2140.49403647352,0.191791327290576,9.90335583412927e-10,3342.6308084223,0.389353635479318,2.29267443019606e-09,1250.89728288089,0.317405277177814,92.2437777896778,27.3160590694677,0.97529676088303,28.8502742063132,0.807598241606504,6.91258062017122,3.84653497489062,39.4347447173614,0.85867243622475,4.45956568633557,3.01499722637664,40.9855855172121,0.981768083448719,23.8724068867081,7.13283836383422
460,361.074755502684,96.6510332063195,25.4359073257835,22.2258760828106,27.9798454084789,23.4408986688546,339.847676733993,1.46188924907502e-09,33.4152871547094,0.473684520005634,1.76629362560544e-09,74.7585893125847,0.448001701262318,2.53597761629687e-09,2264.86264165171,0.21525428706782,1.01057286584418e-09,3321.98024395209,0.311140425093653,2.03497127276962e-09,1479.05875981341,0.318829180737883,86.8341822649009,32.6310151117057,0.652059666346428,24.3459641927566,0.898159433818973,6.53763913200138,3.09765992190717,31.6670301826266,0.911430142257387,5.58394261446717,3.77528897029511,38.6442839448618,0.997149630738347,20.370195740215,4.16453226709539
460,361.074755502684,96.6510332063195,25.4359073257835,22.2258760828106,27.9798454084789,23.4408986688546,339.847676733993,1.46188924907502e-09,33.4152871547094,0.473684520005634,1.76629362560544e-09,74.7585893125847,0.448001701262318,2.53597761629687e-09,2264.86264165171,0.21525428706782,1.01057286584418e-09,3321.98024395209,0.311140425093653,2.03497127276962e-09,1479.05875981341,0.318829180737883,86.8341822649009,32.6310151117057,0.652059666346428,24.3459641927566,0.898159433818973,6.53763913200138,3.09765992190717,31.6670301826266,0.911430142257387,5.58394261446717,3.77528897029511,38.6442839448618,0.997149630738347,20.370195740215,4.16453226709539
461,342.262284868315,97.3056429501438,24.3343360368959,20.6086116540796,28.8518629499381,25.9613447072459,308.928651427219,1.6751118573999e-09,31.5420863077291,0.47551922419135,1.9089775353827e-09,77.4773591075734,0.361335376937733,2.27581406657344e-09,2160.47547225208,0.210956688574656,9.54292723447179e-10,3422.94949304124,0.389175256972051,2.34415016178419e-09,1459.40107857322,0.276047517226112,115.548877869161,31.5284683853578,0.267522033602009,25.6796168920486,0.984303473091353,5.90800949089621,4.19684530897424,31.2861540425509,0.996200467582855,4.64060303171801,6.05840562249344,40.5041942171621,0.834807616809978,29.6818325302603,7.32618596654574
461,342.262284868315,97.3056429501438,24.3343360368959,20.6086116540796,28.8518629499381,25.9613447072459,308.928651427219,1.6751118573999e-09,31.5420863077291,0.47551922419135,1.9089775353827e-09,77.4773591075734,0.361335376937733,2.27581406657344e-09,2160.47547225208,0.210956688574656,9.54292723447179e-10,3422.94949304124,0.389175256972051,2.34415016178419e-09,1459.40107857322,0.276047517226112,115.548877869161,31.5284683853578,0.267522033602009,25.6796168920486,0.984303473091353,5.90800949089621,4.19684530897424,31.2861540425509,0.996200467582855,4.64060303171801,6.05840562249344,40.5041942171621,0.834807616809978,29.6818325302603,7.32618596654574
462,331.640399721768,97.0865875200494,21.3623255193745,24.3687579543653,22.7258754391695,24.252425074918,325.503623540169,1.41535741389073e-09,36.4405248214016,0.46342363012482,1.7807018404122e-09,64.1705340640798,0.358116731475247,2.27791820503437e-09,2437.33470595187,0.206195223800003,1.09271023669899e-09,2741.21481021934,0.307361110080045,2.33912238098541e-09,1200.07740524362,0.311558390486784,96.7595569246444,29.5130719474274,0.934364688536698,25.471787837554,0.823905365451132,4.39558917047571,2.23619130248733,38.7722477737119,0.969631082223339,7.04946510547366,6.99932940866106,37.6379403731104,0.942428775947312,29.558134303956,4.50806354429261
462,331.640399721768,97.0865875200494,21.3623255193745,24.3687579543653,22.7258754391695,24.252425074918,325.503623540169,1.41535741389073e-09,36.4405248214016,0.46342363012482,1.7807018404122e-09,64.1705340640798,0.358116731475247,2.27791820503437e-09,2437.33470595187,0.206195223800003,1.09271023669899e-09,2741.21481021934,0.307361110080045,2.33912238098541e-09,1200.07740524362,0.311558390486784,96.7595569246444,29.5130719474274,0.934364688536698,25.471787837554,0.823905365451132,4.39558917047571,2.23619130248733,38.7722477737119,0.969631082223339,7.04946510547366,6.99932940866106,37.6379403731104,0.942428775947312,29.558134303956,4.50806354429261
463,305.088670400152,111.175102658713,24.9335172376564,25.3552858229932,26.7542000217153,26.3310977779243,392.123315977239,1.64764363630539e-09,38.1782439127691,0.438046993124098,1.8402426192594e-09,61.9237705675888,0.433121668235701,2.3994626855522e-09,2767.02732596323,0.216853314611149,9.56100793053873e-10,3401.05666670943,0.3298334160982,2.03026283730052e-09,1521.20993746862,0.251543101190313,96.3970553891403,25.4093803296,0.191967065490064,20.198269453921,0.890104155851113,6.14514062435519,4.00069463046208,32.8686457265954,0.942980712227958,5.15119878732864,4.30515320391986,35.0539590062233,0.958396487010782,22.5526637204077,6.40448401407126
463,305.088670400152,111.175102658713,24.9335172376564,25.3552858229932,26.7542000217153,26.3310977779243,392.123315977239,1.64764363630539e-09,38.1782439127691,0.438046993124098,1.8402426192594e-09,61.9237705675888,0.433121668235701,2.3994626855522e-09,2767.02732596323,0.216853314611149,9.56100793053873e-10,3401.05666670943,0.3298334160982,2.03026283730052e-09,1521.20993746862,0.251543101190313,96.3970553891403,25.4093803296,0.191967065490064,20.198269453921,0.890104155851113,6.14514062435519,4.00069463046208,32.8686457265954,0.942980712227958,5.15119878732864,4.30515320391986,35.0539590062233,0.958396487010782,22.5526637204077,6.40448401407126
464,323.506649980839,116.789807800378,22.2761931997576,20.0028666113259,21.8703382730895,26.5551504947446,373.460176379366,1.52832927533934e-09,38.2484614759739,0.424499132318013,1.8374058866771e-09,68.0555973967575,0.43606871429958,2.38134231971422e-09,2475.17039426105,0.196081578131982,1.18084847329497e-09,2759.75903133189,0.347272266906269,2.11540731217365e-09,1202.69472030949,0.328351701525497,117.059296330848,39.8057899898394,0.394746977588435,25.9601970057146,0.996605742121874,4.44643622367412,3.5455336438981,32.9948533412921,0.938018138540476,6.92728509779423,3.26177250557993,38.0495023234388,0.824256797068343,23.994250251924,4.24892398027296
464,323.506649980839,116.789807800378,22.2761931997576,20.0028666113259,21.8703382730895,26.5551504947446,373.460176379366,1.52832927533934e-09,38.2484614759739,0.424499132318013,1.8374058866771e-09,68.0555973967575,0.43606871429958,2.38134231971422e-09,2475.17039426105,0.196081578131982,1.18084847329497e-09,2759.75903133189,0.347272266906269,2.11540731217365e-09,1202.69472030949,0.328351701525497,117.059296330848,39.8057899898394,0.394746977588435,25.9601970057146,0.996605742121874,4.44643622367412,3.5455336438981,32.9948533412921,0.938018138540476,6.92728509779423,3.26177250557993,38.0495023234388,0.824256797068343,23.994250251924,4.24892398027296
465,337.299035278469,96.9281081573281,28.7918574135601,21.8823511698826,22.0482817457653,27.3912316787039,322.470834131472,1.56860352404549e-09,31.3699332799888,0.443233264216984,1.64577082829842e-09,62.6341661471738,0.406480541315776,2.3704052839828e-09,2605.35465170196,0.213699609905412,8.43784966929738e-10,3443.18261502435,0.337634020518649,2.04811033950948e-09,1217.91462549183,0.32343149082626,82.754780458583,26.7417755449428,0.355272935018664,21.8459445215164,0.991471799005209,6.70328857283752,2.57951535159995,32.9569946472093,0.995375893589368,4.22053765859226,5.98984108095466,44.9180645942264,0.790069773699229,27.6754006858824,5.56370385513607
465,337.299035278469,96.9281081573281,28.7918574135601,21.8823511698826,22.0482817457653,27.3912316787039,322.470834131472,1.56860352404549e-09,31.3699332799888,0.443233264216984,1.64577082829842e-09,62.6341661471738,0.406480541315776,2.3704052839828e-09,2605.35465170196,0.213699609905412,8.43784966929738e-10,3443.18261502435,0.337634020518649,2.04811033950948e-09,1217.91462549183,0.32343149082626,82.754780458583,26.7417755449428,0.355272935018664,21.8459445215164,0.991471799005209,6.70328857283752,2.57951535159995,32.9569946472093,0.995375893589368,4.22053765859226,5.98984108095466,44.9180645942264,0.790069773699229,27.6754006858824,5.56370385513607
466,393.619788853821,115.37792169594,22.541344491199,27.433210541099,22.2310254225287,20.7904873529116,300.305002266775,1.5078320355011e-09,35.3002200630617,0.456164567610663,1.98824307545059e-09,66.6399814146315,0.432350131261975,2.38019414452091e-09,2193.07244835598,0.209093244496405,1.09541798287871e-09,2995.93893696631,0.320814348600927,2.19171624728382e-09,1594.19985225999,0.264507870559556,108.322726569388,23.4804157325809,0.206932583581223,25.8606320212902,0.823743534405912,3.80766009336629,4.28272298764901,33.0123493055076,0.924666379652955,3.79269266723688,4.46298616322563,39.3942840398793,0.848202095765452,23.57413000516,6.43840668794334
466,393.619788853821,115.37792169594,22.541344491199,27.433210541099,22.2310254225287,20.7904873529116,300.305002266775,1.5078320355011e-09,35.3002200630617,0.456164567610663,1.98824307545059e-09,66.6399814146315,0.432350131261975,2.38019414452091e-09,2193.07244835598,0.209093244496405,1.09541798287871e-09,2995.93893696631,0.320814348600927,2.19171624728382e-09,1594.19985225999,0.264507870559556,108.322726569388,23.4804157325809,0.206932583581223,25.8606320212902,0.823743534405912,3.80766009336629,4.28272298764901,33.0123493055076,0.924666379652955,3.79269266723688,4.46298616322563,39.3942840398793,0.848202095765452,23.57413000516,6.43840668794334
467,329.837012799752,98.3828226308931,23.1574895758786,28.9316691539392,26.1091251746552,29.9498133185722,378.240618721092,1.6196217829993e-09,30.4005883083444,0.413613527082844,1.79851782748403e-09,69.3697512903555,0.399205879166913,2.45810519844032e-09,2561.53530723688,0.192055951047643,8.88046361551945e-10,2641.03859183333,0.39242688465598,2.3094998248883e-09,1530.12539384053,0.306130208313709,107.546534138768,26.2372139653808,0.721151703711624,22.165347366865,0.851376234968875,4.5976584980735,3.51123934048863,32.8029685216879,0.950236768340345,5.01374941375281,4.72059865330786,36.9388301639838,0.87248991342414,22.4809407831739,7.79475287635509
467,329.837012799752,98.3828226308931,23.1574895758786,28.9316691539392,26.1091251746552,29.9498133185722,378.240618721092,1.6196217829993e-09,30.4005883083444,0.413613527082844,1.79851782748403e-09,69.3697512903555,0.399205879166913,2.45810519844032e-09,2561.53530723688,0.192055951047643,8.88046361551945e-10,2641.03859183333,0.39242688465598,2.3094998248883e-09,1530.12539384053,0.306130208313709,107.546534138768,26.2372139653808,0.721151703711624,22.165347366865,0.851376234968875,4.5976584980735,3.51123934048863,32.8029685216879,0.950236768340345,5.01374941375281,4.72059865330786,36.9388301639838,0.87248991342414,22.4809407831739,7.79475287635509
468,305.466513710337,112.345359095406,21.1705800213169,28.3289178130505,26.4966603659483,21.6906988873033,347.630005277439,1.6091158744683e-09,32.4868946590676,0.434294963945967,1.75735005257275e-09,79.8408663200184,0.368315196916415,2.1226041901573e-09,2076.622823855,0.200873647258177,9.30250314130868e-10,2571.97328124034,0.372931280446474,2.33537907965523e-09,1395.1010484253,0.339610298910535,115.665193246538,29.1605831721882,0.407560207400844,23.1860326124778,0.795229386302959,4.84997266718927,2.83007368122709,35.5754304762592,0.786153642078634,3.95826384433039,6.89867512696807,43.1345988377389,0.847591037616055,23.2662515010685,4.16203736406839
468,305.466513710337,112.345359095406,21.1705800213169,28.3289178130505,26.4966603659483,21.6906988873033,347.630005277439,1.6091158744683e-09,32.4868946590676,0.434294963945967,1.75735005257275e-09,79.8408663200184,0.368315196916415,2.1226041901573e-09,2076.622823855,0.200873647258177,9.30250314130868e-10,2571.97328124034,0.372931280446474,2.33537907965523e-09,1395.1010484253,0.339610298910535,115.665193246538,29.1605831721882,0.407560207400844,23.1860326124778,0.795229386302959,4.84997266718927,2.83007368122709,35.5754304762592,0.786153642078634,3.95826384433039,6.89867512696807,43.1345988377389,0.847591037616055,23.2662515010685,4.16203736406839
469,378.323472894882,104.401784849853,24.8199185326009,20.6597282508836,26.3981152357486,24.49127220694,390.202853033368,1.68349001561779e-09,35.6134612856907,0.428105444776727,1.65835433141087e-09,79.2795446984784,0.43520397573862,2.5015917948871e-09,2084.41793782033,0.205042017008371,1.02679504305434e-09,3211.05138540001,0.37600334035272,2.11653297663463e-09,1373.12109686281,0.261598307218542,89.1903317847018,33.0219542756507,0.676825970471077,29.4332688236012,0.811103880186509,4.51700135456669,3.71572634445831,33.0169552278618,0.891351366487771,4.51890050671025,4.36564672362234,40.5656293658913,0.884574528530035,21.9748392484272,6.32308620945496
469,378.323472894882,104.401784849853,24.8199185326009,20.6597282508836,26.3981152357486,24.49127220694,390.202853033368,1.68349001561779e-09,35.6134612856907,0.428105444776727,1.65835433141087e-09,79.2795446984784,0.43520397573862,2.5015917948871e-09,2084.41793782033,0.205042017008371,1.02679504305434e-09,3211.05138540001,0.37600334035272,2.11653297663463e-09,1373.12109686281,0.261598307218542,89.1903317847018,33.0219542756507,0.676825970471077,29.4332688236012,0.811103880186509,4.51700135456669,3.71572634445831,33.0169552278618,0.891351366487771,4.51890050671025,4.36564672362234,40.5656293658913,0.884574528530035,21.9748392484272,6.32308620945496
470,316.499165883727,110.539769795028,25.0852083728266,29.3952190467965,25.8639156621176,23.0282746749603,357.548067363109,1.4735000824524e-09,33.1274771696185,0.403803451155909,1.82198860041068e-09,79.8627405547225,0.439412418475774,2.1866793198833e-09,2235.02906725704,0.193985463032997,8.15201768443832e-10,3448.88294816536,0.344043760066382,2.03932491789381e-09,1362.36854952116,0.305528858287964,106.376027891294,39.0920865632351,0.1488378271657,29.0606926787063,0.815872701460244,4.92360714625993,2.61153237485832,33.3769977266463,0.960523886687612,6.01746448657458,3.909682976667,41.6229717271483,0.936708745930102,24.492486597941,5.6822049067669
470,316.499165883727,110.539769795028,25.0852083728266,29.3952190467965,25.8639156621176,23.0282746749603,357.548067363109,1.4735000824524e-09,33.1274771696185,0.403803451155909,1.82198860041068e-09,79.8627405547225,0.439412418475774,2.1866793198833e-09,2235.02906725704,0.193985463032997,8.15201768443832e-10,3448.88294816536,0.344043760066382,2.03932491789381e-09,1362.36854952116,0.305528858287964,106.376027891294,39.0920865632351,0.1488378271657,29.0606926787063,0.815872701460244,4.92360714625993,2.61153237485832,33.3769977266463,0.960523886687612,6.01746448657458,3.909682976667,41.6229717271483,0.936708745930102,24.492486597941,5.6822049067669
471,384.332960764041,92.0604092836796,23.8347298611909,26.7900542483415,25.8271363259815,25.9895404024859,309.236163956591,1.50638447910682e-09,37.7440104148648,0.451569911111759,1.91755650128992e-09,60.9689226897668,0.368938603008379,2.35203467636271e-09,2763.49833539108,0.183532901812491,9.82775771987853e-10,2956.80548637213,0.323332672835898,2.33394390276297e-09,1314.3784970895,0.274528039959624,84.6080304272842,24.5900049122709,0.195312705816938,25.9142603372671,0.782945692820194,6.11400568013466,4.31074104481631,30.2825483547644,0.843816895767663,5.28859202236931,5.46462949492643,40.7055897463993,0.786791908528827,24.2536693803781,5.20853083576917
471,384.332960764041,92.0604092836796,23.8347298611909,26.7900542483415,25.8271363259815,25.9895404024859,309.236163956591,1.50638447910682e-09,37.7440104148648,0.451569911111759,1.91755650128992e-09,60.9689226897668,0.368938603008379,2.35203467636271e-09,2763.49833539108,0.183532901812491,9.82775771987853e-10,2956.80548637213,0.323332672835898,2.33394390276297e-09,1314.3784970895,0.274528039959624,84.6080304272842,24.5900049122709,0.195312705816938,25.9142603372671,0.782945692820194,6.11400568013466,4.31074104481631,30.2825483547644,0.843816895767663,5.28859202236931,5.46462949492643,40.7055897463993,0.786791908528827,24.2536693803781,5.20853083576917
472,332.855466466953,108.146343760139,29.5915112706535,24.7579191218598,23.5469547910346,20.017768986491,308.541057875393,1.72739120190123e-09,38.119551025676,0.467290330270791,1.81158719913505e-09,75.7384310574726,0.374510561375367,2.38260480741109e-09,2796.96724651413,0.184549498091935,1.11057608712249e-09,3359.89195958533,0.364071290075741,2.14515393536897e-09,1302.72762946286,0.271901475523614,100.152976974232,24.7241307959278,0.513009413952649,25.0017536902004,0.915988021074724,4.68904900480667,2.06205762117884,34.5826212893994,0.953720236693194,4.99700329525071,6.76445314468222,38.1789164517492,0.97914785862475,24.994815002467,7.22567604261322
472,332.855466466953,108.146343760139,29.5915112706535,24.7579191218598,23.5469547910346,20.017768986491,308.541057875393,1.72739120190123e-09,38.119551025676,0.467290330270791,1.81158719913505e-09,75.7384310574726,0.374510561375367,2.38260480741109e-09,2796.96724651413,0.184549498091935,1.11057608712249e-09,3359.89195958533,0.364071290075741,2.14515393536897e-09,1302.72762946286,0.271901475523614,100.152976974232,24.7241307959278,0.513009413952649,25.0017536902004,0.915988021074724,4.68904900480667,2.06205762117884,34.5826212893994,0.953720236693194,4.99700329525071,6.76445314468222,38.1789164517492,0.97914785862475,24.994815002467,7.22567604261322
473,399.952752279892,114.627491263531,26.9880950699471,27.6820191632653,24.9953039908473,21.7980197701286,327.573444842249,1.62948391676309e-09,30.2772188890809,0.406127513946037,1.87698066837456e-09,71.2703455102095,0.417357778539107,2.07350336820962e-09,2021.20383982038,0.193320320003324,1.01535667235226e-09,3438.83057593579,0.317856661965741,2.17081932666785e-09,1242.38481107267,0.308713518746515,106.761703617774,29.1153086026759,0.102148698740258,26.8579105812254,0.920099941611623,3.39809817768188,2.84398800390811,31.9855187334235,0.982770010250375,3.68489730775363,4.00791952571777,36.301066965323,0.916094080745453,21.4651015085516,4.47083970654035
473,399.952752279892,114.627491263531,26.9880950699471,27.6820191632653,24.9953039908473,21.7980197701286,327.573444842249,1.62948391676309e-09,30.2772188890809,0.406127513946037,1.87698066837456e-09,71.2703455102095,0.417357778539107,2.07350336820962e-09,2021.20383982038,0.193320320003324,1.01535667235226e-09,3438.83057593579,0.317856661965741,2.17081932666785e-09,1242.38481107267,0.308713518746515,106.761703617774,29.1153086026759,0.102148698740258,26.8579105812254,0.920099941611623,3.39809817768188,2.84398800390811,31.9855187334235,0.982770010250375,3.68489730775363,4.00791952571777,36.301066965323,0.916094080745453,21.4651015085516,4.47083970654035
474,346.894142773662,101.98767568467,24.6799436269307,20.1207584381879,22.4879788775035,27.8662230389364,372.200758730748,1.53246233232762e-09,31.5449526435125,0.465168269155114,1.70632634517695e-09,76.887017942626,0.35355055207556,2.11759096395273e-09,2379.77924934499,0.208741136006046,8.56714626441853e-10,3386.25224093347,0.338682625760179,2.30062986203248e-09,1327.87977949133,0.31798510775587,88.7069749447462,39.0657246828695,0.0702479378956544,24.8756911574034,0.958608065780683,6.94350163632648,3.13564837013631,33.5028430970562,0.806006464849272,4.3422798034166,5.8873358125375,35.36481989183,0.85147047073851,25.9161622525638,7.61850783301059
474,346.894142773662,101.98767568467,24.6799436269307,20.1207584381879,22.4879788775035,27.8662230389364,372.200758730748,1.53246233232762e-09,31.5449526435125,0.465168269155114,1.70632634517695e-09,76.887017942626,0.35355055207556,2.11759096395273e-09,2379.77924934499,0.208741136006046,8.56714626441853e-10,3386.25224093347,0.338682625760179,2.30062986203248e-09,1327.87977949133,0.31798510775587,88.7069749447462,39.0657246828695,0.0702479378956544,24.8756911574034,0.958608065780683,6.94350163632648,3.13564837013631,33.5028430970562,0.806006464849272,4.3422798034166,5.8873358125375,35.36481989183,0.85147047073851,25.9161622525638,7.61850783301059
475,388.729849228794,89.3538256765507,25.7047417067081,26.1352783560851,23.7924030166994,28.4116665118383,389.232729845243,1.68147963160915e-09,38.6208033641631,0.431319263436522,1.72473133622907e-09,76.0555807067399,0.384610042362321,2.35295235782935e-09,2669.74392725334,0.205175037728896,8.68765228575016e-10,3353.73506462209,0.34782072869541,2.3896281259856e-09,1313.54719013721,0.328198728324848,87.4463396898057,22.8865618806857,0.10066245160615,20.7371337470583,0.984329668214306,6.82982759074078,2.47456286858607,39.0020786298132,0.78317556963498,5.70930791234742,4.20560902750197,41.6188726465961,0.997778043916832,21.245643637787,6.69028635282906
475,388.729849228794,89.3538256765507,25.7047417067081,26.1352783560851,23.7924030166994,28.4116665118383,389.232729845243,1.68147963160915e-09,38.6208033641631,0.431319263436522,1.72473133622907e-09,76.0555807067399,0.384610042362321,2.35295235782935e-09,2669.74392725334,0.205175037728896,8.68765228575016e-10,3353.73506462209,0.34782072869541,2.3896281259856e-09,1313.54719013721,0.328198728324848,87.4463396898057,22.8865618806857,0.10066245160615,20.7371337470583,0.984329668214306,6.82982759074078,2.47456286858607,39.0020786298132,0.78317556963498,5.70930791234742,4.20560902750197,41.6188726465961,0.997778043916832,21.245643637787,6.69028635282906
476,375.658787439957,106.004401658369,20.093889716452,29.727096202765,29.2289173079089,21.4963741105538,352.921350479378,1.4005389475149e-09,36.4723008471093,0.470805033682262,1.63269918212919e-09,63.232567986868,0.364614325414539,2.22405499420736e-09,2315.27730703816,0.181186712465617,8.63995590827836e-10,3490.12879985869,0.323188407561506,2.33084189101026e-09,1216.32281831037,0.300068635105433,111.538542799441,39.8385718933809,0.72711529807571,29.0144710315133,0.979726013154684,3.19125267285801,2.4580587808655,31.2613890046758,0.81142596957596,5.56450119782037,3.5082463356109,42.322445947768,0.871059409339943,24.7514722600816,4.27421445974534
476,375.658787439957,106.004401658369,20.093889716452,29.727096202765,29.2289173079089,21.4963741105538,352.921350479378,1.4005389475149e-09,36.4723008471093,0.470805033682262,1.63269918212919e-09,63.232567986868,0.364614325414539,2.22405499420736e-09,2315.27730703816,0.181186712465617,8.63995590827836e-10,3490.12879985869,0.323188407561506,2.33084189101026e-09,1216.32281831037,0.300068635105433,111.538542799441,39.8385718933809,0.72711529807571,29.0144710315133,0.979726013154684,3.19125267285801,2.4580587808655,31.2613890046758,0.81142596957596,5.56450119782037,3.5082463356109,42.322445947768,0.871059409339943,24.7514722600816,4.27421445974534
477,334.86643782967,83.2626842018453,25.2563931992722,28.754621984393,23.922807725023,29.7951909339033,359.051365053872,1.40699506697551e-09,37.5202420068595,0.424611100290705,1.71101964665008e-09,70.4831345271318,0.422324549273619,2.39639472602587e-09,2652.66670229775,0.183428288144255,9.0098859982291e-10,3362.57133798369,0.374104497611747,2.28523350727678e-09,1593.00846287642,0.346158444783753,89.5153903506228,32.9292807531016,0.500316264249297,25.2706354272532,0.864453397689395,3.22127304188845,2.67456940245939,33.1500299343688,0.914255098156602,6.61188989623844,4.90531290192068,35.9977167601781,0.983267848812077,22.5455586466092,7.30141777798233
477,334.86643782967,83.2626842018453,25.2563931992722,28.754621984393,23.922807725023,29.7951909339033,359.051365053872,1.40699506697551e-09,37.5202420068595,0.424611100290705,1.71101964665008e-09,70.4831345271318,0.422324549273619,2.39639472602587e-09,2652.66670229775,0.183428288144255,9.0098859982291e-10,3362.57133798369,0.374104497611747,2.28523350727678e-09,1593.00846287642,0.346158444783753,89.5153903506228,32.9292807531016,0.500316264249297,25.2706354272532,0.864453397689395,3.22127304188845,2.67456940245939,33.1500299343688,0.914255098156602,6.61188989623844,4.90531290192068,35.9977167601781,0.983267848812077,22.5455586466092,7.30141777798233
478,356.143410674182,109.254085428896,20.2279154530537,23.0549654843802,20.2065612074907,22.8145711021467,360.532906657715,1.585490980314e-09,34.7944922159871,0.456706699354421,1.79238121058598e-09,75.5898536037299,0.394219365378245,2.17750291920878e-09,2698.81468035726,0.190867430464611,9.20354200445456e-10,2620.108573692,0.300272399259457,2.14363283298415e-09,1339.71980792504,0.257523505986417,113.188791670137,27.0629399762415,0.176729044497406,24.137622654237,0.905367456615155,6.38441119017381,3.00590992202674,35.599041927963,0.823737570857821,4.88982384924793,4.11549426106233,38.1870157290166,0.794655370972653,25.5182116645508,6.2048099588778
478,356.143410674182,109.254085428896,20.2279154530537,23.0549654843802,20.2065612074907,22.8145711021467,360.532906657715,1.585490980314e-09,34.7944922159871,0.456706699354421,1.79238121058598e-09,75.5898536037299,0.394219365378245,2.17750291920878e-09,2698.81468035726,0.190867430464611,9.20354200445456e-10,2620.108573692,0.300272399259457,2.14363283298415e-09,1339.71980792504,0.257523505986417,113.188791670137,27.0629399762415,0.176729044497406,24.137622654237,0.905367456615155,6.38441119017381,3.00590992202674,35.599041927963,0.823737570857821,4.88982384924793,4.11549426106233,38.1870157290166,0.794655370972653,25.5182116645508,6.2048099588778
479,329.858620623203,99.3666563397346,27.8938591210407,27.7120222718276,28.9046683874104,28.0220079703975,355.214503599318,1.70733001139908e-09,31.6399841012734,0.436342114858728,1.85531529867067e-09,68.5346335981256,0.41690592418007,2.43244342248161e-09,2532.05786131902,0.204287695195113,9.10528154837443e-10,3126.20193071726,0.331394523912594,2.13359657994698e-09,1463.91853402238,0.308315016333092,90.8141808935305,31.3357705069742,0.728892397193956,20.0771750534644,0.894810098145774,6.7592458778897,2.86878220243626,33.7695585414295,0.857492239398787,7.08027685327071,6.76977835786628,37.6336122516773,0.968430186869617,27.404574249506,4.7735153390199
479,329.858620623203,99.3666563397346,27.8938591210407,27.7120222718276,28.9046683874104,28.0220079703975,355.214503599318,1.70733001139908e-09,31.6399841012734,0.436342114858728,1.85531529867067e-09,68.5346335981256,0.41690592418007,2.43244342248161e-09,2532.05786131902,0.204287695195113,9.10528154837443e-10,3126.20193071726,0.331394523912594,2.13359657994698e-09,1463.91853402238,0.308315016333092,90.8141808935305,31.3357705069742,0.728892397193956,20.0771750534644,0.894810098145774,6.7592458778897,2.86878220243626,33.7695585414295,0.857492239398787,7.08027685327071,6.76977835786628,37.6336122516773,0.968430186869617,27.404574249506,4.7735153390199
480,375.329287632274,112.044159046092,20.8311280966795,27.097435964622,28.8999623973259,23.8019015680565,302.54062009839,1.78001393778626e-09,37.6335085034185,0.406973186713385,1.86460514629227e-09,69.5055908397781,0.388038025278614,2.10304974929594e-09,2532.38982510084,0.188900974018459,9.24528092128247e-10,2518.58837618593,0.376551997261842,2.29381543259629e-09,1445.56660098044,0.343125987557257,106.530665622233,27.6196032605163,0.639484315379925,24.7313716869121,0.856422230127312,5.78635870133383,2.49170809007716,33.8124619113602,0.985160317333238,7.26270672416622,4.29193105995029,42.9493932986739,0.812001153439134,20.2698283597173,6.991779823113
480,375.329287632274,112.044159046092,20.8311280966795,27.097435964622,28.8999623973259,23.8019015680565,302.54062009839,1.78001393778626e-09,37.6335085034185,0.406973186713385,1.86460514629227e-09,69.5055908397781,0.388038025278614,2.10304974929594e-09,2532.38982510084,0.188900974018459,9.24528092128247e-10,2518.58837618593,0.376551997261842,2.29381543259629e-09,1445.56660098044,0.343125987557257,106.530665622233,27.6196032605163,0.639484315379925,24.7313716869121,0.856422230127312,5.78635870133383,2.49170809007716,33.8124619113602,0.985160317333238,7.26270672416622,4.29193105995029,42.9493932986739,0.812001153439134,20.2698283597173,6.991779823113
481,308.80060627366,98.659310274097,26.998112293701,22.30010923644,26.1200020110469,26.3954941710021,315.15691141396,1.51739051986053e-09,38.8057418405735,0.47664951121032,1.63808043579341e-09,78.5533079059393,0.378912593300403,2.17254612679624e-09,2165.97319927194,0.195201006817449,1.09039339736661e-09,2502.75236476687,0.316929530381143,2.10384041096209e-09,1293.88610213999,0.318475290387029,112.865063686116,31.531645694066,0.275788680936524,23.2744430743741,0.875239744806375,6.01845087601842,4.47433391744153,37.2161630857535,0.786726119873067,5.09023107539025,4.32235380079235,36.3457076649745,0.99447377135935,20.6150226544116,6.04227674525394
481,308.80060627366,98.659310274097,26.998112293701,22.30010923644,26.1200020110469,26.3954941710021,315.15691141396,1.51739051986053e-09,38.8057418405735,0.47664951121032,1.63808043579341e-09,78.5533079059393,0.378912593300403,2.17254612679624e-09,2165.97319927194,0.195201006817449,1.09039339736661e-09,2502.75236476687,0.316929530381143,2.10384041096209e-09,1293.88610213999,0.318475290387029,112.865063686116,31.531645694066,0.275788680936524,23.2744430743741,0.875239744806375,6.01845087601842,4.47433391744153,37.2161630857535,0.786726119873067,5.09023107539025,4.32235380079235,36.3457076649745,0.99447377135935,20.6150226544116,6.04227674525394
482,367.847984838817,86.2417922742914,20.235152946892,27.3943631197245,23.3539258604461,20.2620168332528,357.926209522574,1.61061952097222e-09,38.7165516352905,0.440883352785163,1.66359456177074e-09,78.7268298921821,0.406600281584392,2.07155681628805e-09,2517.42199650061,0.217235155910645,1.11859316316912e-09,2930.03814310563,0.328691867256714,2.20487526969531e-09,1546.63591932296,0.333184106397488,94.4785219839395,27.8453465226618,0.160005916935812,29.1899125514354,0.797141811224798,3.95433101653043,2.52363765779467,31.1590811208645,0.881894674140709,3.91299286174993,4.84998248307332,41.8180716944029,0.919945848299251,26.9013131555407,7.55087362806201
482,367.847984838817,86.2417922742914,20.235152946892,27.3943631197245,23.3539258604461,20.2620168332528,357.926209522574,1.61061952097222e-09,38.7165516352905,0.440883352785163,1.66359456177074e-09,78.7268298921821,0.406600281584392,2.07155681628805e-09,2517.42199650061,0.217235155910645,1.11859316316912e-09,2930.03814310563,0.328691867256714,2.20487526969531e-09,1546.63591932296,0.333184106397488,94.4785219839395,27.8453465226618,0.160005916935812,29.1899125514354,0.797141811224798,3.95433101653043,2.52363765779467,31.1590811208645,0.881894674140709,3.91299286174993,4.84998248307332,41.8180716944029,0.919945848299251,26.9013131555407,7.55087362806201
483,363.202674965393,98.427324378218,29.2283328510928,29.2424580728891,28.6630917607947,24.6756966489583,342.319420528261,1.67992422364767e-09,30.3943911344652,0.436504951119801,1.94603652364549e-09,63.9996024700646,0.400548651937978,2.03344089788588e-09,2188.66370872953,0.213970277353655,1.03297342298866e-09,3399.51283578253,0.33005644961996,2.39887668588112e-09,1471.22914619253,0.296896738601623,111.400775092563,27.7478178258617,0.706444086677009,29.0438289831914,0.967300412175544,6.78775965821321,2.02755175423781,31.0894848171896,0.874192714516521,3.69908880081141,5.08564491423028,37.3806909045719,0.855967034003222,22.8078563995927,5.59068226570963
483,363.202674965393,98.427324378218,29.2283328510928,29.2424580728891,28.6630917607947,24.6756966489583,342.319420528261,1.67992422364767e-09,30.3943911344652,0.436504951119801,1.94603652364549e-09,63.9996024700646,0.400548651937978,2.03344089788588e-09,2188.66370872953,0.213970277353655,1.03297342298866e-09,3399.51283578253,0.33005644961996,2.39887668588112e-09,1471.22914619253,0.296896738601623,111.400775092563,27.7478178258617,0.706444086677009,29.0438289831914,0.967300412175544,6.78775965821321,2.02755175423781,31.0894848171896,0.874192714516521,3.69908880081141,5.08564491423028,37.3806909045719,0.855967034003222,22.8078563995927,5.59068226570963
484,329.141708797403,114.221775801344,20.7075173007212,23.26566096564,20.0338443927362,20.5134953752184,383.620240517008,1.7168702415194e-09,38.5451900794164,0.47928594445493,1.69017141611783e-09,65.6358098094971,0.438187466368243,2.57843998062846e-09,2578.16468995391,0.202892017551632,9.48261767176109e-10,2992.22704150394,0.379455038127423,2.33630413941364e-09,1432.4544413448,0.3308678157948,110.611819810474,38.470921169083,0.380350812455288,25.369407621676,0.926439420285224,7.87339108853452,2.11359181704507,39.0683361204285,0.93373495790503,7.34779636750141,5.00777381950203,42.624965966661,0.998035196519772,22.1626092011296,5.83749929700662
484,329.141708797403,114.221775801344,20.7075173007212,23.26566096564,20.0338443927362,20.5134953752184,383.620240517008,1.7168702415194e-09,38.5451900794164,0.47928594445493,1.69017141611783e-09,65.6358098094971,0.438187466368243,2.57843998062846e-09,2578.16468995391,0.202892017551632,9.48261767176109e-10,2992.22704150394,0.379455038127423,2.33630413941364e-09,1432.4544413448,0.3308678157948,110.611819810474,38.470921169083,0.380350812455288,25.369407621676,0.926439420285224,7.87339108853452,2.11359181704507,39.0683361204285,0.93373495790503,7.34779636750141,5.00777381950203,42.624965966661,0.998035196519772,22.1626092011296,5.83749929700662
485,385.025082919499,119.089330725063,29.8013045499831,27.2735037899913,28.0733885349246,21.081052471017,357.937898741373,1.72843704070379e-09,36.9878968435919,0.421712960212812,1.95625986167332e-09,79.3285747314533,0.42898173801359,2.59838964477909e-09,2053.8896738488,0.182943860770427,1.00538551054416e-09,3183.03929685957,0.335736257528883,2.1461053497451e-09,1211.57805246507,0.293929414075239,102.890685082777,27.8119450765734,0.901436910160197,23.5546147980767,0.83181131802837,5.43008467504357,3.37780278332877,37.9815319718401,0.989317757377581,5.978831157045,6.55815332991598,39.3799462265546,0.910102913372323,25.9085735720749,7.9748583518734
485,385.025082919499,119.089330725063,29.8013045499831,27.2735037899913,28.0733885349246,21.081052471017,357.937898741373,1.72843704070379e-09,36.9878968435919,0.421712960212812,1.95625986167332e-09,79.3285747314533,0.42898173801359,2.59838964477909e-09,2053.8896738488,0.182943860770427,1.00538551054416e-09,3183.03929685957,0.335736257528883,2.1461053497451e-09,1211.57805246507,0.293929414075239,102.890685082777,27.8119450765734,0.901436910160197,23.5546147980767,0.83181131802837,5.43008467504357,3.37780278332877,37.9815319718401,0.989317757377581,5.978831157045,6.55815332991598,39.3799462265546,0.910102913372323,25.9085735720749,7.9748583518734
486,378.112541251133,95.4032284497243,27.4039300999549,29.5939084543737,23.0381233418416,22.2021355785124,362.904549918188,1.62067425464897e-09,38.1168738514428,0.449099005638657,1.85463439575889e-09,60.4172600236012,0.414826591997301,2.04902770198671e-09,2511.8837076732,0.199426329022088,9.70839905146902e-10,3090.60171442294,0.310607980042575,2.15131714390624e-09,1481.04415900303,0.291923552760321,119.718746237511,29.8544478400271,0.956940483743509,25.3733138612858,0.911818202497407,5.52829948814705,3.25570817566385,33.3943995462889,0.943600012917565,7.34293131771298,3.42638915368911,42.5789980053265,0.89036533448383,23.5095127908395,6.76279558257494
486,378.112541251133,95.4032284497243,27.4039300999549,29.5939084543737,23.0381233418416,22.2021355785124,362.904549918188,1.62067425464897e-09,38.1168738514428,0.449099005638657,1.85463439575889e-09,60.4172600236012,0.414826591997301,2.04902770198671e-09,2511.8837076732,0.199426329022088,9.70839905146902e-10,3090.60171442294,0.310607980042575,2.15131714390624e-09,1481.04415900303,0.291923552760321,119.718746237511,29.8544478400271,0.956940483743509,25.3733138612858,0.911818202497407,5.52829948814705,3.25570817566385,33.3943995462889,0.943600012917565,7.34293131771298,3.42638915368911,42.5789980053265,0.89036533448383,23.5095127908395,6.76279558257494
487,363.78202600221,87.5003457680314,25.5277197546213,25.986111981848,22.6920786655698,22.1658477225297,379.399670446416,1.76422909655265e-09,32.3260284959613,0.434453546216947,1.81147232428592e-09,67.0820768375289,0.371632215924842,2.01059746522022e-09,2218.17257328535,0.219504793885776,8.05408223194737e-10,3457.1476124201,0.360802994299283,2.38037079185581e-09,1521.93439558084,0.304009023055424,107.528851897548,26.7420949858123,0.069739314494098,27.5593715033603,0.942846361301142,6.77529885345896,4.48162688731959,30.2006836659237,0.883506798045684,5.86971863455504,4.86657399095573,36.9676309406515,0.845235920840968,20.2914823520072,5.29407215512659
487,363.78202600221,87.5003457680314,25.5277197546213,25.986111981848,22.6920786655698,22.1658477225297,379.399670446416,1.76422909655265e-09,32.3260284959613,0.434453546216947,1.81147232428592e-09,67.0820768375289,0.371632215924842,2.01059746522022e-09,2218.17257328535,0.219504793885776,8.05408223194737e-10,3457.1476124201,0.360802994299283,2.38037079185581e-09,1521.93439558084,0.304009023055424,107.528851897548,26.7420949858123,0.069739314494098,27.5593715033603,0.942846361301142,6.77529885345896,4.48162688731959,30.2006836659237,0.883506798045684,5.86971863455504,4.86657399095573,36.9676309406515,0.845235920840968,20.2914823520072,5.29407215512659
488,384.251819853573,94.0888527936998,29.3539499074507,25.3273387635145,20.8487814705913,28.0173353693989,382.919068378825,1.64392111035475e-09,35.941745516356,0.458182034638859,1.95418666999726e-09,78.0521513004319,0.350047704596579,2.25527320601844e-09,2184.92001897419,0.211317186362587,1.18802280851467e-09,3294.17228928474,0.33306187177989,2.05795103040834e-09,1438.75951750161,0.278012949059216,103.681130573274,38.2399880940053,0.73015983938488,22.6263763199638,0.916782480420425,4.13056520048448,2.88156999573725,32.2179977006632,0.848943878426919,3.12821127797951,4.11229858316339,42.4102422766659,0.838354223405539,21.1395927196172,5.75598626733816
488,384.251819853573,94.0888527936998,29.3539499074507,25.3273387635145,20.8487814705913,28.0173353693989,382.919068378825,1.64392111035475e-09,35.941745516356,0.458182034638859,1.95418666999726e-09,78.0521513004319,0.350047704596579,2.25527320601844e-09,2184.92001897419,0.211317186362587,1.18802280851467e-09,3294.17228928474,0.33306187177989,2.05795103040834e-09,1438.75951750161,0.278012949059216,103.681130573274,38.2399880940053,0.73015983938488,22.6263763199638,0.916782480420425,4.13056520048448,2.88156999573725,32.2179977006632,0.848943878426919,3.12821127797951,4.11229858316339,42.4102422766659,0.838354223405539,21.1395927196172,5.75598626733816
489,327.012709000587,114.258138631811,29.2679604685824,22.4151420329639,24.683752470531,28.693915406158,317.440508410636,1.50327922434271e-09,36.5932783575729,0.411826083263566,1.68893899948119e-09,63.8785591351177,0.404954771331875,2.14823715201409e-09,2230.11659105451,0.182985201023119,8.87283537067571e-10,2832.96964800689,0.362453818532974,2.25473888671389e-09,1573.48356186171,0.310271781023431,89.7817975867044,34.2941329339695,0.945782136853669,29.9770699985778,0.780653001019261,4.31677415058201,2.17628529452808,30.9469096011256,0.81158808889042,4.71806161840889,3.21670415325961,37.7213659048195,0.905416995165744,27.202390490112,7.3077413369111
489,327.012709000587,114.258138631811,29.2679604685824,22.4151420329639,24.683752470531,28.693915406158,317.440508410636,1.50327922434271e-09,36.5932783575729,0.411826083263566,1.68893899948119e-09,63.8785591351177,0.404954771331875,2.14823715201409e-09,2230.11659105451,0.182985201023119,8.87283537067571e-10,2832.96964800689,0.362453818532974,2.25473888671389e-09,1573.48356186171,0.310271781023431,89.7817975867044,34.2941329339695,0.945782136853669,29.9770699985778,0.780653001019261,4.31677415058201,2.17628529452808,30.9469096011256,0.81158808889042,4.71806161840889,3.21670415325961,37.7213659048195,0.905416995165744,27.202390490112,7.3077413369111
490,341.707137518813,103.30521785296,29.2727185587596,23.8000738846798,22.6658417359398,20.9609924151371,300.446978795506,1.65480967572899e-09,31.0861375086701,0.46213584440125,1.7127054164873e-09,73.7160762660659,0.400307283564862,2.53352853270289e-09,2652.79060497532,0.19239847988563,8.54693448042869e-10,2573.66017860977,0.383154448093691,2.12780882285236e-09,1275.76678258617,0.343131247116203,83.8881643509431,31.5140412914898,0.153998279237219,22.0106087598408,0.980136122583751,6.58143183396437,4.21794702502013,38.5135131929521,0.968839089736318,4.81771346218837,4.16069332507438,35.9522145607528,0.787525655394872,25.6286561684396,4.58448847406054
490,341.707137518813,103.30521785296,29.2727185587596,23.8000738846798,22.6658417359398,20.9609924151371,300.446978795506,1.65480967572899e-09,31.0861375086701,0.46213584440125,1.7127054164873e-09,73.7160762660659,0.400307283564862,2.53352853270289e-09,2652.79060497532,0.19239847988563,8.54693448042869e-10,2573.66017860977,0.383154448093691,2.12780882285236e-09,1275.76678258617,0.343131247116203,83.8881643509431,31.5140412914898,0.153998279237219,22.0106087598408,0.980136122583751,6.58143183396437,4.21794702502013,38.5135131929521,0.968839089736318,4.81771346218837,4.16069332507438,35.9522145607528,0.787525655394872,25.6286561684396,4.58448847406054
491,387.140325636142,114.008957350661,24.0030449348534,22.0436558539353,27.4567919251506,26.0617528449383,365.932155867284,1.50551906736958e-09,37.3301434394563,0.40153411826735,1.86416126754185e-09,74.3576007410583,0.374939319925607,2.27370848956491e-09,2130.87454080762,0.195388402649163,1.00596271110151e-09,3360.93141076725,0.335005210158534,2.10829700391503e-09,1285.90584859666,0.254222370261594,104.302594618258,27.4076384739712,0.778732674727697,26.5005750250676,0.810089229412385,5.84236657493235,2.53943512351491,37.4461862678418,0.894355804977078,7.2206045217818,5.63857454206308,39.632601203663,0.818761665437306,25.2363536617797,6.54843626397334
491,387.140325636142,114.008957350661,24.0030449348534,22.0436558539353,27.4567919251506,26.0617528449383,365.932155867284,1.50551906736958e-09,37.3301434394563,0.40153411826735,1.86416126754185e-09,74.3576007410583,0.374939319925607,2.27370848956491e-09,2130.87454080762,0.195388402649163,1.00596271110151e-09,3360.93141076725,0.335005210158534,2.10829700391503e-09,1285.90584859666,0.254222370261594,104.302594618258,27.4076384739712,0.778732674727697,26.5005750250676,0.810089229412385,5.84236657493235,2.53943512351491,37.4461862678418,0.894355804977078,7.2206045217818,5.63857454206308,39.632601203663,0.818761665437306,25.2363536617797,6.54843626397334
492,383.025339557633,108.099602024273,22.7807286387926,29.5441223894507,27.9345906010459,24.5972568619194,325.178370059833,1.52904751340169e-09,39.2942414498867,0.475822339813284,1.61820361303411e-09,61.4263465028912,0.420834991016676,2.40825740998513e-09,2048.69244058195,0.187672213995974,8.35994695705624e-10,3181.97882942514,0.308703047914255,2.07437620902678e-09,1583.96311013968,0.314955685981564,94.7765387918622,25.7120644938773,0.108027377432224,25.1492500115403,0.874597150371173,7.22938418878078,4.51238871554986,38.4473161223031,0.957224783923401,5.12174787236555,3.92570350366562,35.1508445175858,0.856607240882414,29.5593798812173,5.09499472442443
492,383.025339557633,108.099602024273,22.7807286387926,29.5441223894507,27.9345906010459,24.5972568619194,325.178370059833,1.52904751340169e-09,39.2942414498867,0.475822339813284,1.61820361303411e-09,61.4263465028912,0.420834991016676,2.40825740998513e-09,2048.69244058195,0.187672213995974,8.35994695705624e-10,3181.97882942514,0.308703047914255,2.07437620902678e-09,1583.96311013968,0.314955685981564,94.7765387918622,25.7120644938773,0.108027377432224,25.1492500115403,0.874597150371173,7.22938418878078,4.51238871554986,38.4473161223031,0.957224783923401,5.12174787236555,3.92570350366562,35.1508445175858,0.856607240882414,29.5593798812173,5.09499472442443
493,307.355556434389,93.7808546942138,29.2689510453761,29.0272664089495,21.7239403004318,26.5981604731729,347.566086989364,1.74673666361535e-09,37.7570251740412,0.450324020791098,1.69310825563448e-09,62.196261224017,0.362355147031871,2.21946423904714e-09,2412.35567913074,0.214454685961541,1.05693524065823e-09,3372.61748208284,0.389918344922738,2.01847186210044e-09,1307.18973370657,0.340264243545736,119.534269051185,34.2974773116338,0.14625167155329,29.1661653473203,0.902993066175688,6.66495965771092,3.34009602088633,34.9097684538365,0.984208639461109,3.02941393862775,5.72068284974484,42.2598204481679,0.972221694925139,29.7184226090592,5.54998523884205
493,307.355556434389,93.7808546942138,29.2689510453761,29.0272664089495,21.7239403004318,26.5981604731729,347.566086989364,1.74673666361535e-09,37.7570251740412,0.450324020791098,1.69310825563448e-09,62.196261224017,0.362355147031871,2.21946423904714e-09,2412.35567913074,0.214454685961541,1.05693524065823e-09,3372.61748208284,0.389918344922738,2.01847186210044e-09,1307.18973370657,0.340264243545736,119.534269051185,34.2974773116338,0.14625167155329,29.1661653473203,0.902993066175688,6.66495965771092,3.34009602088633,34.9097684538365,0.984208639461109,3.02941393862775,5.72068284974484,42.2598204481679,0.972221694925139,29.7184226090592,5.54998523884205
494,378.977905694427,112.077298270753,26.4201322776716,21.759155369368,20.6673911165558,21.4991720852011,361.268909738061,1.52012645379595e-09,33.0714071519764,0.466282752528587,1.7326719280975e-09,68.8576366858213,0.421427303617336,2.10672184096141e-09,2467.21223960691,0.210818162299768,9.54144220626884e-10,2791.38058673432,0.339819470224469,2.14377616922654e-09,1249.55029343637,0.283890724098706,113.328695856882,22.3622669389015,0.159701236919363,21.6578751823952,0.904012750047749,7.24438728109219,3.63683388938394,33.4071121972784,0.880404909760233,7.51306265925882,5.56541568503375,41.1230035333141,0.855515223549206,26.5069367692242,7.29247974762606
494,378.977905694427,112.077298270753,26.4201322776716,21.759155369368,20.6673911165558,21.4991720852011,361.268909738061,1.52012645379595e-09,33.0714071519764,0.466282752528587,1.7326719280975e-09,68.8576366858213,0.421427303617336,2.10672184096141e-09,2467.21223960691,0.210818162299768,9.54144220626884e-10,2791.38058673432,0.339819470224469,2.14377616922654e-09,1249.55029343637,0.283890724098706,113.328695856882,22.3622669389015,0.159701236919363,21.6578751823952,0.904012750047749,7.24438728109219,3.63683388938394,33.4071121972784,0.880404909760233,7.51306265925882,5.56541568503375,41.1230035333141,0.855515223549206,26.5069367692242,7.29247974762606
495,379.680461237176,95.3890206941474,20.93130651517,28.4666930969261,22.6024843966945,21.5580193645537,392.184354131407,1.73374501866948e-09,30.8119779606579,0.456724389612689,1.71159006953449e-09,61.6889994705624,0.419265527424429,2.50773615310251e-09,2399.79304263137,0.20428519524395,1.18619881809482e-09,2983.94621104313,0.332562580114464,2.38956789456946e-09,1375.38317343771,0.34896923461278,82.7903590790869,32.1918774847888,0.76944349468516,20.3079449674749,0.888854777166105,6.49678665906575,4.63171589637303,31.1836927023515,0.877711036780401,6.26715139756565,4.66851094705687,44.3132976135753,0.913806375329438,22.5481400597462,7.00372415931959
495,379.680461237176,95.3890206941474,20.93130651517,28.4666930969261,22.6024843966945,21.5580193645537,392.184354131407,1.73374501866948e-09,30.8119779606579,0.456724389612689,1.71159006953449e-09,61.6889994705624,0.419265527424429,2.50773615310251e-09,2399.79304263137,0.20428519524395,1.18619881809482e-09,2983.94621104313,0.332562580114464,2.38956789456946e-09,1375.38317343771,0.34896923461278,82.7903590790869,32.1918774847888,0.76944349468516,20.3079449674749,0.888854777166105,6.49678665906575,4.63171589637303,31.1836927023515,0.877711036780401,6.26715139756565,4.66851094705687,44.3132976135753,0.913806375329438,22.5481400597462,7.00372415931959
496,361.369781831088,101.656886470779,28.8630569593092,23.7558184820373,22.8356968456309,23.9367972456103,379.465133671405,1.69718861992824e-09,35.839821502133,0.407488040174193,1.99756565489051e-09,62.4243999822261,0.434874986769372,2.05630096925352e-09,2343.33301450753,0.182591837074624,1.18766162522188e-09,3105.8529731644,0.345304930112019,2.39817029870281e-09,1294.30559703676,0.309467444518959,105.371050392729,27.3544739435767,0.0747514560315382,28.0042336182619,0.995658519772539,6.87346762441072,4.52302402306238,39.7125559146758,0.900259683549184,5.97615667515955,4.21696435394659,35.3822886112882,0.862563586942304,24.3273815906293,5.76348529297648
496,361.369781831088,101.656886470779,28.8630569593092,23.7558184820373,22.8356968456309,23.9367972456103,379.465133671405,1.69718861992824e-09,35.839821502133,0.407488040174193,1.99756565489051e-09,62.4243999822261,0.434874986769372,2.05630096925352e-09,2343.33301450753,0.182591837074624,1.18766162522188e-09,3105.8529731644,0.345304930112019,2.39817029870281e-09,1294.30559703676,0.309467444518959,105.371050392729,27.3544739435767,0.0747514560315382,28.0042336182619,0.995658519772539,6.87346762441072,4.52302402306238,39.7125559146758,0.900259683549184,5.97615667515955,4.21696435394659,35.3822886112882,0.862563586942304,24.3273815906293,5.76348529297648
497,396.513962519347,117.178545082425,26.603055511376,23.2206766641041,20.7858881019186,29.060315210379,350.002596371804,1.63499635363474e-09,37.6917202018222,0.459748969712924,1.74709974757731e-09,75.8544347362812,0.402748164987523,2.026566792605e-09,2503.67715749147,0.201108655918706,8.64103609708284e-10,2530.57152158716,0.386588891281303,2.05300148448146e-09,1209.34666434927,0.253765966191119,96.7736850468052,38.8921980778946,0.234492354533285,25.0528922327742,0.794477682237207,4.83381623186179,4.06502162735304,31.8926437688488,0.943390158936508,4.05754371687216,6.90841009038559,42.5684644657054,0.912285799195196,20.0388628359602,6.64493920593552
497,396.513962519347,117.178545082425,26.603055511376,23.2206766641041,20.7858881019186,29.060315210379,350.002596371804,1.63499635363474e-09,37.6917202018222,0.459748969712924,1.74709974757731e-09,75.8544347362812,0.402748164987523,2.026566792605e-09,2503.67715749147,0.201108655918706,8.64103609708284e-10,2530.57152158716,0.386588891281303,2.05300148448146e-09,1209.34666434927,0.253765966191119,96.7736850468052,38.8921980778946,0.234492354533285,25.0528922327742,0.794477682237207,4.83381623186179,4.06502162735304,31.8926437688488,0.943390158936508,4.05754371687216,6.90841009038559,42.5684644657054,0.912285799195196,20.0388628359602,6.64493920593552
498,390.512396189058,91.2278563200596,25.9060296523123,27.4968947616382,28.5207499366191,27.3438583793323,330.082430586728,1.53901034456378e-09,36.1952965632556,0.420136548317913,1.79604260821628e-09,78.1240357839224,0.419893488113679,2.26797091923033e-09,2075.45231942386,0.206619686798986,9.28191135433825e-10,2763.06007309807,0.393822561714798,2.37781889106117e-09,1274.21368297434,0.315671013115996,100.457833928284,23.1377013113949,0.225997623477344,29.9360080780994,0.984591080382976,5.62186506601607,2.44469113781489,39.588835621927,0.898825085080944,5.41041223970996,4.34655068207773,37.4292176857672,0.815733230787102,29.6692912874848,6.70603987017602
498,390.512396189058,91.2278563200596,25.9060296523123,27.4968947616382,28.5207499366191,27.3438583793323,330.082430586728,1.53901034456378e-09,36.1952965632556,0.420136548317913,1.79604260821628e-09,78.1240357839224,0.419893488113679,2.26797091923033e-09,2075.45231942386,0.206619686798986,9.28191135433825e-10,2763.06007309807,0.393822561714798,2.37781889106117e-09,1274.21368297434,0.315671013115996,100.457833928284,23.1377013113949,0.225997623477344,29.9360080780994,0.984591080382976,5.62186506601607,2.44469113781489,39.588835621927,0.898825085080944,5.41041223970996,4.34655068207773,37.4292176857672,0.815733230787102,29.6692912874848,6.70603987017602
499,300.849721209948,99.9029535737003,29.297071959595,27.5386640150356,20.4571743997586,27.2784723511226,348.277998467446,1.42272024508993e-09,37.0716514792478,0.478970582646338,1.81959338200879e-09,69.5469734750599,0.365565655826478,2.59882843571947e-09,2059.04123972087,0.190881157144059,1.19862037897392e-09,3211.97252120849,0.343306067442791,2.12685122898382e-09,1529.03646913648,0.327111714623567,96.8163344210504,33.4303153309212,0.549527145206947,21.7560371060405,0.939258102768439,5.92561006697235,2.88832040369258,31.1162026032129,0.928772807635195,3.00658869213154,6.83795683427306,36.4468218055968,0.887795997729416,25.3352316148547,5.71542057608737
499,300.849721209948,99.9029535737003,29.297071959595,27.5386640150356,20.4571743997586,27.2784723511226,348.277998467446,1.42272024508993e-09,37.0716514792478,0.478970582646338,1.81959338200879e-09,69.5469734750599,0.365565655826478,2.59882843571947e-09,2059.04123972087,0.190881157144059,1.19862037897392e-09,3211.97252120849,0.343306067442791,2.12685122898382e-09,1529.03646913648,0.327111714623567,96.8163344210504,33.4303153309212,0.549527145206947,21.7560371060405,0.939258102768439,5.92561006697235,2.88832040369258,31.1162026032129,0.928772807635195,3.00658869213154,6.83795683427306,36.4468218055968,0.887795997729416,25.3352316148547,5.71542057608737
500,339.053745765006,115.799931771668,25.572073496663,24.3305447306027,27.7617592493519,28.7189660378521,340.611850302371,1.68705633912154e-09,33.3013184650089,0.425152750283732,1.61402854896392e-09,67.4328948380196,0.358051296717175,2.16410803999483e-09,2155.94426716816,0.189101955960768,1.09951645075568e-09,3434.86454417517,0.343765967184108,2.1523332252212e-09,1555.76914501773,0.299635781554687,83.2643262498851,28.9645517178074,0.830210183893055,29.5798463495269,0.973265968275066,4.81727223450739,4.84199856202914,37.7978476106298,0.91962448970177,4.00362434222539,5.04737636816849,40.164989136559,0.958349207946244,22.9173335170873,7.32166288822881
500,339.053745765006,115.799931771668,25.572073496663,24.3305447306027,27.7617592493519,28.7189660378521,340.611850302371,1.68705633912154e-09,33.3013184650089,0.425152750283732,1.61402854896392e-09,67.4328948380196,0.358051296717175,2.16410803999483e-09,2155.94426716816,0.189101955960768,1.09951645075568e-09,3434.86454417517,0.343765967184108,2.1523332252212e-09,1555.76914501773,0.299635781554687,83.2643262498851,28.9645517178074,0.830210183893055,29.5798463495269,0.973265968275066,4.81727223450739,4.84199856202914,37.7978476106298,0.91962448970177,4.00362434222539,5.04737636816849,40.164989136559,0.958349207946244,22.9173335170873,7.32166288822881
